item_code,item_name,category,cghs_rate,std_dev
CGHS_CONS_00001,Standard OPD Routine Consultation - General Medicine,Consultation,331.73,28.35
CGHS_CONS_00002,Follow-Up OPD Routine Consultation - General Medicine,Consultation,288.0,31.12
CGHS_CONS_00003,Emergency Hours OPD Routine Consultation - General Medicine,Consultation,343.38,37.47
CGHS_CONS_00004,VIP Care OPD Routine Consultation - General Medicine,Consultation,362.06,29.22
CGHS_CONS_00005,Weekend Special OPD Routine Consultation - General Medicine,Consultation,305.63,28.42
CGHS_CONS_00006,Standard OPD Specialist Consultation - General Medicine,Consultation,468.73,50.11
CGHS_CONS_00007,Follow-Up OPD Specialist Consultation - General Medicine,Consultation,430.31,43.98
CGHS_CONS_00008,Emergency Hours OPD Specialist Consultation - General Medicine,Consultation,554.98,50.9
CGHS_CONS_00009,VIP Care OPD Specialist Consultation - General Medicine,Consultation,469.09,51.79
CGHS_CONS_00010,Weekend Special OPD Specialist Consultation - General Medicine,Consultation,586.89,40.13
CGHS_CONS_00011,Standard OPD Super Specialist Consultation - General Medicine,Consultation,937.86,86.34
CGHS_CONS_00012,Follow-Up OPD Super Specialist Consultation - General Medicine,Consultation,788.88,68.98
CGHS_CONS_00013,Emergency Hours OPD Super Specialist Consultation - General Medicine,Consultation,986.31,74.77
CGHS_CONS_00014,VIP Care OPD Super Specialist Consultation - General Medicine,Consultation,709.68,67.09
CGHS_CONS_00015,Weekend Special OPD Super Specialist Consultation - General Medicine,Consultation,951.2,83.32
CGHS_CONS_00016,Standard IPD Specialist Visit per day - General Medicine,Consultation,703.71,65.51
CGHS_CONS_00017,Follow-Up IPD Specialist Visit per day - General Medicine,Consultation,638.69,71.35
CGHS_CONS_00018,Emergency Hours IPD Specialist Visit per day - General Medicine,Consultation,600.85,61.25
CGHS_CONS_00019,VIP Care IPD Specialist Visit per day - General Medicine,Consultation,709.06,62.84
CGHS_CONS_00020,Weekend Special IPD Specialist Visit per day - General Medicine,Consultation,716.81,61.86
CGHS_CONS_00021,Standard IPD ICU Consultant Visit - General Medicine,Consultation,1358.19,122.75
CGHS_CONS_00022,Follow-Up IPD ICU Consultant Visit - General Medicine,Consultation,1129.39,137.36
CGHS_CONS_00023,Emergency Hours IPD ICU Consultant Visit - General Medicine,Consultation,1058.3,133.97
CGHS_CONS_00024,VIP Care IPD ICU Consultant Visit - General Medicine,Consultation,1068.48,136.68
CGHS_CONS_00025,Weekend Special IPD ICU Consultant Visit - General Medicine,Consultation,1325.13,141.89
CGHS_CONS_00026,Standard Emergency Triage Consultation - General Medicine,Consultation,748.55,66.29
CGHS_CONS_00027,Follow-Up Emergency Triage Consultation - General Medicine,Consultation,717.59,88.1
CGHS_CONS_00028,Emergency Hours Emergency Triage Consultation - General Medicine,Consultation,831.91,78.27
CGHS_CONS_00029,VIP Care Emergency Triage Consultation - General Medicine,Consultation,688.84,81.87
CGHS_CONS_00030,Weekend Special Emergency Triage Consultation - General Medicine,Consultation,686.52,71.38
CGHS_CONS_00031,Standard Senior Consultant Review - General Medicine,Consultation,1121.23,95.04
CGHS_CONS_00032,Follow-Up Senior Consultant Review - General Medicine,Consultation,965.5,96.65
CGHS_CONS_00033,Emergency Hours Senior Consultant Review - General Medicine,Consultation,1068.43,99.94
CGHS_CONS_00034,VIP Care Senior Consultant Review - General Medicine,Consultation,847.46,73.16
CGHS_CONS_00035,Weekend Special Senior Consultant Review - General Medicine,Consultation,878.56,81.64
CGHS_CONS_00036,Standard Teleconsultation Session - General Medicine,Consultation,373.76,47.09
CGHS_CONS_00037,Follow-Up Teleconsultation Session - General Medicine,Consultation,480.22,37.03
CGHS_CONS_00038,Emergency Hours Teleconsultation Session - General Medicine,Consultation,444.87,38.33
CGHS_CONS_00039,VIP Care Teleconsultation Session - General Medicine,Consultation,486.33,39.34
CGHS_CONS_00040,Weekend Special Teleconsultation Session - General Medicine,Consultation,382.38,35.95
CGHS_CONS_00041,Standard Pre-Operative Evaluation - General Medicine,Consultation,698.46,58.83
CGHS_CONS_00042,Follow-Up Pre-Operative Evaluation - General Medicine,Consultation,704.49,75.34
CGHS_CONS_00043,Emergency Hours Pre-Operative Evaluation - General Medicine,Consultation,656.34,57.7
CGHS_CONS_00044,VIP Care Pre-Operative Evaluation - General Medicine,Consultation,811.86,65.25
CGHS_CONS_00045,Weekend Special Pre-Operative Evaluation - General Medicine,Consultation,576.14,53.23
CGHS_CONS_00046,Standard Post-Operative Followup - General Medicine,Consultation,312.85,36.78
CGHS_CONS_00047,Follow-Up Post-Operative Followup - General Medicine,Consultation,408.39,33.91
CGHS_CONS_00048,Emergency Hours Post-Operative Followup - General Medicine,Consultation,306.39,33.34
CGHS_CONS_00049,VIP Care Post-Operative Followup - General Medicine,Consultation,436.96,35.41
CGHS_CONS_00050,Weekend Special Post-Operative Followup - General Medicine,Consultation,433.45,40.05
CGHS_CONS_00051,Standard OPD Routine Consultation - Cardiology,Consultation,256.38,38.09
CGHS_CONS_00052,Follow-Up OPD Routine Consultation - Cardiology,Consultation,336.81,35.52
CGHS_CONS_00053,Emergency Hours OPD Routine Consultation - Cardiology,Consultation,287.02,36.97
CGHS_CONS_00054,VIP Care OPD Routine Consultation - Cardiology,Consultation,268.39,34.09
CGHS_CONS_00055,Weekend Special OPD Routine Consultation - Cardiology,Consultation,309.45,41.35
CGHS_CONS_00056,Standard OPD Specialist Consultation - Cardiology,Consultation,600.17,45.27
CGHS_CONS_00057,Follow-Up OPD Specialist Consultation - Cardiology,Consultation,525.12,43.57
CGHS_CONS_00058,Emergency Hours OPD Specialist Consultation - Cardiology,Consultation,607.53,57.41
CGHS_CONS_00059,VIP Care OPD Specialist Consultation - Cardiology,Consultation,484.69,52.78
CGHS_CONS_00060,Weekend Special OPD Specialist Consultation - Cardiology,Consultation,546.79,43.06
CGHS_CONS_00061,Standard OPD Super Specialist Consultation - Cardiology,Consultation,924.0,81.26
CGHS_CONS_00062,Follow-Up OPD Super Specialist Consultation - Cardiology,Consultation,929.16,80.97
CGHS_CONS_00063,Emergency Hours OPD Super Specialist Consultation - Cardiology,Consultation,680.18,74.37
CGHS_CONS_00064,VIP Care OPD Super Specialist Consultation - Cardiology,Consultation,686.23,93.73
CGHS_CONS_00065,Weekend Special OPD Super Specialist Consultation - Cardiology,Consultation,961.19,90.61
CGHS_CONS_00066,Standard IPD Specialist Visit per day - Cardiology,Consultation,583.8,49.39
CGHS_CONS_00067,Follow-Up IPD Specialist Visit per day - Cardiology,Consultation,720.72,70.73
CGHS_CONS_00068,Emergency Hours IPD Specialist Visit per day - Cardiology,Consultation,530.56,59.66
CGHS_CONS_00069,VIP Care IPD Specialist Visit per day - Cardiology,Consultation,526.61,66.25
CGHS_CONS_00070,Weekend Special IPD Specialist Visit per day - Cardiology,Consultation,693.8,51.08
CGHS_CONS_00071,Standard IPD ICU Consultant Visit - Cardiology,Consultation,1248.14,152.99
CGHS_CONS_00072,Follow-Up IPD ICU Consultant Visit - Cardiology,Consultation,1147.23,172.35
CGHS_CONS_00073,Emergency Hours IPD ICU Consultant Visit - Cardiology,Consultation,1223.11,132.71
CGHS_CONS_00074,VIP Care IPD ICU Consultant Visit - Cardiology,Consultation,1278.86,163.8
CGHS_CONS_00075,Weekend Special IPD ICU Consultant Visit - Cardiology,Consultation,1116.55,138.7
CGHS_CONS_00076,Standard Emergency Triage Consultation - Cardiology,Consultation,936.04,79.5
CGHS_CONS_00077,Follow-Up Emergency Triage Consultation - Cardiology,Consultation,768.93,75.53
CGHS_CONS_00078,Emergency Hours Emergency Triage Consultation - Cardiology,Consultation,673.8,66.74
CGHS_CONS_00079,VIP Care Emergency Triage Consultation - Cardiology,Consultation,738.93,77.65
CGHS_CONS_00080,Weekend Special Emergency Triage Consultation - Cardiology,Consultation,706.53,66.61
CGHS_CONS_00081,Standard Senior Consultant Review - Cardiology,Consultation,790.56,94.72
CGHS_CONS_00082,Follow-Up Senior Consultant Review - Cardiology,Consultation,847.42,104.6
CGHS_CONS_00083,Emergency Hours Senior Consultant Review - Cardiology,Consultation,1074.47,74.55
CGHS_CONS_00084,VIP Care Senior Consultant Review - Cardiology,Consultation,850.68,96.08
CGHS_CONS_00085,Weekend Special Senior Consultant Review - Cardiology,Consultation,842.13,76.76
CGHS_CONS_00086,Standard Teleconsultation Session - Cardiology,Consultation,489.68,41.14
CGHS_CONS_00087,Follow-Up Teleconsultation Session - Cardiology,Consultation,415.63,44.55
CGHS_CONS_00088,Emergency Hours Teleconsultation Session - Cardiology,Consultation,469.2,35.05
CGHS_CONS_00089,VIP Care Teleconsultation Session - Cardiology,Consultation,355.51,38.9
CGHS_CONS_00090,Weekend Special Teleconsultation Session - Cardiology,Consultation,407.77,39.47
CGHS_CONS_00091,Standard Pre-Operative Evaluation - Cardiology,Consultation,742.06,69.51
CGHS_CONS_00092,Follow-Up Pre-Operative Evaluation - Cardiology,Consultation,808.38,54.56
CGHS_CONS_00093,Emergency Hours Pre-Operative Evaluation - Cardiology,Consultation,657.18,60.82
CGHS_CONS_00094,VIP Care Pre-Operative Evaluation - Cardiology,Consultation,776.53,58.47
CGHS_CONS_00095,Weekend Special Pre-Operative Evaluation - Cardiology,Consultation,601.95,63.66
CGHS_CONS_00096,Standard Post-Operative Followup - Cardiology,Consultation,356.56,31.9
CGHS_CONS_00097,Follow-Up Post-Operative Followup - Cardiology,Consultation,332.47,40.93
CGHS_CONS_00098,Emergency Hours Post-Operative Followup - Cardiology,Consultation,359.54,40.06
CGHS_CONS_00099,VIP Care Post-Operative Followup - Cardiology,Consultation,374.55,28.71
CGHS_CONS_00100,Weekend Special Post-Operative Followup - Cardiology,Consultation,437.4,39.7
CGHS_CONS_00101,Standard OPD Routine Consultation - Neurology,Consultation,371.28,40.97
CGHS_CONS_00102,Follow-Up OPD Routine Consultation - Neurology,Consultation,356.84,30.33
CGHS_CONS_00103,Emergency Hours OPD Routine Consultation - Neurology,Consultation,313.28,30.99
CGHS_CONS_00104,VIP Care OPD Routine Consultation - Neurology,Consultation,303.12,28.82
CGHS_CONS_00105,Weekend Special OPD Routine Consultation - Neurology,Consultation,300.48,41.79
CGHS_CONS_00106,Standard OPD Specialist Consultation - Neurology,Consultation,478.04,55.68
CGHS_CONS_00107,Follow-Up OPD Specialist Consultation - Neurology,Consultation,516.0,48.46
CGHS_CONS_00108,Emergency Hours OPD Specialist Consultation - Neurology,Consultation,616.46,59.91
CGHS_CONS_00109,VIP Care OPD Specialist Consultation - Neurology,Consultation,536.15,54.37
CGHS_CONS_00110,Weekend Special OPD Specialist Consultation - Neurology,Consultation,455.96,45.93
CGHS_CONS_00111,Standard OPD Super Specialist Consultation - Neurology,Consultation,989.99,82.53
CGHS_CONS_00112,Follow-Up OPD Super Specialist Consultation - Neurology,Consultation,853.5,87.94
CGHS_CONS_00113,Emergency Hours OPD Super Specialist Consultation - Neurology,Consultation,698.29,82.69
CGHS_CONS_00114,VIP Care OPD Super Specialist Consultation - Neurology,Consultation,840.91,91.29
CGHS_CONS_00115,Weekend Special OPD Super Specialist Consultation - Neurology,Consultation,730.38,94.74
CGHS_CONS_00116,Standard IPD Specialist Visit per day - Neurology,Consultation,529.23,52.46
CGHS_CONS_00117,Follow-Up IPD Specialist Visit per day - Neurology,Consultation,652.81,64.21
CGHS_CONS_00118,Emergency Hours IPD Specialist Visit per day - Neurology,Consultation,566.45,50.88
CGHS_CONS_00119,VIP Care IPD Specialist Visit per day - Neurology,Consultation,723.67,53.91
CGHS_CONS_00120,Weekend Special IPD Specialist Visit per day - Neurology,Consultation,652.68,62.87
CGHS_CONS_00121,Standard IPD ICU Consultant Visit - Neurology,Consultation,1221.23,155.02
CGHS_CONS_00122,Follow-Up IPD ICU Consultant Visit - Neurology,Consultation,1270.94,176.08
CGHS_CONS_00123,Emergency Hours IPD ICU Consultant Visit - Neurology,Consultation,1118.04,162.97
CGHS_CONS_00124,VIP Care IPD ICU Consultant Visit - Neurology,Consultation,1134.57,143.75
CGHS_CONS_00125,Weekend Special IPD ICU Consultant Visit - Neurology,Consultation,1342.41,138.0
CGHS_CONS_00126,Standard Emergency Triage Consultation - Neurology,Consultation,732.35,82.56
CGHS_CONS_00127,Follow-Up Emergency Triage Consultation - Neurology,Consultation,659.26,73.75
CGHS_CONS_00128,Emergency Hours Emergency Triage Consultation - Neurology,Consultation,937.04,89.88
CGHS_CONS_00129,VIP Care Emergency Triage Consultation - Neurology,Consultation,659.48,66.39
CGHS_CONS_00130,Weekend Special Emergency Triage Consultation - Neurology,Consultation,717.06,88.0
CGHS_CONS_00131,Standard Senior Consultant Review - Neurology,Consultation,1082.11,103.65
CGHS_CONS_00132,Follow-Up Senior Consultant Review - Neurology,Consultation,898.03,77.68
CGHS_CONS_00133,Emergency Hours Senior Consultant Review - Neurology,Consultation,1065.15,97.33
CGHS_CONS_00134,VIP Care Senior Consultant Review - Neurology,Consultation,985.2,107.54
CGHS_CONS_00135,Weekend Special Senior Consultant Review - Neurology,Consultation,1000.43,72.28
CGHS_CONS_00136,Standard Teleconsultation Session - Neurology,Consultation,470.74,36.79
CGHS_CONS_00137,Follow-Up Teleconsultation Session - Neurology,Consultation,446.14,47.02
CGHS_CONS_00138,Emergency Hours Teleconsultation Session - Neurology,Consultation,361.49,33.85
CGHS_CONS_00139,VIP Care Teleconsultation Session - Neurology,Consultation,357.13,40.85
CGHS_CONS_00140,Weekend Special Teleconsultation Session - Neurology,Consultation,383.58,41.68
CGHS_CONS_00141,Standard Pre-Operative Evaluation - Neurology,Consultation,739.08,57.29
CGHS_CONS_00142,Follow-Up Pre-Operative Evaluation - Neurology,Consultation,717.4,58.86
CGHS_CONS_00143,Emergency Hours Pre-Operative Evaluation - Neurology,Consultation,679.52,75.54
CGHS_CONS_00144,VIP Care Pre-Operative Evaluation - Neurology,Consultation,772.49,54.4
CGHS_CONS_00145,Weekend Special Pre-Operative Evaluation - Neurology,Consultation,662.63,59.19
CGHS_CONS_00146,Standard Post-Operative Followup - Neurology,Consultation,298.0,38.8
CGHS_CONS_00147,Follow-Up Post-Operative Followup - Neurology,Consultation,386.7,31.67
CGHS_CONS_00148,Emergency Hours Post-Operative Followup - Neurology,Consultation,401.27,35.72
CGHS_CONS_00149,VIP Care Post-Operative Followup - Neurology,Consultation,357.38,28.14
CGHS_CONS_00150,Weekend Special Post-Operative Followup - Neurology,Consultation,308.03,40.36
CGHS_CONS_00151,Standard OPD Routine Consultation - Orthopedics,Consultation,363.47,35.64
CGHS_CONS_00152,Follow-Up OPD Routine Consultation - Orthopedics,Consultation,355.15,36.16
CGHS_CONS_00153,Emergency Hours OPD Routine Consultation - Orthopedics,Consultation,272.77,29.78
CGHS_CONS_00154,VIP Care OPD Routine Consultation - Orthopedics,Consultation,291.99,40.59
CGHS_CONS_00155,Weekend Special OPD Routine Consultation - Orthopedics,Consultation,350.53,40.05
CGHS_CONS_00156,Standard OPD Specialist Consultation - Orthopedics,Consultation,604.78,44.2
CGHS_CONS_00157,Follow-Up OPD Specialist Consultation - Orthopedics,Consultation,474.91,42.06
CGHS_CONS_00158,Emergency Hours OPD Specialist Consultation - Orthopedics,Consultation,581.02,57.68
CGHS_CONS_00159,VIP Care OPD Specialist Consultation - Orthopedics,Consultation,506.28,52.41
CGHS_CONS_00160,Weekend Special OPD Specialist Consultation - Orthopedics,Consultation,455.91,58.6
CGHS_CONS_00161,Standard OPD Super Specialist Consultation - Orthopedics,Consultation,956.67,95.24
CGHS_CONS_00162,Follow-Up OPD Super Specialist Consultation - Orthopedics,Consultation,939.45,92.21
CGHS_CONS_00163,Emergency Hours OPD Super Specialist Consultation - Orthopedics,Consultation,687.93,87.57
CGHS_CONS_00164,VIP Care OPD Super Specialist Consultation - Orthopedics,Consultation,786.3,93.79
CGHS_CONS_00165,Weekend Special OPD Super Specialist Consultation - Orthopedics,Consultation,936.72,91.65
CGHS_CONS_00166,Standard IPD Specialist Visit per day - Orthopedics,Consultation,704.58,54.4
CGHS_CONS_00167,Follow-Up IPD Specialist Visit per day - Orthopedics,Consultation,698.97,50.59
CGHS_CONS_00168,Emergency Hours IPD Specialist Visit per day - Orthopedics,Consultation,719.32,68.61
CGHS_CONS_00169,VIP Care IPD Specialist Visit per day - Orthopedics,Consultation,563.38,67.6
CGHS_CONS_00170,Weekend Special IPD Specialist Visit per day - Orthopedics,Consultation,620.47,55.32
CGHS_CONS_00171,Standard IPD ICU Consultant Visit - Orthopedics,Consultation,1401.77,133.66
CGHS_CONS_00172,Follow-Up IPD ICU Consultant Visit - Orthopedics,Consultation,1031.36,131.59
CGHS_CONS_00173,Emergency Hours IPD ICU Consultant Visit - Orthopedics,Consultation,1177.57,171.86
CGHS_CONS_00174,VIP Care IPD ICU Consultant Visit - Orthopedics,Consultation,1484.11,136.75
CGHS_CONS_00175,Weekend Special IPD ICU Consultant Visit - Orthopedics,Consultation,1327.91,143.98
CGHS_CONS_00176,Standard Emergency Triage Consultation - Orthopedics,Consultation,931.84,76.09
CGHS_CONS_00177,Follow-Up Emergency Triage Consultation - Orthopedics,Consultation,919.27,63.46
CGHS_CONS_00178,Emergency Hours Emergency Triage Consultation - Orthopedics,Consultation,928.62,65.36
CGHS_CONS_00179,VIP Care Emergency Triage Consultation - Orthopedics,Consultation,926.26,67.96
CGHS_CONS_00180,Weekend Special Emergency Triage Consultation - Orthopedics,Consultation,670.02,73.04
CGHS_CONS_00181,Standard Senior Consultant Review - Orthopedics,Consultation,1027.28,83.29
CGHS_CONS_00182,Follow-Up Senior Consultant Review - Orthopedics,Consultation,983.24,90.41
CGHS_CONS_00183,Emergency Hours Senior Consultant Review - Orthopedics,Consultation,903.67,92.76
CGHS_CONS_00184,VIP Care Senior Consultant Review - Orthopedics,Consultation,856.7,97.52
CGHS_CONS_00185,Weekend Special Senior Consultant Review - Orthopedics,Consultation,765.61,105.32
CGHS_CONS_00186,Standard Teleconsultation Session - Orthopedics,Consultation,426.15,43.51
CGHS_CONS_00187,Follow-Up Teleconsultation Session - Orthopedics,Consultation,458.71,42.73
CGHS_CONS_00188,Emergency Hours Teleconsultation Session - Orthopedics,Consultation,398.28,33.12
CGHS_CONS_00189,VIP Care Teleconsultation Session - Orthopedics,Consultation,446.28,37.28
CGHS_CONS_00190,Weekend Special Teleconsultation Session - Orthopedics,Consultation,390.23,45.57
CGHS_CONS_00191,Standard Pre-Operative Evaluation - Orthopedics,Consultation,739.64,59.81
CGHS_CONS_00192,Follow-Up Pre-Operative Evaluation - Orthopedics,Consultation,632.91,62.62
CGHS_CONS_00193,Emergency Hours Pre-Operative Evaluation - Orthopedics,Consultation,657.12,59.69
CGHS_CONS_00194,VIP Care Pre-Operative Evaluation - Orthopedics,Consultation,585.59,62.93
CGHS_CONS_00195,Weekend Special Pre-Operative Evaluation - Orthopedics,Consultation,796.99,69.61
CGHS_CONS_00196,Standard Post-Operative Followup - Orthopedics,Consultation,423.89,36.62
CGHS_CONS_00197,Follow-Up Post-Operative Followup - Orthopedics,Consultation,339.63,35.67
CGHS_CONS_00198,Emergency Hours Post-Operative Followup - Orthopedics,Consultation,297.56,32.02
CGHS_CONS_00199,VIP Care Post-Operative Followup - Orthopedics,Consultation,357.68,36.12
CGHS_CONS_00200,Weekend Special Post-Operative Followup - Orthopedics,Consultation,389.16,34.51
CGHS_CONS_00201,Standard OPD Routine Consultation - Oncology,Consultation,308.06,30.99
CGHS_CONS_00202,Follow-Up OPD Routine Consultation - Oncology,Consultation,311.78,40.62
CGHS_CONS_00203,Emergency Hours OPD Routine Consultation - Oncology,Consultation,350.52,30.38
CGHS_CONS_00204,VIP Care OPD Routine Consultation - Oncology,Consultation,265.18,35.22
CGHS_CONS_00205,Weekend Special OPD Routine Consultation - Oncology,Consultation,330.95,32.69
CGHS_CONS_00206,Standard OPD Specialist Consultation - Oncology,Consultation,588.68,55.02
CGHS_CONS_00207,Follow-Up OPD Specialist Consultation - Oncology,Consultation,559.56,44.49
CGHS_CONS_00208,Emergency Hours OPD Specialist Consultation - Oncology,Consultation,464.83,40.49
CGHS_CONS_00209,VIP Care OPD Specialist Consultation - Oncology,Consultation,473.97,49.5
CGHS_CONS_00210,Weekend Special OPD Specialist Consultation - Oncology,Consultation,594.95,41.46
CGHS_CONS_00211,Standard OPD Super Specialist Consultation - Oncology,Consultation,812.62,84.15
CGHS_CONS_00212,Follow-Up OPD Super Specialist Consultation - Oncology,Consultation,742.22,86.28
CGHS_CONS_00213,Emergency Hours OPD Super Specialist Consultation - Oncology,Consultation,838.2,71.81
CGHS_CONS_00214,VIP Care OPD Super Specialist Consultation - Oncology,Consultation,889.94,64.18
CGHS_CONS_00215,Weekend Special OPD Super Specialist Consultation - Oncology,Consultation,920.31,88.64
CGHS_CONS_00216,Standard IPD Specialist Visit per day - Oncology,Consultation,535.58,58.2
CGHS_CONS_00217,Follow-Up IPD Specialist Visit per day - Oncology,Consultation,552.21,70.99
CGHS_CONS_00218,Emergency Hours IPD Specialist Visit per day - Oncology,Consultation,634.31,49.21
CGHS_CONS_00219,VIP Care IPD Specialist Visit per day - Oncology,Consultation,569.81,68.36
CGHS_CONS_00220,Weekend Special IPD Specialist Visit per day - Oncology,Consultation,619.55,67.23
CGHS_CONS_00221,Standard IPD ICU Consultant Visit - Oncology,Consultation,1340.44,179.27
CGHS_CONS_00222,Follow-Up IPD ICU Consultant Visit - Oncology,Consultation,1305.82,177.0
CGHS_CONS_00223,Emergency Hours IPD ICU Consultant Visit - Oncology,Consultation,1447.88,156.76
CGHS_CONS_00224,VIP Care IPD ICU Consultant Visit - Oncology,Consultation,1365.25,150.29
CGHS_CONS_00225,Weekend Special IPD ICU Consultant Visit - Oncology,Consultation,1418.67,152.87
CGHS_CONS_00226,Standard Emergency Triage Consultation - Oncology,Consultation,906.66,82.31
CGHS_CONS_00227,Follow-Up Emergency Triage Consultation - Oncology,Consultation,779.9,67.78
CGHS_CONS_00228,Emergency Hours Emergency Triage Consultation - Oncology,Consultation,711.67,79.13
CGHS_CONS_00229,VIP Care Emergency Triage Consultation - Oncology,Consultation,867.24,75.64
CGHS_CONS_00230,Weekend Special Emergency Triage Consultation - Oncology,Consultation,825.52,68.24
CGHS_CONS_00231,Standard Senior Consultant Review - Oncology,Consultation,792.89,82.29
CGHS_CONS_00232,Follow-Up Senior Consultant Review - Oncology,Consultation,862.82,83.51
CGHS_CONS_00233,Emergency Hours Senior Consultant Review - Oncology,Consultation,959.45,76.98
CGHS_CONS_00234,VIP Care Senior Consultant Review - Oncology,Consultation,848.25,96.98
CGHS_CONS_00235,Weekend Special Senior Consultant Review - Oncology,Consultation,1019.31,74.31
CGHS_CONS_00236,Standard Teleconsultation Session - Oncology,Consultation,405.22,40.68
CGHS_CONS_00237,Follow-Up Teleconsultation Session - Oncology,Consultation,406.52,35.31
CGHS_CONS_00238,Emergency Hours Teleconsultation Session - Oncology,Consultation,407.22,46.48
CGHS_CONS_00239,VIP Care Teleconsultation Session - Oncology,Consultation,433.45,43.13
CGHS_CONS_00240,Weekend Special Teleconsultation Session - Oncology,Consultation,477.08,44.25
CGHS_CONS_00241,Standard Pre-Operative Evaluation - Oncology,Consultation,651.4,52.15
CGHS_CONS_00242,Follow-Up Pre-Operative Evaluation - Oncology,Consultation,643.96,71.59
CGHS_CONS_00243,Emergency Hours Pre-Operative Evaluation - Oncology,Consultation,774.4,76.79
CGHS_CONS_00244,VIP Care Pre-Operative Evaluation - Oncology,Consultation,661.45,71.44
CGHS_CONS_00245,Weekend Special Pre-Operative Evaluation - Oncology,Consultation,694.49,67.68
CGHS_CONS_00246,Standard Post-Operative Followup - Oncology,Consultation,328.38,31.07
CGHS_CONS_00247,Follow-Up Post-Operative Followup - Oncology,Consultation,358.52,28.41
CGHS_CONS_00248,Emergency Hours Post-Operative Followup - Oncology,Consultation,344.56,37.51
CGHS_CONS_00249,VIP Care Post-Operative Followup - Oncology,Consultation,354.1,30.31
CGHS_CONS_00250,Weekend Special Post-Operative Followup - Oncology,Consultation,362.93,29.79
CGHS_CONS_00251,Standard OPD Routine Consultation - Pediatrics,Consultation,329.67,28.38
CGHS_CONS_00252,Follow-Up OPD Routine Consultation - Pediatrics,Consultation,302.28,35.9
CGHS_CONS_00253,Emergency Hours OPD Routine Consultation - Pediatrics,Consultation,258.25,37.0
CGHS_CONS_00254,VIP Care OPD Routine Consultation - Pediatrics,Consultation,271.28,34.46
CGHS_CONS_00255,Weekend Special OPD Routine Consultation - Pediatrics,Consultation,261.03,33.31
CGHS_CONS_00256,Standard OPD Specialist Consultation - Pediatrics,Consultation,467.33,46.54
CGHS_CONS_00257,Follow-Up OPD Specialist Consultation - Pediatrics,Consultation,577.25,47.58
CGHS_CONS_00258,Emergency Hours OPD Specialist Consultation - Pediatrics,Consultation,575.4,56.64
CGHS_CONS_00259,VIP Care OPD Specialist Consultation - Pediatrics,Consultation,475.45,41.64
CGHS_CONS_00260,Weekend Special OPD Specialist Consultation - Pediatrics,Consultation,428.88,50.79
CGHS_CONS_00261,Standard OPD Super Specialist Consultation - Pediatrics,Consultation,999.97,75.2
CGHS_CONS_00262,Follow-Up OPD Super Specialist Consultation - Pediatrics,Consultation,888.05,89.0
CGHS_CONS_00263,Emergency Hours OPD Super Specialist Consultation - Pediatrics,Consultation,888.56,88.14
CGHS_CONS_00264,VIP Care OPD Super Specialist Consultation - Pediatrics,Consultation,983.88,70.38
CGHS_CONS_00265,Weekend Special OPD Super Specialist Consultation - Pediatrics,Consultation,686.52,68.88
CGHS_CONS_00266,Standard IPD Specialist Visit per day - Pediatrics,Consultation,540.29,64.07
CGHS_CONS_00267,Follow-Up IPD Specialist Visit per day - Pediatrics,Consultation,645.35,53.23
CGHS_CONS_00268,Emergency Hours IPD Specialist Visit per day - Pediatrics,Consultation,677.87,66.41
CGHS_CONS_00269,VIP Care IPD Specialist Visit per day - Pediatrics,Consultation,550.27,62.57
CGHS_CONS_00270,Weekend Special IPD Specialist Visit per day - Pediatrics,Consultation,689.5,50.75
CGHS_CONS_00271,Standard IPD ICU Consultant Visit - Pediatrics,Consultation,1413.26,177.88
CGHS_CONS_00272,Follow-Up IPD ICU Consultant Visit - Pediatrics,Consultation,1071.89,121.54
CGHS_CONS_00273,Emergency Hours IPD ICU Consultant Visit - Pediatrics,Consultation,1169.74,160.64
CGHS_CONS_00274,VIP Care IPD ICU Consultant Visit - Pediatrics,Consultation,1479.92,143.8
CGHS_CONS_00275,Weekend Special IPD ICU Consultant Visit - Pediatrics,Consultation,1363.21,124.56
CGHS_CONS_00276,Standard Emergency Triage Consultation - Pediatrics,Consultation,844.68,78.82
CGHS_CONS_00277,Follow-Up Emergency Triage Consultation - Pediatrics,Consultation,668.07,83.17
CGHS_CONS_00278,Emergency Hours Emergency Triage Consultation - Pediatrics,Consultation,892.59,78.01
CGHS_CONS_00279,VIP Care Emergency Triage Consultation - Pediatrics,Consultation,673.82,89.52
CGHS_CONS_00280,Weekend Special Emergency Triage Consultation - Pediatrics,Consultation,872.29,70.42
CGHS_CONS_00281,Standard Senior Consultant Review - Pediatrics,Consultation,919.22,85.34
CGHS_CONS_00282,Follow-Up Senior Consultant Review - Pediatrics,Consultation,947.15,84.28
CGHS_CONS_00283,Emergency Hours Senior Consultant Review - Pediatrics,Consultation,1070.85,101.6
CGHS_CONS_00284,VIP Care Senior Consultant Review - Pediatrics,Consultation,802.99,106.59
CGHS_CONS_00285,Weekend Special Senior Consultant Review - Pediatrics,Consultation,993.81,101.83
CGHS_CONS_00286,Standard Teleconsultation Session - Pediatrics,Consultation,453.17,38.97
CGHS_CONS_00287,Follow-Up Teleconsultation Session - Pediatrics,Consultation,457.41,47.45
CGHS_CONS_00288,Emergency Hours Teleconsultation Session - Pediatrics,Consultation,383.21,44.93
CGHS_CONS_00289,VIP Care Teleconsultation Session - Pediatrics,Consultation,426.11,39.74
CGHS_CONS_00290,Weekend Special Teleconsultation Session - Pediatrics,Consultation,409.69,43.7
CGHS_CONS_00291,Standard Pre-Operative Evaluation - Pediatrics,Consultation,622.28,74.14
CGHS_CONS_00292,Follow-Up Pre-Operative Evaluation - Pediatrics,Consultation,768.49,54.25
CGHS_CONS_00293,Emergency Hours Pre-Operative Evaluation - Pediatrics,Consultation,781.72,58.34
CGHS_CONS_00294,VIP Care Pre-Operative Evaluation - Pediatrics,Consultation,673.32,67.87
CGHS_CONS_00295,Weekend Special Pre-Operative Evaluation - Pediatrics,Consultation,651.04,52.75
CGHS_CONS_00296,Standard Post-Operative Followup - Pediatrics,Consultation,416.63,30.55
CGHS_CONS_00297,Follow-Up Post-Operative Followup - Pediatrics,Consultation,327.2,39.17
CGHS_CONS_00298,Emergency Hours Post-Operative Followup - Pediatrics,Consultation,345.15,40.32
CGHS_CONS_00299,VIP Care Post-Operative Followup - Pediatrics,Consultation,395.67,31.87
CGHS_CONS_00300,Weekend Special Post-Operative Followup - Pediatrics,Consultation,298.92,41.27
CGHS_CONS_00301,Standard OPD Routine Consultation - Nephrology,Consultation,265.27,38.08
CGHS_CONS_00302,Follow-Up OPD Routine Consultation - Nephrology,Consultation,313.63,38.61
CGHS_CONS_00303,Emergency Hours OPD Routine Consultation - Nephrology,Consultation,337.87,37.04
CGHS_CONS_00304,VIP Care OPD Routine Consultation - Nephrology,Consultation,313.9,39.1
CGHS_CONS_00305,Weekend Special OPD Routine Consultation - Nephrology,Consultation,266.17,31.1
CGHS_CONS_00306,Standard OPD Specialist Consultation - Nephrology,Consultation,563.36,46.12
CGHS_CONS_00307,Follow-Up OPD Specialist Consultation - Nephrology,Consultation,541.31,49.47
CGHS_CONS_00308,Emergency Hours OPD Specialist Consultation - Nephrology,Consultation,531.18,48.51
CGHS_CONS_00309,VIP Care OPD Specialist Consultation - Nephrology,Consultation,574.19,46.62
CGHS_CONS_00310,Weekend Special OPD Specialist Consultation - Nephrology,Consultation,565.57,45.42
CGHS_CONS_00311,Standard OPD Super Specialist Consultation - Nephrology,Consultation,760.45,67.86
CGHS_CONS_00312,Follow-Up OPD Super Specialist Consultation - Nephrology,Consultation,741.63,67.83
CGHS_CONS_00313,Emergency Hours OPD Super Specialist Consultation - Nephrology,Consultation,851.48,88.39
CGHS_CONS_00314,VIP Care OPD Super Specialist Consultation - Nephrology,Consultation,739.25,70.92
CGHS_CONS_00315,Weekend Special OPD Super Specialist Consultation - Nephrology,Consultation,834.94,87.19
CGHS_CONS_00316,Standard IPD Specialist Visit per day - Nephrology,Consultation,744.39,60.59
CGHS_CONS_00317,Follow-Up IPD Specialist Visit per day - Nephrology,Consultation,577.92,50.41
CGHS_CONS_00318,Emergency Hours IPD Specialist Visit per day - Nephrology,Consultation,556.59,53.46
CGHS_CONS_00319,VIP Care IPD Specialist Visit per day - Nephrology,Consultation,553.07,48.34
CGHS_CONS_00320,Weekend Special IPD Specialist Visit per day - Nephrology,Consultation,638.19,54.58
CGHS_CONS_00321,Standard IPD ICU Consultant Visit - Nephrology,Consultation,1487.66,153.2
CGHS_CONS_00322,Follow-Up IPD ICU Consultant Visit - Nephrology,Consultation,1354.76,127.58
CGHS_CONS_00323,Emergency Hours IPD ICU Consultant Visit - Nephrology,Consultation,1436.86,149.45
CGHS_CONS_00324,VIP Care IPD ICU Consultant Visit - Nephrology,Consultation,1438.91,154.44
CGHS_CONS_00325,Weekend Special IPD ICU Consultant Visit - Nephrology,Consultation,1245.31,146.43
CGHS_CONS_00326,Standard Emergency Triage Consultation - Nephrology,Consultation,692.81,61.54
CGHS_CONS_00327,Follow-Up Emergency Triage Consultation - Nephrology,Consultation,919.82,74.33
CGHS_CONS_00328,Emergency Hours Emergency Triage Consultation - Nephrology,Consultation,884.13,72.02
CGHS_CONS_00329,VIP Care Emergency Triage Consultation - Nephrology,Consultation,659.72,78.88
CGHS_CONS_00330,Weekend Special Emergency Triage Consultation - Nephrology,Consultation,653.58,64.48
CGHS_CONS_00331,Standard Senior Consultant Review - Nephrology,Consultation,967.62,82.94
CGHS_CONS_00332,Follow-Up Senior Consultant Review - Nephrology,Consultation,1122.81,76.26
CGHS_CONS_00333,Emergency Hours Senior Consultant Review - Nephrology,Consultation,1040.2,93.83
CGHS_CONS_00334,VIP Care Senior Consultant Review - Nephrology,Consultation,1049.67,80.12
CGHS_CONS_00335,Weekend Special Senior Consultant Review - Nephrology,Consultation,953.13,88.22
CGHS_CONS_00336,Standard Teleconsultation Session - Nephrology,Consultation,410.84,45.76
CGHS_CONS_00337,Follow-Up Teleconsultation Session - Nephrology,Consultation,498.41,36.89
CGHS_CONS_00338,Emergency Hours Teleconsultation Session - Nephrology,Consultation,439.36,41.75
CGHS_CONS_00339,VIP Care Teleconsultation Session - Nephrology,Consultation,458.41,47.16
CGHS_CONS_00340,Weekend Special Teleconsultation Session - Nephrology,Consultation,373.25,35.38
CGHS_CONS_00341,Standard Pre-Operative Evaluation - Nephrology,Consultation,724.21,56.08
CGHS_CONS_00342,Follow-Up Pre-Operative Evaluation - Nephrology,Consultation,597.69,53.95
CGHS_CONS_00343,Emergency Hours Pre-Operative Evaluation - Nephrology,Consultation,553.2,63.71
CGHS_CONS_00344,VIP Care Pre-Operative Evaluation - Nephrology,Consultation,706.89,59.57
CGHS_CONS_00345,Weekend Special Pre-Operative Evaluation - Nephrology,Consultation,612.68,70.38
CGHS_CONS_00346,Standard Post-Operative Followup - Nephrology,Consultation,395.92,34.36
CGHS_CONS_00347,Follow-Up Post-Operative Followup - Nephrology,Consultation,393.73,40.93
CGHS_CONS_00348,Emergency Hours Post-Operative Followup - Nephrology,Consultation,407.8,36.75
CGHS_CONS_00349,VIP Care Post-Operative Followup - Nephrology,Consultation,390.07,41.07
CGHS_CONS_00350,Weekend Special Post-Operative Followup - Nephrology,Consultation,357.02,35.62
CGHS_CONS_00351,Standard OPD Routine Consultation - Gastroenterology,Consultation,332.72,40.72
CGHS_CONS_00352,Follow-Up OPD Routine Consultation - Gastroenterology,Consultation,354.2,29.0
CGHS_CONS_00353,Emergency Hours OPD Routine Consultation - Gastroenterology,Consultation,274.91,32.31
CGHS_CONS_00354,VIP Care OPD Routine Consultation - Gastroenterology,Consultation,344.87,35.97
CGHS_CONS_00355,Weekend Special OPD Routine Consultation - Gastroenterology,Consultation,289.63,29.74
CGHS_CONS_00356,Standard OPD Specialist Consultation - Gastroenterology,Consultation,562.74,53.99
CGHS_CONS_00357,Follow-Up OPD Specialist Consultation - Gastroenterology,Consultation,613.54,50.01
CGHS_CONS_00358,Emergency Hours OPD Specialist Consultation - Gastroenterology,Consultation,523.76,41.61
CGHS_CONS_00359,VIP Care OPD Specialist Consultation - Gastroenterology,Consultation,432.97,48.64
CGHS_CONS_00360,Weekend Special OPD Specialist Consultation - Gastroenterology,Consultation,489.46,45.01
CGHS_CONS_00361,Standard OPD Super Specialist Consultation - Gastroenterology,Consultation,709.22,94.78
CGHS_CONS_00362,Follow-Up OPD Super Specialist Consultation - Gastroenterology,Consultation,947.51,82.41
CGHS_CONS_00363,Emergency Hours OPD Super Specialist Consultation - Gastroenterology,Consultation,984.25,95.99
CGHS_CONS_00364,VIP Care OPD Super Specialist Consultation - Gastroenterology,Consultation,895.13,72.62
CGHS_CONS_00365,Weekend Special OPD Super Specialist Consultation - Gastroenterology,Consultation,692.87,88.2
CGHS_CONS_00366,Standard IPD Specialist Visit per day - Gastroenterology,Consultation,622.92,63.64
CGHS_CONS_00367,Follow-Up IPD Specialist Visit per day - Gastroenterology,Consultation,729.86,52.36
CGHS_CONS_00368,Emergency Hours IPD Specialist Visit per day - Gastroenterology,Consultation,650.48,63.23
CGHS_CONS_00369,VIP Care IPD Specialist Visit per day - Gastroenterology,Consultation,628.01,50.19
CGHS_CONS_00370,Weekend Special IPD Specialist Visit per day - Gastroenterology,Consultation,593.51,56.0
CGHS_CONS_00371,Standard IPD ICU Consultant Visit - Gastroenterology,Consultation,1341.66,171.46
CGHS_CONS_00372,Follow-Up IPD ICU Consultant Visit - Gastroenterology,Consultation,1178.31,161.62
CGHS_CONS_00373,Emergency Hours IPD ICU Consultant Visit - Gastroenterology,Consultation,1158.34,176.71
CGHS_CONS_00374,VIP Care IPD ICU Consultant Visit - Gastroenterology,Consultation,1410.51,153.01
CGHS_CONS_00375,Weekend Special IPD ICU Consultant Visit - Gastroenterology,Consultation,1238.32,138.87
CGHS_CONS_00376,Standard Emergency Triage Consultation - Gastroenterology,Consultation,734.48,89.11
CGHS_CONS_00377,Follow-Up Emergency Triage Consultation - Gastroenterology,Consultation,758.75,75.44
CGHS_CONS_00378,Emergency Hours Emergency Triage Consultation - Gastroenterology,Consultation,933.94,79.73
CGHS_CONS_00379,VIP Care Emergency Triage Consultation - Gastroenterology,Consultation,800.28,72.4
CGHS_CONS_00380,Weekend Special Emergency Triage Consultation - Gastroenterology,Consultation,693.77,70.85
CGHS_CONS_00381,Standard Senior Consultant Review - Gastroenterology,Consultation,1037.32,94.51
CGHS_CONS_00382,Follow-Up Senior Consultant Review - Gastroenterology,Consultation,1038.6,79.33
CGHS_CONS_00383,Emergency Hours Senior Consultant Review - Gastroenterology,Consultation,962.72,105.4
CGHS_CONS_00384,VIP Care Senior Consultant Review - Gastroenterology,Consultation,922.72,97.14
CGHS_CONS_00385,Weekend Special Senior Consultant Review - Gastroenterology,Consultation,808.71,107.03
CGHS_CONS_00386,Standard Teleconsultation Session - Gastroenterology,Consultation,437.42,35.83
CGHS_CONS_00387,Follow-Up Teleconsultation Session - Gastroenterology,Consultation,365.34,40.81
CGHS_CONS_00388,Emergency Hours Teleconsultation Session - Gastroenterology,Consultation,428.36,33.49
CGHS_CONS_00389,VIP Care Teleconsultation Session - Gastroenterology,Consultation,498.76,46.61
CGHS_CONS_00390,Weekend Special Teleconsultation Session - Gastroenterology,Consultation,413.83,33.88
CGHS_CONS_00391,Standard Pre-Operative Evaluation - Gastroenterology,Consultation,768.86,64.96
CGHS_CONS_00392,Follow-Up Pre-Operative Evaluation - Gastroenterology,Consultation,738.82,65.23
CGHS_CONS_00393,Emergency Hours Pre-Operative Evaluation - Gastroenterology,Consultation,623.59,73.7
CGHS_CONS_00394,VIP Care Pre-Operative Evaluation - Gastroenterology,Consultation,807.36,58.34
CGHS_CONS_00395,Weekend Special Pre-Operative Evaluation - Gastroenterology,Consultation,695.83,61.97
CGHS_CONS_00396,Standard Post-Operative Followup - Gastroenterology,Consultation,426.56,35.12
CGHS_CONS_00397,Follow-Up Post-Operative Followup - Gastroenterology,Consultation,420.61,40.1
CGHS_CONS_00398,Emergency Hours Post-Operative Followup - Gastroenterology,Consultation,336.17,39.06
CGHS_CONS_00399,VIP Care Post-Operative Followup - Gastroenterology,Consultation,355.59,41.08
CGHS_CONS_00400,Weekend Special Post-Operative Followup - Gastroenterology,Consultation,368.58,39.49
CGHS_CONS_00401,Standard OPD Routine Consultation - Pulmonology,Consultation,288.94,32.18
CGHS_CONS_00402,Follow-Up OPD Routine Consultation - Pulmonology,Consultation,325.43,41.98
CGHS_CONS_00403,Emergency Hours OPD Routine Consultation - Pulmonology,Consultation,313.76,30.08
CGHS_CONS_00404,VIP Care OPD Routine Consultation - Pulmonology,Consultation,319.63,32.83
CGHS_CONS_00405,Weekend Special OPD Routine Consultation - Pulmonology,Consultation,321.23,35.61
CGHS_CONS_00406,Standard OPD Specialist Consultation - Pulmonology,Consultation,516.07,46.44
CGHS_CONS_00407,Follow-Up OPD Specialist Consultation - Pulmonology,Consultation,462.73,53.95
CGHS_CONS_00408,Emergency Hours OPD Specialist Consultation - Pulmonology,Consultation,539.36,44.67
CGHS_CONS_00409,VIP Care OPD Specialist Consultation - Pulmonology,Consultation,580.11,40.87
CGHS_CONS_00410,Weekend Special OPD Specialist Consultation - Pulmonology,Consultation,573.94,54.1
CGHS_CONS_00411,Standard OPD Super Specialist Consultation - Pulmonology,Consultation,939.65,76.35
CGHS_CONS_00412,Follow-Up OPD Super Specialist Consultation - Pulmonology,Consultation,892.38,90.26
CGHS_CONS_00413,Emergency Hours OPD Super Specialist Consultation - Pulmonology,Consultation,993.86,79.85
CGHS_CONS_00414,VIP Care OPD Super Specialist Consultation - Pulmonology,Consultation,691.85,80.07
CGHS_CONS_00415,Weekend Special OPD Super Specialist Consultation - Pulmonology,Consultation,868.86,91.83
CGHS_CONS_00416,Standard IPD Specialist Visit per day - Pulmonology,Consultation,719.81,58.57
CGHS_CONS_00417,Follow-Up IPD Specialist Visit per day - Pulmonology,Consultation,636.23,58.97
CGHS_CONS_00418,Emergency Hours IPD Specialist Visit per day - Pulmonology,Consultation,683.39,57.84
CGHS_CONS_00419,VIP Care IPD Specialist Visit per day - Pulmonology,Consultation,667.15,51.7
CGHS_CONS_00420,Weekend Special IPD Specialist Visit per day - Pulmonology,Consultation,622.68,71.26
CGHS_CONS_00421,Standard IPD ICU Consultant Visit - Pulmonology,Consultation,1182.51,161.56
CGHS_CONS_00422,Follow-Up IPD ICU Consultant Visit - Pulmonology,Consultation,1331.92,171.11
CGHS_CONS_00423,Emergency Hours IPD ICU Consultant Visit - Pulmonology,Consultation,1429.12,171.56
CGHS_CONS_00424,VIP Care IPD ICU Consultant Visit - Pulmonology,Consultation,1202.4,139.0
CGHS_CONS_00425,Weekend Special IPD ICU Consultant Visit - Pulmonology,Consultation,1364.98,165.56
CGHS_CONS_00426,Standard Emergency Triage Consultation - Pulmonology,Consultation,899.21,61.08
CGHS_CONS_00427,Follow-Up Emergency Triage Consultation - Pulmonology,Consultation,658.03,78.93
CGHS_CONS_00428,Emergency Hours Emergency Triage Consultation - Pulmonology,Consultation,913.78,89.92
CGHS_CONS_00429,VIP Care Emergency Triage Consultation - Pulmonology,Consultation,861.53,73.02
CGHS_CONS_00430,Weekend Special Emergency Triage Consultation - Pulmonology,Consultation,667.03,79.01
CGHS_CONS_00431,Standard Senior Consultant Review - Pulmonology,Consultation,1079.13,87.97
CGHS_CONS_00432,Follow-Up Senior Consultant Review - Pulmonology,Consultation,1014.84,104.52
CGHS_CONS_00433,Emergency Hours Senior Consultant Review - Pulmonology,Consultation,781.56,100.66
CGHS_CONS_00434,VIP Care Senior Consultant Review - Pulmonology,Consultation,870.61,85.49
CGHS_CONS_00435,Weekend Special Senior Consultant Review - Pulmonology,Consultation,817.41,91.12
CGHS_CONS_00436,Standard Teleconsultation Session - Pulmonology,Consultation,430.55,44.68
CGHS_CONS_00437,Follow-Up Teleconsultation Session - Pulmonology,Consultation,367.2,33.26
CGHS_CONS_00438,Emergency Hours Teleconsultation Session - Pulmonology,Consultation,479.33,41.92
CGHS_CONS_00439,VIP Care Teleconsultation Session - Pulmonology,Consultation,378.53,46.61
CGHS_CONS_00440,Weekend Special Teleconsultation Session - Pulmonology,Consultation,362.9,39.38
CGHS_CONS_00441,Standard Pre-Operative Evaluation - Pulmonology,Consultation,618.53,58.64
CGHS_CONS_00442,Follow-Up Pre-Operative Evaluation - Pulmonology,Consultation,554.94,72.92
CGHS_CONS_00443,Emergency Hours Pre-Operative Evaluation - Pulmonology,Consultation,786.81,69.62
CGHS_CONS_00444,VIP Care Pre-Operative Evaluation - Pulmonology,Consultation,593.57,63.48
CGHS_CONS_00445,Weekend Special Pre-Operative Evaluation - Pulmonology,Consultation,642.35,67.28
CGHS_CONS_00446,Standard Post-Operative Followup - Pulmonology,Consultation,386.95,33.94
CGHS_CONS_00447,Follow-Up Post-Operative Followup - Pulmonology,Consultation,332.51,39.83
CGHS_CONS_00448,Emergency Hours Post-Operative Followup - Pulmonology,Consultation,325.39,33.39
CGHS_CONS_00449,VIP Care Post-Operative Followup - Pulmonology,Consultation,365.15,31.32
CGHS_CONS_00450,Weekend Special Post-Operative Followup - Pulmonology,Consultation,377.57,36.05
CGHS_CONS_00451,Standard OPD Routine Consultation - Dermatology,Consultation,374.12,32.13
CGHS_CONS_00452,Follow-Up OPD Routine Consultation - Dermatology,Consultation,372.35,37.22
CGHS_CONS_00453,Emergency Hours OPD Routine Consultation - Dermatology,Consultation,287.94,35.92
CGHS_CONS_00454,VIP Care OPD Routine Consultation - Dermatology,Consultation,337.3,38.43
CGHS_CONS_00455,Weekend Special OPD Routine Consultation - Dermatology,Consultation,260.89,36.49
CGHS_CONS_00456,Standard OPD Specialist Consultation - Dermatology,Consultation,524.35,58.08
CGHS_CONS_00457,Follow-Up OPD Specialist Consultation - Dermatology,Consultation,482.24,55.98
CGHS_CONS_00458,Emergency Hours OPD Specialist Consultation - Dermatology,Consultation,546.41,47.05
CGHS_CONS_00459,VIP Care OPD Specialist Consultation - Dermatology,Consultation,552.32,52.42
CGHS_CONS_00460,Weekend Special OPD Specialist Consultation - Dermatology,Consultation,560.55,54.42
CGHS_CONS_00461,Standard OPD Super Specialist Consultation - Dermatology,Consultation,890.94,90.83
CGHS_CONS_00462,Follow-Up OPD Super Specialist Consultation - Dermatology,Consultation,881.04,92.91
CGHS_CONS_00463,Emergency Hours OPD Super Specialist Consultation - Dermatology,Consultation,886.83,73.89
CGHS_CONS_00464,VIP Care OPD Super Specialist Consultation - Dermatology,Consultation,821.06,82.55
CGHS_CONS_00465,Weekend Special OPD Super Specialist Consultation - Dermatology,Consultation,914.36,66.88
CGHS_CONS_00466,Standard IPD Specialist Visit per day - Dermatology,Consultation,580.83,65.94
CGHS_CONS_00467,Follow-Up IPD Specialist Visit per day - Dermatology,Consultation,552.15,51.17
CGHS_CONS_00468,Emergency Hours IPD Specialist Visit per day - Dermatology,Consultation,639.46,71.32
CGHS_CONS_00469,VIP Care IPD Specialist Visit per day - Dermatology,Consultation,637.4,69.92
CGHS_CONS_00470,Weekend Special IPD Specialist Visit per day - Dermatology,Consultation,709.31,54.17
CGHS_CONS_00471,Standard IPD ICU Consultant Visit - Dermatology,Consultation,1415.85,148.91
CGHS_CONS_00472,Follow-Up IPD ICU Consultant Visit - Dermatology,Consultation,1407.11,164.79
CGHS_CONS_00473,Emergency Hours IPD ICU Consultant Visit - Dermatology,Consultation,1182.58,126.91
CGHS_CONS_00474,VIP Care IPD ICU Consultant Visit - Dermatology,Consultation,1482.19,128.45
CGHS_CONS_00475,Weekend Special IPD ICU Consultant Visit - Dermatology,Consultation,1483.92,171.61
CGHS_CONS_00476,Standard Emergency Triage Consultation - Dermatology,Consultation,854.77,89.4
CGHS_CONS_00477,Follow-Up Emergency Triage Consultation - Dermatology,Consultation,927.68,84.14
CGHS_CONS_00478,Emergency Hours Emergency Triage Consultation - Dermatology,Consultation,747.23,83.72
CGHS_CONS_00479,VIP Care Emergency Triage Consultation - Dermatology,Consultation,641.68,76.1
CGHS_CONS_00480,Weekend Special Emergency Triage Consultation - Dermatology,Consultation,773.94,80.18
CGHS_CONS_00481,Standard Senior Consultant Review - Dermatology,Consultation,1007.04,93.04
CGHS_CONS_00482,Follow-Up Senior Consultant Review - Dermatology,Consultation,1061.07,105.85
CGHS_CONS_00483,Emergency Hours Senior Consultant Review - Dermatology,Consultation,804.0,80.42
CGHS_CONS_00484,VIP Care Senior Consultant Review - Dermatology,Consultation,774.01,103.83
CGHS_CONS_00485,Weekend Special Senior Consultant Review - Dermatology,Consultation,967.11,104.95
CGHS_CONS_00486,Standard Teleconsultation Session - Dermatology,Consultation,375.42,33.01
CGHS_CONS_00487,Follow-Up Teleconsultation Session - Dermatology,Consultation,471.82,46.55
CGHS_CONS_00488,Emergency Hours Teleconsultation Session - Dermatology,Consultation,388.35,38.53
CGHS_CONS_00489,VIP Care Teleconsultation Session - Dermatology,Consultation,362.36,47.14
CGHS_CONS_00490,Weekend Special Teleconsultation Session - Dermatology,Consultation,388.7,39.88
CGHS_CONS_00491,Standard Pre-Operative Evaluation - Dermatology,Consultation,577.77,75.07
CGHS_CONS_00492,Follow-Up Pre-Operative Evaluation - Dermatology,Consultation,587.77,63.79
CGHS_CONS_00493,Emergency Hours Pre-Operative Evaluation - Dermatology,Consultation,726.83,71.32
CGHS_CONS_00494,VIP Care Pre-Operative Evaluation - Dermatology,Consultation,798.45,62.9
CGHS_CONS_00495,Weekend Special Pre-Operative Evaluation - Dermatology,Consultation,745.49,56.02
CGHS_CONS_00496,Standard Post-Operative Followup - Dermatology,Consultation,355.58,29.39
CGHS_CONS_00497,Follow-Up Post-Operative Followup - Dermatology,Consultation,366.01,33.71
CGHS_CONS_00498,Emergency Hours Post-Operative Followup - Dermatology,Consultation,430.71,28.46
CGHS_CONS_00499,VIP Care Post-Operative Followup - Dermatology,Consultation,349.37,34.21
CGHS_CONS_00500,Weekend Special Post-Operative Followup - Dermatology,Consultation,430.58,39.98
CGHS_CONS_00501,Standard OPD Routine Consultation - ENT,Consultation,266.92,37.6
CGHS_CONS_00502,Follow-Up OPD Routine Consultation - ENT,Consultation,320.34,41.69
CGHS_CONS_00503,Emergency Hours OPD Routine Consultation - ENT,Consultation,298.04,33.57
CGHS_CONS_00504,VIP Care OPD Routine Consultation - ENT,Consultation,277.78,29.71
CGHS_CONS_00505,Weekend Special OPD Routine Consultation - ENT,Consultation,356.76,34.37
CGHS_CONS_00506,Standard OPD Specialist Consultation - ENT,Consultation,557.55,52.83
CGHS_CONS_00507,Follow-Up OPD Specialist Consultation - ENT,Consultation,544.43,40.43
CGHS_CONS_00508,Emergency Hours OPD Specialist Consultation - ENT,Consultation,582.36,44.87
CGHS_CONS_00509,VIP Care OPD Specialist Consultation - ENT,Consultation,450.18,51.29
CGHS_CONS_00510,Weekend Special OPD Specialist Consultation - ENT,Consultation,438.72,55.3
CGHS_CONS_00511,Standard OPD Super Specialist Consultation - ENT,Consultation,746.29,70.91
CGHS_CONS_00512,Follow-Up OPD Super Specialist Consultation - ENT,Consultation,958.3,74.51
CGHS_CONS_00513,Emergency Hours OPD Super Specialist Consultation - ENT,Consultation,727.22,92.82
CGHS_CONS_00514,VIP Care OPD Super Specialist Consultation - ENT,Consultation,680.91,91.47
CGHS_CONS_00515,Weekend Special OPD Super Specialist Consultation - ENT,Consultation,726.3,68.16
CGHS_CONS_00516,Standard IPD Specialist Visit per day - ENT,Consultation,570.16,52.19
CGHS_CONS_00517,Follow-Up IPD Specialist Visit per day - ENT,Consultation,668.65,48.62
CGHS_CONS_00518,Emergency Hours IPD Specialist Visit per day - ENT,Consultation,513.57,66.96
CGHS_CONS_00519,VIP Care IPD Specialist Visit per day - ENT,Consultation,567.1,55.77
CGHS_CONS_00520,Weekend Special IPD Specialist Visit per day - ENT,Consultation,551.82,49.26
CGHS_CONS_00521,Standard IPD ICU Consultant Visit - ENT,Consultation,1376.02,151.57
CGHS_CONS_00522,Follow-Up IPD ICU Consultant Visit - ENT,Consultation,1377.92,148.57
CGHS_CONS_00523,Emergency Hours IPD ICU Consultant Visit - ENT,Consultation,1393.45,150.79
CGHS_CONS_00524,VIP Care IPD ICU Consultant Visit - ENT,Consultation,1072.35,150.23
CGHS_CONS_00525,Weekend Special IPD ICU Consultant Visit - ENT,Consultation,1473.8,122.6
CGHS_CONS_00526,Standard Emergency Triage Consultation - ENT,Consultation,872.47,86.01
CGHS_CONS_00527,Follow-Up Emergency Triage Consultation - ENT,Consultation,793.94,73.74
CGHS_CONS_00528,Emergency Hours Emergency Triage Consultation - ENT,Consultation,926.71,61.82
CGHS_CONS_00529,VIP Care Emergency Triage Consultation - ENT,Consultation,781.19,72.05
CGHS_CONS_00530,Weekend Special Emergency Triage Consultation - ENT,Consultation,843.33,74.71
CGHS_CONS_00531,Standard Senior Consultant Review - ENT,Consultation,1092.49,74.65
CGHS_CONS_00532,Follow-Up Senior Consultant Review - ENT,Consultation,794.08,93.9
CGHS_CONS_00533,Emergency Hours Senior Consultant Review - ENT,Consultation,788.65,81.9
CGHS_CONS_00534,VIP Care Senior Consultant Review - ENT,Consultation,992.91,91.74
CGHS_CONS_00535,Weekend Special Senior Consultant Review - ENT,Consultation,882.07,107.81
CGHS_CONS_00536,Standard Teleconsultation Session - ENT,Consultation,424.89,39.26
CGHS_CONS_00537,Follow-Up Teleconsultation Session - ENT,Consultation,436.87,33.59
CGHS_CONS_00538,Emergency Hours Teleconsultation Session - ENT,Consultation,452.28,45.64
CGHS_CONS_00539,VIP Care Teleconsultation Session - ENT,Consultation,444.15,44.3
CGHS_CONS_00540,Weekend Special Teleconsultation Session - ENT,Consultation,455.33,35.44
CGHS_CONS_00541,Standard Pre-Operative Evaluation - ENT,Consultation,669.9,57.94
CGHS_CONS_00542,Follow-Up Pre-Operative Evaluation - ENT,Consultation,640.62,63.79
CGHS_CONS_00543,Emergency Hours Pre-Operative Evaluation - ENT,Consultation,660.66,54.47
CGHS_CONS_00544,VIP Care Pre-Operative Evaluation - ENT,Consultation,663.46,69.29
CGHS_CONS_00545,Weekend Special Pre-Operative Evaluation - ENT,Consultation,649.82,55.97
CGHS_CONS_00546,Standard Post-Operative Followup - ENT,Consultation,426.72,28.94
CGHS_CONS_00547,Follow-Up Post-Operative Followup - ENT,Consultation,413.95,29.31
CGHS_CONS_00548,Emergency Hours Post-Operative Followup - ENT,Consultation,311.02,38.34
CGHS_CONS_00549,VIP Care Post-Operative Followup - ENT,Consultation,411.15,35.79
CGHS_CONS_00550,Weekend Special Post-Operative Followup - ENT,Consultation,379.61,35.86
CGHS_CONS_00551,Standard OPD Routine Consultation - Ophthalmology,Consultation,294.56,29.71
CGHS_CONS_00552,Follow-Up OPD Routine Consultation - Ophthalmology,Consultation,297.43,37.31
CGHS_CONS_00553,Emergency Hours OPD Routine Consultation - Ophthalmology,Consultation,345.03,40.15
CGHS_CONS_00554,VIP Care OPD Routine Consultation - Ophthalmology,Consultation,341.53,41.56
CGHS_CONS_00555,Weekend Special OPD Routine Consultation - Ophthalmology,Consultation,327.05,32.92
CGHS_CONS_00556,Standard OPD Specialist Consultation - Ophthalmology,Consultation,540.58,44.25
CGHS_CONS_00557,Follow-Up OPD Specialist Consultation - Ophthalmology,Consultation,556.35,44.48
CGHS_CONS_00558,Emergency Hours OPD Specialist Consultation - Ophthalmology,Consultation,446.64,56.91
CGHS_CONS_00559,VIP Care OPD Specialist Consultation - Ophthalmology,Consultation,498.51,55.25
CGHS_CONS_00560,Weekend Special OPD Specialist Consultation - Ophthalmology,Consultation,539.82,56.14
CGHS_CONS_00561,Standard OPD Super Specialist Consultation - Ophthalmology,Consultation,950.45,95.19
CGHS_CONS_00562,Follow-Up OPD Super Specialist Consultation - Ophthalmology,Consultation,941.9,83.63
CGHS_CONS_00563,Emergency Hours OPD Super Specialist Consultation - Ophthalmology,Consultation,885.66,64.84
CGHS_CONS_00564,VIP Care OPD Super Specialist Consultation - Ophthalmology,Consultation,977.31,90.54
CGHS_CONS_00565,Weekend Special OPD Super Specialist Consultation - Ophthalmology,Consultation,765.58,69.77
CGHS_CONS_00566,Standard IPD Specialist Visit per day - Ophthalmology,Consultation,678.65,55.42
CGHS_CONS_00567,Follow-Up IPD Specialist Visit per day - Ophthalmology,Consultation,591.56,48.15
CGHS_CONS_00568,Emergency Hours IPD Specialist Visit per day - Ophthalmology,Consultation,718.77,61.59
CGHS_CONS_00569,VIP Care IPD Specialist Visit per day - Ophthalmology,Consultation,606.19,51.4
CGHS_CONS_00570,Weekend Special IPD Specialist Visit per day - Ophthalmology,Consultation,661.96,48.74
CGHS_CONS_00571,Standard IPD ICU Consultant Visit - Ophthalmology,Consultation,1378.13,132.91
CGHS_CONS_00572,Follow-Up IPD ICU Consultant Visit - Ophthalmology,Consultation,1221.52,140.45
CGHS_CONS_00573,Emergency Hours IPD ICU Consultant Visit - Ophthalmology,Consultation,1197.63,163.3
CGHS_CONS_00574,VIP Care IPD ICU Consultant Visit - Ophthalmology,Consultation,1392.88,154.06
CGHS_CONS_00575,Weekend Special IPD ICU Consultant Visit - Ophthalmology,Consultation,1060.78,123.16
CGHS_CONS_00576,Standard Emergency Triage Consultation - Ophthalmology,Consultation,684.72,78.54
CGHS_CONS_00577,Follow-Up Emergency Triage Consultation - Ophthalmology,Consultation,839.69,68.16
CGHS_CONS_00578,Emergency Hours Emergency Triage Consultation - Ophthalmology,Consultation,836.08,74.57
CGHS_CONS_00579,VIP Care Emergency Triage Consultation - Ophthalmology,Consultation,770.11,68.2
CGHS_CONS_00580,Weekend Special Emergency Triage Consultation - Ophthalmology,Consultation,863.98,63.41
CGHS_CONS_00581,Standard Senior Consultant Review - Ophthalmology,Consultation,919.77,82.2
CGHS_CONS_00582,Follow-Up Senior Consultant Review - Ophthalmology,Consultation,1009.26,89.52
CGHS_CONS_00583,Emergency Hours Senior Consultant Review - Ophthalmology,Consultation,1005.17,73.64
CGHS_CONS_00584,VIP Care Senior Consultant Review - Ophthalmology,Consultation,907.29,93.58
CGHS_CONS_00585,Weekend Special Senior Consultant Review - Ophthalmology,Consultation,767.77,82.85
CGHS_CONS_00586,Standard Teleconsultation Session - Ophthalmology,Consultation,373.8,34.2
CGHS_CONS_00587,Follow-Up Teleconsultation Session - Ophthalmology,Consultation,380.88,37.25
CGHS_CONS_00588,Emergency Hours Teleconsultation Session - Ophthalmology,Consultation,341.24,43.95
CGHS_CONS_00589,VIP Care Teleconsultation Session - Ophthalmology,Consultation,368.11,38.08
CGHS_CONS_00590,Weekend Special Teleconsultation Session - Ophthalmology,Consultation,452.59,40.0
CGHS_CONS_00591,Standard Pre-Operative Evaluation - Ophthalmology,Consultation,769.17,72.96
CGHS_CONS_00592,Follow-Up Pre-Operative Evaluation - Ophthalmology,Consultation,571.24,74.41
CGHS_CONS_00593,Emergency Hours Pre-Operative Evaluation - Ophthalmology,Consultation,563.5,52.49
CGHS_CONS_00594,VIP Care Pre-Operative Evaluation - Ophthalmology,Consultation,792.0,74.41
CGHS_CONS_00595,Weekend Special Pre-Operative Evaluation - Ophthalmology,Consultation,702.2,66.91
CGHS_CONS_00596,Standard Post-Operative Followup - Ophthalmology,Consultation,396.83,33.85
CGHS_CONS_00597,Follow-Up Post-Operative Followup - Ophthalmology,Consultation,313.62,28.29
CGHS_CONS_00598,Emergency Hours Post-Operative Followup - Ophthalmology,Consultation,342.97,39.22
CGHS_CONS_00599,VIP Care Post-Operative Followup - Ophthalmology,Consultation,384.04,39.65
CGHS_CONS_00600,Weekend Special Post-Operative Followup - Ophthalmology,Consultation,426.27,29.23
CGHS_CONS_00601,Standard OPD Routine Consultation - General Surgery,Consultation,356.34,31.41
CGHS_CONS_00602,Follow-Up OPD Routine Consultation - General Surgery,Consultation,325.66,35.34
CGHS_CONS_00603,Emergency Hours OPD Routine Consultation - General Surgery,Consultation,302.49,32.34
CGHS_CONS_00604,VIP Care OPD Routine Consultation - General Surgery,Consultation,295.74,32.66
CGHS_CONS_00605,Weekend Special OPD Routine Consultation - General Surgery,Consultation,275.18,35.15
CGHS_CONS_00606,Standard OPD Specialist Consultation - General Surgery,Consultation,447.81,50.2
CGHS_CONS_00607,Follow-Up OPD Specialist Consultation - General Surgery,Consultation,606.18,46.99
CGHS_CONS_00608,Emergency Hours OPD Specialist Consultation - General Surgery,Consultation,570.48,56.38
CGHS_CONS_00609,VIP Care OPD Specialist Consultation - General Surgery,Consultation,588.01,44.73
CGHS_CONS_00610,Weekend Special OPD Specialist Consultation - General Surgery,Consultation,454.29,43.95
CGHS_CONS_00611,Standard OPD Super Specialist Consultation - General Surgery,Consultation,872.77,88.33
CGHS_CONS_00612,Follow-Up OPD Super Specialist Consultation - General Surgery,Consultation,889.76,69.67
CGHS_CONS_00613,Emergency Hours OPD Super Specialist Consultation - General Surgery,Consultation,927.31,79.81
CGHS_CONS_00614,VIP Care OPD Super Specialist Consultation - General Surgery,Consultation,921.42,88.32
CGHS_CONS_00615,Weekend Special OPD Super Specialist Consultation - General Surgery,Consultation,823.65,93.57
CGHS_CONS_00616,Standard IPD Specialist Visit per day - General Surgery,Consultation,645.48,63.25
CGHS_CONS_00617,Follow-Up IPD Specialist Visit per day - General Surgery,Consultation,659.89,68.74
CGHS_CONS_00618,Emergency Hours IPD Specialist Visit per day - General Surgery,Consultation,660.53,51.62
CGHS_CONS_00619,VIP Care IPD Specialist Visit per day - General Surgery,Consultation,526.39,58.61
CGHS_CONS_00620,Weekend Special IPD Specialist Visit per day - General Surgery,Consultation,582.68,54.59
CGHS_CONS_00621,Standard IPD ICU Consultant Visit - General Surgery,Consultation,1046.96,150.44
CGHS_CONS_00622,Follow-Up IPD ICU Consultant Visit - General Surgery,Consultation,1169.0,147.11
CGHS_CONS_00623,Emergency Hours IPD ICU Consultant Visit - General Surgery,Consultation,1047.31,169.9
CGHS_CONS_00624,VIP Care IPD ICU Consultant Visit - General Surgery,Consultation,1056.83,171.86
CGHS_CONS_00625,Weekend Special IPD ICU Consultant Visit - General Surgery,Consultation,1430.54,156.9
CGHS_CONS_00626,Standard Emergency Triage Consultation - General Surgery,Consultation,789.62,73.88
CGHS_CONS_00627,Follow-Up Emergency Triage Consultation - General Surgery,Consultation,803.79,83.75
CGHS_CONS_00628,Emergency Hours Emergency Triage Consultation - General Surgery,Consultation,906.26,73.49
CGHS_CONS_00629,VIP Care Emergency Triage Consultation - General Surgery,Consultation,880.44,79.56
CGHS_CONS_00630,Weekend Special Emergency Triage Consultation - General Surgery,Consultation,733.96,74.27
CGHS_CONS_00631,Standard Senior Consultant Review - General Surgery,Consultation,819.31,74.23
CGHS_CONS_00632,Follow-Up Senior Consultant Review - General Surgery,Consultation,802.26,104.37
CGHS_CONS_00633,Emergency Hours Senior Consultant Review - General Surgery,Consultation,888.64,97.72
CGHS_CONS_00634,VIP Care Senior Consultant Review - General Surgery,Consultation,946.64,78.21
CGHS_CONS_00635,Weekend Special Senior Consultant Review - General Surgery,Consultation,854.19,87.76
CGHS_CONS_00636,Standard Teleconsultation Session - General Surgery,Consultation,410.31,40.36
CGHS_CONS_00637,Follow-Up Teleconsultation Session - General Surgery,Consultation,365.4,37.97
CGHS_CONS_00638,Emergency Hours Teleconsultation Session - General Surgery,Consultation,385.26,38.54
CGHS_CONS_00639,VIP Care Teleconsultation Session - General Surgery,Consultation,394.14,41.57
CGHS_CONS_00640,Weekend Special Teleconsultation Session - General Surgery,Consultation,466.28,42.36
CGHS_CONS_00641,Standard Pre-Operative Evaluation - General Surgery,Consultation,569.64,54.46
CGHS_CONS_00642,Follow-Up Pre-Operative Evaluation - General Surgery,Consultation,728.88,59.39
CGHS_CONS_00643,Emergency Hours Pre-Operative Evaluation - General Surgery,Consultation,740.67,69.07
CGHS_CONS_00644,VIP Care Pre-Operative Evaluation - General Surgery,Consultation,788.15,74.71
CGHS_CONS_00645,Weekend Special Pre-Operative Evaluation - General Surgery,Consultation,639.17,67.15
CGHS_CONS_00646,Standard Post-Operative Followup - General Surgery,Consultation,317.3,32.9
CGHS_CONS_00647,Follow-Up Post-Operative Followup - General Surgery,Consultation,432.98,37.78
CGHS_CONS_00648,Emergency Hours Post-Operative Followup - General Surgery,Consultation,352.37,36.33
CGHS_CONS_00649,VIP Care Post-Operative Followup - General Surgery,Consultation,428.82,32.33
CGHS_CONS_00650,Weekend Special Post-Operative Followup - General Surgery,Consultation,350.24,39.08
CGHS_CONS_00651,Standard OPD Routine Consultation - Urology,Consultation,352.58,37.38
CGHS_CONS_00652,Follow-Up OPD Routine Consultation - Urology,Consultation,354.48,38.34
CGHS_CONS_00653,Emergency Hours OPD Routine Consultation - Urology,Consultation,337.25,35.37
CGHS_CONS_00654,VIP Care OPD Routine Consultation - Urology,Consultation,332.52,33.93
CGHS_CONS_00655,Weekend Special OPD Routine Consultation - Urology,Consultation,298.42,33.08
CGHS_CONS_00656,Standard OPD Specialist Consultation - Urology,Consultation,461.05,44.28
CGHS_CONS_00657,Follow-Up OPD Specialist Consultation - Urology,Consultation,614.53,49.73
CGHS_CONS_00658,Emergency Hours OPD Specialist Consultation - Urology,Consultation,470.31,42.75
CGHS_CONS_00659,VIP Care OPD Specialist Consultation - Urology,Consultation,440.43,56.89
CGHS_CONS_00660,Weekend Special OPD Specialist Consultation - Urology,Consultation,445.23,55.42
CGHS_CONS_00661,Standard OPD Super Specialist Consultation - Urology,Consultation,947.24,92.28
CGHS_CONS_00662,Follow-Up OPD Super Specialist Consultation - Urology,Consultation,692.08,74.78
CGHS_CONS_00663,Emergency Hours OPD Super Specialist Consultation - Urology,Consultation,925.22,68.19
CGHS_CONS_00664,VIP Care OPD Super Specialist Consultation - Urology,Consultation,800.55,69.19
CGHS_CONS_00665,Weekend Special OPD Super Specialist Consultation - Urology,Consultation,946.03,88.68
CGHS_CONS_00666,Standard IPD Specialist Visit per day - Urology,Consultation,704.17,51.97
CGHS_CONS_00667,Follow-Up IPD Specialist Visit per day - Urology,Consultation,615.04,57.86
CGHS_CONS_00668,Emergency Hours IPD Specialist Visit per day - Urology,Consultation,672.33,53.7
CGHS_CONS_00669,VIP Care IPD Specialist Visit per day - Urology,Consultation,616.61,54.84
CGHS_CONS_00670,Weekend Special IPD Specialist Visit per day - Urology,Consultation,689.65,58.77
CGHS_CONS_00671,Standard IPD ICU Consultant Visit - Urology,Consultation,1276.33,138.57
CGHS_CONS_00672,Follow-Up IPD ICU Consultant Visit - Urology,Consultation,1408.14,148.14
CGHS_CONS_00673,Emergency Hours IPD ICU Consultant Visit - Urology,Consultation,1420.85,142.07
CGHS_CONS_00674,VIP Care IPD ICU Consultant Visit - Urology,Consultation,1474.62,179.07
CGHS_CONS_00675,Weekend Special IPD ICU Consultant Visit - Urology,Consultation,1241.61,136.91
CGHS_CONS_00676,Standard Emergency Triage Consultation - Urology,Consultation,752.06,75.82
CGHS_CONS_00677,Follow-Up Emergency Triage Consultation - Urology,Consultation,927.38,84.51
CGHS_CONS_00678,Emergency Hours Emergency Triage Consultation - Urology,Consultation,877.88,64.15
CGHS_CONS_00679,VIP Care Emergency Triage Consultation - Urology,Consultation,712.5,79.24
CGHS_CONS_00680,Weekend Special Emergency Triage Consultation - Urology,Consultation,899.74,76.64
CGHS_CONS_00681,Standard Senior Consultant Review - Urology,Consultation,801.93,102.45
CGHS_CONS_00682,Follow-Up Senior Consultant Review - Urology,Consultation,1071.42,82.26
CGHS_CONS_00683,Emergency Hours Senior Consultant Review - Urology,Consultation,1039.72,81.82
CGHS_CONS_00684,VIP Care Senior Consultant Review - Urology,Consultation,1090.91,77.3
CGHS_CONS_00685,Weekend Special Senior Consultant Review - Urology,Consultation,922.49,106.07
CGHS_CONS_00686,Standard Teleconsultation Session - Urology,Consultation,375.53,39.22
CGHS_CONS_00687,Follow-Up Teleconsultation Session - Urology,Consultation,395.93,32.43
CGHS_CONS_00688,Emergency Hours Teleconsultation Session - Urology,Consultation,348.52,40.03
CGHS_CONS_00689,VIP Care Teleconsultation Session - Urology,Consultation,377.72,47.91
CGHS_CONS_00690,Weekend Special Teleconsultation Session - Urology,Consultation,399.99,32.45
CGHS_CONS_00691,Standard Pre-Operative Evaluation - Urology,Consultation,794.51,73.82
CGHS_CONS_00692,Follow-Up Pre-Operative Evaluation - Urology,Consultation,721.49,72.58
CGHS_CONS_00693,Emergency Hours Pre-Operative Evaluation - Urology,Consultation,588.28,59.46
CGHS_CONS_00694,VIP Care Pre-Operative Evaluation - Urology,Consultation,768.24,70.1
CGHS_CONS_00695,Weekend Special Pre-Operative Evaluation - Urology,Consultation,588.59,70.34
CGHS_CONS_00696,Standard Post-Operative Followup - Urology,Consultation,360.3,28.07
CGHS_CONS_00697,Follow-Up Post-Operative Followup - Urology,Consultation,308.59,31.58
CGHS_CONS_00698,Emergency Hours Post-Operative Followup - Urology,Consultation,414.39,35.68
CGHS_CONS_00699,VIP Care Post-Operative Followup - Urology,Consultation,399.31,35.39
CGHS_CONS_00700,Weekend Special Post-Operative Followup - Urology,Consultation,313.07,32.03
CGHS_CONS_00701,Standard OPD Routine Consultation - Gynecology,Consultation,291.14,28.67
CGHS_CONS_00702,Follow-Up OPD Routine Consultation - Gynecology,Consultation,305.38,39.11
CGHS_CONS_00703,Emergency Hours OPD Routine Consultation - Gynecology,Consultation,309.85,29.55
CGHS_CONS_00704,VIP Care OPD Routine Consultation - Gynecology,Consultation,363.62,36.35
CGHS_CONS_00705,Weekend Special OPD Routine Consultation - Gynecology,Consultation,256.97,35.22
CGHS_CONS_00706,Standard OPD Specialist Consultation - Gynecology,Consultation,473.39,42.87
CGHS_CONS_00707,Follow-Up OPD Specialist Consultation - Gynecology,Consultation,510.85,52.3
CGHS_CONS_00708,Emergency Hours OPD Specialist Consultation - Gynecology,Consultation,473.11,48.33
CGHS_CONS_00709,VIP Care OPD Specialist Consultation - Gynecology,Consultation,557.87,41.71
CGHS_CONS_00710,Weekend Special OPD Specialist Consultation - Gynecology,Consultation,619.93,41.35
CGHS_CONS_00711,Standard OPD Super Specialist Consultation - Gynecology,Consultation,848.34,80.23
CGHS_CONS_00712,Follow-Up OPD Super Specialist Consultation - Gynecology,Consultation,996.27,81.73
CGHS_CONS_00713,Emergency Hours OPD Super Specialist Consultation - Gynecology,Consultation,804.95,79.04
CGHS_CONS_00714,VIP Care OPD Super Specialist Consultation - Gynecology,Consultation,883.41,95.39
CGHS_CONS_00715,Weekend Special OPD Super Specialist Consultation - Gynecology,Consultation,761.17,64.52
CGHS_CONS_00716,Standard IPD Specialist Visit per day - Gynecology,Consultation,699.24,56.28
CGHS_CONS_00717,Follow-Up IPD Specialist Visit per day - Gynecology,Consultation,685.91,63.08
CGHS_CONS_00718,Emergency Hours IPD Specialist Visit per day - Gynecology,Consultation,695.16,65.64
CGHS_CONS_00719,VIP Care IPD Specialist Visit per day - Gynecology,Consultation,589.8,49.06
CGHS_CONS_00720,Weekend Special IPD Specialist Visit per day - Gynecology,Consultation,641.04,67.52
CGHS_CONS_00721,Standard IPD ICU Consultant Visit - Gynecology,Consultation,1104.04,166.75
CGHS_CONS_00722,Follow-Up IPD ICU Consultant Visit - Gynecology,Consultation,1243.02,161.72
CGHS_CONS_00723,Emergency Hours IPD ICU Consultant Visit - Gynecology,Consultation,1323.23,168.69
CGHS_CONS_00724,VIP Care IPD ICU Consultant Visit - Gynecology,Consultation,1050.29,166.57
CGHS_CONS_00725,Weekend Special IPD ICU Consultant Visit - Gynecology,Consultation,1239.69,137.61
CGHS_CONS_00726,Standard Emergency Triage Consultation - Gynecology,Consultation,650.64,65.98
CGHS_CONS_00727,Follow-Up Emergency Triage Consultation - Gynecology,Consultation,650.07,88.0
CGHS_CONS_00728,Emergency Hours Emergency Triage Consultation - Gynecology,Consultation,792.12,89.67
CGHS_CONS_00729,VIP Care Emergency Triage Consultation - Gynecology,Consultation,800.41,67.6
CGHS_CONS_00730,Weekend Special Emergency Triage Consultation - Gynecology,Consultation,863.49,65.73
CGHS_CONS_00731,Standard Senior Consultant Review - Gynecology,Consultation,893.51,100.11
CGHS_CONS_00732,Follow-Up Senior Consultant Review - Gynecology,Consultation,1076.69,83.95
CGHS_CONS_00733,Emergency Hours Senior Consultant Review - Gynecology,Consultation,809.81,85.25
CGHS_CONS_00734,VIP Care Senior Consultant Review - Gynecology,Consultation,1085.22,98.76
CGHS_CONS_00735,Weekend Special Senior Consultant Review - Gynecology,Consultation,1087.07,85.92
CGHS_CONS_00736,Standard Teleconsultation Session - Gynecology,Consultation,495.8,39.94
CGHS_CONS_00737,Follow-Up Teleconsultation Session - Gynecology,Consultation,419.6,46.79
CGHS_CONS_00738,Emergency Hours Teleconsultation Session - Gynecology,Consultation,423.08,44.82
CGHS_CONS_00739,VIP Care Teleconsultation Session - Gynecology,Consultation,456.33,33.26
CGHS_CONS_00740,Weekend Special Teleconsultation Session - Gynecology,Consultation,436.39,45.16
CGHS_CONS_00741,Standard Pre-Operative Evaluation - Gynecology,Consultation,694.32,60.35
CGHS_CONS_00742,Follow-Up Pre-Operative Evaluation - Gynecology,Consultation,573.32,69.18
CGHS_CONS_00743,Emergency Hours Pre-Operative Evaluation - Gynecology,Consultation,632.19,67.67
CGHS_CONS_00744,VIP Care Pre-Operative Evaluation - Gynecology,Consultation,663.29,69.93
CGHS_CONS_00745,Weekend Special Pre-Operative Evaluation - Gynecology,Consultation,643.9,53.1
CGHS_CONS_00746,Standard Post-Operative Followup - Gynecology,Consultation,419.31,32.94
CGHS_CONS_00747,Follow-Up Post-Operative Followup - Gynecology,Consultation,437.24,31.84
CGHS_CONS_00748,Emergency Hours Post-Operative Followup - Gynecology,Consultation,434.7,41.27
CGHS_CONS_00749,VIP Care Post-Operative Followup - Gynecology,Consultation,308.01,36.93
CGHS_CONS_00750,Weekend Special Post-Operative Followup - Gynecology,Consultation,348.36,39.22
CGHS_CONS_00751,Standard OPD Routine Consultation - Rheumatology,Consultation,336.53,41.34
CGHS_CONS_00752,Follow-Up OPD Routine Consultation - Rheumatology,Consultation,272.13,36.51
CGHS_CONS_00753,Emergency Hours OPD Routine Consultation - Rheumatology,Consultation,348.76,28.49
CGHS_CONS_00754,VIP Care OPD Routine Consultation - Rheumatology,Consultation,263.07,38.9
CGHS_CONS_00755,Weekend Special OPD Routine Consultation - Rheumatology,Consultation,298.96,33.36
CGHS_CONS_00756,Standard OPD Specialist Consultation - Rheumatology,Consultation,538.45,52.1
CGHS_CONS_00757,Follow-Up OPD Specialist Consultation - Rheumatology,Consultation,560.81,58.98
CGHS_CONS_00758,Emergency Hours OPD Specialist Consultation - Rheumatology,Consultation,499.4,55.26
CGHS_CONS_00759,VIP Care OPD Specialist Consultation - Rheumatology,Consultation,539.78,50.59
CGHS_CONS_00760,Weekend Special OPD Specialist Consultation - Rheumatology,Consultation,504.61,52.99
CGHS_CONS_00761,Standard OPD Super Specialist Consultation - Rheumatology,Consultation,759.88,67.63
CGHS_CONS_00762,Follow-Up OPD Super Specialist Consultation - Rheumatology,Consultation,915.42,79.97
CGHS_CONS_00763,Emergency Hours OPD Super Specialist Consultation - Rheumatology,Consultation,803.84,81.97
CGHS_CONS_00764,VIP Care OPD Super Specialist Consultation - Rheumatology,Consultation,763.77,72.33
CGHS_CONS_00765,Weekend Special OPD Super Specialist Consultation - Rheumatology,Consultation,822.81,95.88
CGHS_CONS_00766,Standard IPD Specialist Visit per day - Rheumatology,Consultation,578.54,70.0
CGHS_CONS_00767,Follow-Up IPD Specialist Visit per day - Rheumatology,Consultation,627.89,50.94
CGHS_CONS_00768,Emergency Hours IPD Specialist Visit per day - Rheumatology,Consultation,714.68,58.85
CGHS_CONS_00769,VIP Care IPD Specialist Visit per day - Rheumatology,Consultation,725.68,58.68
CGHS_CONS_00770,Weekend Special IPD Specialist Visit per day - Rheumatology,Consultation,531.07,64.37
CGHS_CONS_00771,Standard IPD ICU Consultant Visit - Rheumatology,Consultation,1425.85,139.18
CGHS_CONS_00772,Follow-Up IPD ICU Consultant Visit - Rheumatology,Consultation,1186.76,123.9
CGHS_CONS_00773,Emergency Hours IPD ICU Consultant Visit - Rheumatology,Consultation,1280.24,173.48
CGHS_CONS_00774,VIP Care IPD ICU Consultant Visit - Rheumatology,Consultation,1428.65,162.71
CGHS_CONS_00775,Weekend Special IPD ICU Consultant Visit - Rheumatology,Consultation,1465.12,158.26
CGHS_CONS_00776,Standard Emergency Triage Consultation - Rheumatology,Consultation,875.61,75.26
CGHS_CONS_00777,Follow-Up Emergency Triage Consultation - Rheumatology,Consultation,673.91,66.03
CGHS_CONS_00778,Emergency Hours Emergency Triage Consultation - Rheumatology,Consultation,679.16,83.71
CGHS_CONS_00779,VIP Care Emergency Triage Consultation - Rheumatology,Consultation,645.39,76.62
CGHS_CONS_00780,Weekend Special Emergency Triage Consultation - Rheumatology,Consultation,748.17,84.11
CGHS_CONS_00781,Standard Senior Consultant Review - Rheumatology,Consultation,963.59,94.03
CGHS_CONS_00782,Follow-Up Senior Consultant Review - Rheumatology,Consultation,796.04,83.13
CGHS_CONS_00783,Emergency Hours Senior Consultant Review - Rheumatology,Consultation,1124.85,97.88
CGHS_CONS_00784,VIP Care Senior Consultant Review - Rheumatology,Consultation,954.25,99.69
CGHS_CONS_00785,Weekend Special Senior Consultant Review - Rheumatology,Consultation,1061.4,74.66
CGHS_CONS_00786,Standard Teleconsultation Session - Rheumatology,Consultation,495.58,42.28
CGHS_CONS_00787,Follow-Up Teleconsultation Session - Rheumatology,Consultation,412.0,42.88
CGHS_CONS_00788,Emergency Hours Teleconsultation Session - Rheumatology,Consultation,395.12,46.05
CGHS_CONS_00789,VIP Care Teleconsultation Session - Rheumatology,Consultation,464.84,42.24
CGHS_CONS_00790,Weekend Special Teleconsultation Session - Rheumatology,Consultation,369.11,47.46
CGHS_CONS_00791,Standard Pre-Operative Evaluation - Rheumatology,Consultation,664.98,75.68
CGHS_CONS_00792,Follow-Up Pre-Operative Evaluation - Rheumatology,Consultation,566.91,55.23
CGHS_CONS_00793,Emergency Hours Pre-Operative Evaluation - Rheumatology,Consultation,592.28,56.28
CGHS_CONS_00794,VIP Care Pre-Operative Evaluation - Rheumatology,Consultation,636.39,70.44
CGHS_CONS_00795,Weekend Special Pre-Operative Evaluation - Rheumatology,Consultation,642.47,76.46
CGHS_CONS_00796,Standard Post-Operative Followup - Rheumatology,Consultation,422.79,39.84
CGHS_CONS_00797,Follow-Up Post-Operative Followup - Rheumatology,Consultation,332.58,36.89
CGHS_CONS_00798,Emergency Hours Post-Operative Followup - Rheumatology,Consultation,374.62,29.75
CGHS_CONS_00799,VIP Care Post-Operative Followup - Rheumatology,Consultation,339.9,35.47
CGHS_CONS_00800,Weekend Special Post-Operative Followup - Rheumatology,Consultation,367.86,30.36
CGHS_CONS_00801,Standard OPD Routine Consultation - Psychiatry,Consultation,367.99,30.16
CGHS_CONS_00802,Follow-Up OPD Routine Consultation - Psychiatry,Consultation,334.05,38.09
CGHS_CONS_00803,Emergency Hours OPD Routine Consultation - Psychiatry,Consultation,327.62,39.8
CGHS_CONS_00804,VIP Care OPD Routine Consultation - Psychiatry,Consultation,322.63,39.55
CGHS_CONS_00805,Weekend Special OPD Routine Consultation - Psychiatry,Consultation,258.4,28.64
CGHS_CONS_00806,Standard OPD Specialist Consultation - Psychiatry,Consultation,553.29,51.54
CGHS_CONS_00807,Follow-Up OPD Specialist Consultation - Psychiatry,Consultation,555.23,55.34
CGHS_CONS_00808,Emergency Hours OPD Specialist Consultation - Psychiatry,Consultation,508.32,52.78
CGHS_CONS_00809,VIP Care OPD Specialist Consultation - Psychiatry,Consultation,524.61,52.54
CGHS_CONS_00810,Weekend Special OPD Specialist Consultation - Psychiatry,Consultation,482.93,59.13
CGHS_CONS_00811,Standard OPD Super Specialist Consultation - Psychiatry,Consultation,834.54,89.75
CGHS_CONS_00812,Follow-Up OPD Super Specialist Consultation - Psychiatry,Consultation,899.2,73.52
CGHS_CONS_00813,Emergency Hours OPD Super Specialist Consultation - Psychiatry,Consultation,703.35,65.92
CGHS_CONS_00814,VIP Care OPD Super Specialist Consultation - Psychiatry,Consultation,820.67,79.5
CGHS_CONS_00815,Weekend Special OPD Super Specialist Consultation - Psychiatry,Consultation,745.29,83.41
CGHS_CONS_00816,Standard IPD Specialist Visit per day - Psychiatry,Consultation,585.02,65.24
CGHS_CONS_00817,Follow-Up IPD Specialist Visit per day - Psychiatry,Consultation,686.21,68.66
CGHS_CONS_00818,Emergency Hours IPD Specialist Visit per day - Psychiatry,Consultation,744.09,51.14
CGHS_CONS_00819,VIP Care IPD Specialist Visit per day - Psychiatry,Consultation,598.93,61.48
CGHS_CONS_00820,Weekend Special IPD Specialist Visit per day - Psychiatry,Consultation,586.59,59.2
CGHS_CONS_00821,Standard IPD ICU Consultant Visit - Psychiatry,Consultation,1148.39,134.88
CGHS_CONS_00822,Follow-Up IPD ICU Consultant Visit - Psychiatry,Consultation,1066.47,137.41
CGHS_CONS_00823,Emergency Hours IPD ICU Consultant Visit - Psychiatry,Consultation,1204.39,156.92
CGHS_CONS_00824,VIP Care IPD ICU Consultant Visit - Psychiatry,Consultation,1139.17,171.92
CGHS_CONS_00825,Weekend Special IPD ICU Consultant Visit - Psychiatry,Consultation,1096.66,139.65
CGHS_CONS_00826,Standard Emergency Triage Consultation - Psychiatry,Consultation,810.81,69.38
CGHS_CONS_00827,Follow-Up Emergency Triage Consultation - Psychiatry,Consultation,866.44,74.95
CGHS_CONS_00828,Emergency Hours Emergency Triage Consultation - Psychiatry,Consultation,791.92,74.96
CGHS_CONS_00829,VIP Care Emergency Triage Consultation - Psychiatry,Consultation,730.06,60.7
CGHS_CONS_00830,Weekend Special Emergency Triage Consultation - Psychiatry,Consultation,921.07,75.16
CGHS_CONS_00831,Standard Senior Consultant Review - Psychiatry,Consultation,1113.01,79.75
CGHS_CONS_00832,Follow-Up Senior Consultant Review - Psychiatry,Consultation,892.04,73.82
CGHS_CONS_00833,Emergency Hours Senior Consultant Review - Psychiatry,Consultation,943.16,103.76
CGHS_CONS_00834,VIP Care Senior Consultant Review - Psychiatry,Consultation,1000.53,88.94
CGHS_CONS_00835,Weekend Special Senior Consultant Review - Psychiatry,Consultation,958.21,102.5
CGHS_CONS_00836,Standard Teleconsultation Session - Psychiatry,Consultation,408.95,46.12
CGHS_CONS_00837,Follow-Up Teleconsultation Session - Psychiatry,Consultation,456.4,44.22
CGHS_CONS_00838,Emergency Hours Teleconsultation Session - Psychiatry,Consultation,398.55,38.41
CGHS_CONS_00839,VIP Care Teleconsultation Session - Psychiatry,Consultation,431.25,35.11
CGHS_CONS_00840,Weekend Special Teleconsultation Session - Psychiatry,Consultation,428.52,33.18
CGHS_CONS_00841,Standard Pre-Operative Evaluation - Psychiatry,Consultation,683.61,71.87
CGHS_CONS_00842,Follow-Up Pre-Operative Evaluation - Psychiatry,Consultation,625.23,77.72
CGHS_CONS_00843,Emergency Hours Pre-Operative Evaluation - Psychiatry,Consultation,729.4,55.09
CGHS_CONS_00844,VIP Care Pre-Operative Evaluation - Psychiatry,Consultation,806.02,62.24
CGHS_CONS_00845,Weekend Special Pre-Operative Evaluation - Psychiatry,Consultation,759.17,60.82
CGHS_CONS_00846,Standard Post-Operative Followup - Psychiatry,Consultation,428.95,38.57
CGHS_CONS_00847,Follow-Up Post-Operative Followup - Psychiatry,Consultation,325.37,35.13
CGHS_CONS_00848,Emergency Hours Post-Operative Followup - Psychiatry,Consultation,367.51,28.63
CGHS_CONS_00849,VIP Care Post-Operative Followup - Psychiatry,Consultation,316.69,32.66
CGHS_CONS_00850,Weekend Special Post-Operative Followup - Psychiatry,Consultation,363.82,34.4
CGHS_CONS_00851,Standard OPD Routine Consultation - Neurosurgery,Consultation,327.75,35.22
CGHS_CONS_00852,Follow-Up OPD Routine Consultation - Neurosurgery,Consultation,294.36,36.58
CGHS_CONS_00853,Emergency Hours OPD Routine Consultation - Neurosurgery,Consultation,274.5,41.87
CGHS_CONS_00854,VIP Care OPD Routine Consultation - Neurosurgery,Consultation,343.72,32.19
CGHS_CONS_00855,Weekend Special OPD Routine Consultation - Neurosurgery,Consultation,295.36,39.6
CGHS_CONS_00856,Standard OPD Specialist Consultation - Neurosurgery,Consultation,531.47,54.17
CGHS_CONS_00857,Follow-Up OPD Specialist Consultation - Neurosurgery,Consultation,484.96,56.31
CGHS_CONS_00858,Emergency Hours OPD Specialist Consultation - Neurosurgery,Consultation,498.67,53.48
CGHS_CONS_00859,VIP Care OPD Specialist Consultation - Neurosurgery,Consultation,620.98,51.67
CGHS_CONS_00860,Weekend Special OPD Specialist Consultation - Neurosurgery,Consultation,584.35,54.51
CGHS_CONS_00861,Standard OPD Super Specialist Consultation - Neurosurgery,Consultation,900.17,64.85
CGHS_CONS_00862,Follow-Up OPD Super Specialist Consultation - Neurosurgery,Consultation,831.87,94.95
CGHS_CONS_00863,Emergency Hours OPD Super Specialist Consultation - Neurosurgery,Consultation,930.53,88.84
CGHS_CONS_00864,VIP Care OPD Super Specialist Consultation - Neurosurgery,Consultation,864.84,87.08
CGHS_CONS_00865,Weekend Special OPD Super Specialist Consultation - Neurosurgery,Consultation,866.73,69.46
CGHS_CONS_00866,Standard IPD Specialist Visit per day - Neurosurgery,Consultation,660.97,62.87
CGHS_CONS_00867,Follow-Up IPD Specialist Visit per day - Neurosurgery,Consultation,711.88,51.55
CGHS_CONS_00868,Emergency Hours IPD Specialist Visit per day - Neurosurgery,Consultation,673.37,48.76
CGHS_CONS_00869,VIP Care IPD Specialist Visit per day - Neurosurgery,Consultation,737.57,50.64
CGHS_CONS_00870,Weekend Special IPD Specialist Visit per day - Neurosurgery,Consultation,514.54,55.53
CGHS_CONS_00871,Standard IPD ICU Consultant Visit - Neurosurgery,Consultation,1092.69,161.43
CGHS_CONS_00872,Follow-Up IPD ICU Consultant Visit - Neurosurgery,Consultation,1216.98,166.5
CGHS_CONS_00873,Emergency Hours IPD ICU Consultant Visit - Neurosurgery,Consultation,1461.85,172.37
CGHS_CONS_00874,VIP Care IPD ICU Consultant Visit - Neurosurgery,Consultation,1373.2,123.74
CGHS_CONS_00875,Weekend Special IPD ICU Consultant Visit - Neurosurgery,Consultation,1086.28,132.44
CGHS_CONS_00876,Standard Emergency Triage Consultation - Neurosurgery,Consultation,735.01,79.87
CGHS_CONS_00877,Follow-Up Emergency Triage Consultation - Neurosurgery,Consultation,795.14,69.41
CGHS_CONS_00878,Emergency Hours Emergency Triage Consultation - Neurosurgery,Consultation,689.45,87.36
CGHS_CONS_00879,VIP Care Emergency Triage Consultation - Neurosurgery,Consultation,740.2,70.63
CGHS_CONS_00880,Weekend Special Emergency Triage Consultation - Neurosurgery,Consultation,869.1,81.63
CGHS_CONS_00881,Standard Senior Consultant Review - Neurosurgery,Consultation,996.59,96.96
CGHS_CONS_00882,Follow-Up Senior Consultant Review - Neurosurgery,Consultation,984.63,78.92
CGHS_CONS_00883,Emergency Hours Senior Consultant Review - Neurosurgery,Consultation,853.75,92.09
CGHS_CONS_00884,VIP Care Senior Consultant Review - Neurosurgery,Consultation,845.95,107.02
CGHS_CONS_00885,Weekend Special Senior Consultant Review - Neurosurgery,Consultation,872.14,82.4
CGHS_CONS_00886,Standard Teleconsultation Session - Neurosurgery,Consultation,373.16,43.28
CGHS_CONS_00887,Follow-Up Teleconsultation Session - Neurosurgery,Consultation,390.73,37.58
CGHS_CONS_00888,Emergency Hours Teleconsultation Session - Neurosurgery,Consultation,489.39,44.73
CGHS_CONS_00889,VIP Care Teleconsultation Session - Neurosurgery,Consultation,383.75,33.95
CGHS_CONS_00890,Weekend Special Teleconsultation Session - Neurosurgery,Consultation,448.26,38.08
CGHS_CONS_00891,Standard Pre-Operative Evaluation - Neurosurgery,Consultation,807.34,73.28
CGHS_CONS_00892,Follow-Up Pre-Operative Evaluation - Neurosurgery,Consultation,800.7,72.92
CGHS_CONS_00893,Emergency Hours Pre-Operative Evaluation - Neurosurgery,Consultation,628.02,59.48
CGHS_CONS_00894,VIP Care Pre-Operative Evaluation - Neurosurgery,Consultation,738.18,61.01
CGHS_CONS_00895,Weekend Special Pre-Operative Evaluation - Neurosurgery,Consultation,667.52,58.67
CGHS_CONS_00896,Standard Post-Operative Followup - Neurosurgery,Consultation,364.57,30.83
CGHS_CONS_00897,Follow-Up Post-Operative Followup - Neurosurgery,Consultation,372.9,41.06
CGHS_CONS_00898,Emergency Hours Post-Operative Followup - Neurosurgery,Consultation,394.96,29.92
CGHS_CONS_00899,VIP Care Post-Operative Followup - Neurosurgery,Consultation,383.69,36.22
CGHS_CONS_00900,Weekend Special Post-Operative Followup - Neurosurgery,Consultation,331.44,37.38
CGHS_CONS_00901,Standard OPD Routine Consultation - Cardiothoracic Surgery,Consultation,318.72,36.93
CGHS_CONS_00902,Follow-Up OPD Routine Consultation - Cardiothoracic Surgery,Consultation,261.3,33.79
CGHS_CONS_00903,Emergency Hours OPD Routine Consultation - Cardiothoracic Surgery,Consultation,341.08,29.41
CGHS_CONS_00904,VIP Care OPD Routine Consultation - Cardiothoracic Surgery,Consultation,347.49,28.07
CGHS_CONS_00905,Weekend Special OPD Routine Consultation - Cardiothoracic Surgery,Consultation,321.04,41.01
CGHS_CONS_00906,Standard OPD Specialist Consultation - Cardiothoracic Surgery,Consultation,506.38,58.7
CGHS_CONS_00907,Follow-Up OPD Specialist Consultation - Cardiothoracic Surgery,Consultation,600.68,49.55
CGHS_CONS_00908,Emergency Hours OPD Specialist Consultation - Cardiothoracic Surgery,Consultation,464.89,59.28
CGHS_CONS_00909,VIP Care OPD Specialist Consultation - Cardiothoracic Surgery,Consultation,489.23,52.92
CGHS_CONS_00910,Weekend Special OPD Specialist Consultation - Cardiothoracic Surgery,Consultation,606.59,41.79
CGHS_CONS_00911,Standard OPD Super Specialist Consultation - Cardiothoracic Surgery,Consultation,863.72,81.12
CGHS_CONS_00912,Follow-Up OPD Super Specialist Consultation - Cardiothoracic Surgery,Consultation,911.4,93.97
CGHS_CONS_00913,Emergency Hours OPD Super Specialist Consultation - Cardiothoracic Surgery,Consultation,972.23,69.6
CGHS_CONS_00914,VIP Care OPD Super Specialist Consultation - Cardiothoracic Surgery,Consultation,962.32,69.63
CGHS_CONS_00915,Weekend Special OPD Super Specialist Consultation - Cardiothoracic Surgery,Consultation,974.28,95.91
CGHS_CONS_00916,Standard IPD Specialist Visit per day - Cardiothoracic Surgery,Consultation,605.28,59.89
CGHS_CONS_00917,Follow-Up IPD Specialist Visit per day - Cardiothoracic Surgery,Consultation,734.79,71.09
CGHS_CONS_00918,Emergency Hours IPD Specialist Visit per day - Cardiothoracic Surgery,Consultation,732.25,69.04
CGHS_CONS_00919,VIP Care IPD Specialist Visit per day - Cardiothoracic Surgery,Consultation,512.22,61.63
CGHS_CONS_00920,Weekend Special IPD Specialist Visit per day - Cardiothoracic Surgery,Consultation,535.75,71.59
CGHS_CONS_00921,Standard IPD ICU Consultant Visit - Cardiothoracic Surgery,Consultation,1156.59,179.35
CGHS_CONS_00922,Follow-Up IPD ICU Consultant Visit - Cardiothoracic Surgery,Consultation,1280.78,149.63
CGHS_CONS_00923,Emergency Hours IPD ICU Consultant Visit - Cardiothoracic Surgery,Consultation,1470.51,171.06
CGHS_CONS_00924,VIP Care IPD ICU Consultant Visit - Cardiothoracic Surgery,Consultation,1244.65,131.57
CGHS_CONS_00925,Weekend Special IPD ICU Consultant Visit - Cardiothoracic Surgery,Consultation,1074.07,129.75
CGHS_CONS_00926,Standard Emergency Triage Consultation - Cardiothoracic Surgery,Consultation,775.17,67.72
CGHS_CONS_00927,Follow-Up Emergency Triage Consultation - Cardiothoracic Surgery,Consultation,693.36,82.1
CGHS_CONS_00928,Emergency Hours Emergency Triage Consultation - Cardiothoracic Surgery,Consultation,874.73,77.03
CGHS_CONS_00929,VIP Care Emergency Triage Consultation - Cardiothoracic Surgery,Consultation,864.68,65.26
CGHS_CONS_00930,Weekend Special Emergency Triage Consultation - Cardiothoracic Surgery,Consultation,894.34,86.91
CGHS_CONS_00931,Standard Senior Consultant Review - Cardiothoracic Surgery,Consultation,1062.72,90.55
CGHS_CONS_00932,Follow-Up Senior Consultant Review - Cardiothoracic Surgery,Consultation,796.23,96.09
CGHS_CONS_00933,Emergency Hours Senior Consultant Review - Cardiothoracic Surgery,Consultation,831.52,77.06
CGHS_CONS_00934,VIP Care Senior Consultant Review - Cardiothoracic Surgery,Consultation,881.5,80.93
CGHS_CONS_00935,Weekend Special Senior Consultant Review - Cardiothoracic Surgery,Consultation,858.88,80.48
CGHS_CONS_00936,Standard Teleconsultation Session - Cardiothoracic Surgery,Consultation,460.6,47.26
CGHS_CONS_00937,Follow-Up Teleconsultation Session - Cardiothoracic Surgery,Consultation,388.31,43.57
CGHS_CONS_00938,Emergency Hours Teleconsultation Session - Cardiothoracic Surgery,Consultation,341.83,42.46
CGHS_CONS_00939,VIP Care Teleconsultation Session - Cardiothoracic Surgery,Consultation,450.84,32.99
CGHS_CONS_00940,Weekend Special Teleconsultation Session - Cardiothoracic Surgery,Consultation,358.92,36.91
CGHS_CONS_00941,Standard Pre-Operative Evaluation - Cardiothoracic Surgery,Consultation,657.91,65.07
CGHS_CONS_00942,Follow-Up Pre-Operative Evaluation - Cardiothoracic Surgery,Consultation,785.23,70.29
CGHS_CONS_00943,Emergency Hours Pre-Operative Evaluation - Cardiothoracic Surgery,Consultation,633.35,55.05
CGHS_CONS_00944,VIP Care Pre-Operative Evaluation - Cardiothoracic Surgery,Consultation,790.69,59.67
CGHS_CONS_00945,Weekend Special Pre-Operative Evaluation - Cardiothoracic Surgery,Consultation,712.3,57.7
CGHS_CONS_00946,Standard Post-Operative Followup - Cardiothoracic Surgery,Consultation,316.2,30.14
CGHS_CONS_00947,Follow-Up Post-Operative Followup - Cardiothoracic Surgery,Consultation,402.18,36.48
CGHS_CONS_00948,Emergency Hours Post-Operative Followup - Cardiothoracic Surgery,Consultation,355.72,35.69
CGHS_CONS_00949,VIP Care Post-Operative Followup - Cardiothoracic Surgery,Consultation,363.42,35.53
CGHS_CONS_00950,Weekend Special Post-Operative Followup - Cardiothoracic Surgery,Consultation,390.47,31.06
CGHS_CONS_00951,Standard OPD Routine Consultation - Endocrinology,Consultation,284.7,38.57
CGHS_CONS_00952,Follow-Up OPD Routine Consultation - Endocrinology,Consultation,359.78,29.15
CGHS_CONS_00953,Emergency Hours OPD Routine Consultation - Endocrinology,Consultation,308.61,37.85
CGHS_CONS_00954,VIP Care OPD Routine Consultation - Endocrinology,Consultation,264.37,35.9
CGHS_CONS_00955,Weekend Special OPD Routine Consultation - Endocrinology,Consultation,262.41,35.67
CGHS_CONS_00956,Standard OPD Specialist Consultation - Endocrinology,Consultation,526.1,51.45
CGHS_CONS_00957,Follow-Up OPD Specialist Consultation - Endocrinology,Consultation,454.97,46.56
CGHS_CONS_00958,Emergency Hours OPD Specialist Consultation - Endocrinology,Consultation,529.07,42.32
CGHS_CONS_00959,VIP Care OPD Specialist Consultation - Endocrinology,Consultation,466.08,51.66
CGHS_CONS_00960,Weekend Special OPD Specialist Consultation - Endocrinology,Consultation,443.19,50.21
CGHS_CONS_00961,Standard OPD Super Specialist Consultation - Endocrinology,Consultation,938.78,78.51
CGHS_CONS_00962,Follow-Up OPD Super Specialist Consultation - Endocrinology,Consultation,844.24,78.62
CGHS_CONS_00963,Emergency Hours OPD Super Specialist Consultation - Endocrinology,Consultation,698.48,78.8
CGHS_CONS_00964,VIP Care OPD Super Specialist Consultation - Endocrinology,Consultation,938.21,87.14
CGHS_CONS_00965,Weekend Special OPD Super Specialist Consultation - Endocrinology,Consultation,806.7,90.13
CGHS_CONS_00966,Standard IPD Specialist Visit per day - Endocrinology,Consultation,688.99,61.88
CGHS_CONS_00967,Follow-Up IPD Specialist Visit per day - Endocrinology,Consultation,520.87,56.27
CGHS_CONS_00968,Emergency Hours IPD Specialist Visit per day - Endocrinology,Consultation,525.3,71.86
CGHS_CONS_00969,VIP Care IPD Specialist Visit per day - Endocrinology,Consultation,734.3,49.66
CGHS_CONS_00970,Weekend Special IPD Specialist Visit per day - Endocrinology,Consultation,734.11,48.76
CGHS_CONS_00971,Standard IPD ICU Consultant Visit - Endocrinology,Consultation,1216.26,166.14
CGHS_CONS_00972,Follow-Up IPD ICU Consultant Visit - Endocrinology,Consultation,1387.6,178.7
CGHS_CONS_00973,Emergency Hours IPD ICU Consultant Visit - Endocrinology,Consultation,1330.02,145.22
CGHS_CONS_00974,VIP Care IPD ICU Consultant Visit - Endocrinology,Consultation,1496.57,142.95
CGHS_CONS_00975,Weekend Special IPD ICU Consultant Visit - Endocrinology,Consultation,1437.42,174.41
CGHS_CONS_00976,Standard Emergency Triage Consultation - Endocrinology,Consultation,750.19,80.48
CGHS_CONS_00977,Follow-Up Emergency Triage Consultation - Endocrinology,Consultation,836.04,76.18
CGHS_CONS_00978,Emergency Hours Emergency Triage Consultation - Endocrinology,Consultation,833.56,70.43
CGHS_CONS_00979,VIP Care Emergency Triage Consultation - Endocrinology,Consultation,691.04,76.12
CGHS_CONS_00980,Weekend Special Emergency Triage Consultation - Endocrinology,Consultation,796.15,81.84
CGHS_CONS_00981,Standard Senior Consultant Review - Endocrinology,Consultation,845.17,72.13
CGHS_CONS_00982,Follow-Up Senior Consultant Review - Endocrinology,Consultation,773.18,82.74
CGHS_CONS_00983,Emergency Hours Senior Consultant Review - Endocrinology,Consultation,1007.46,91.6
CGHS_CONS_00984,VIP Care Senior Consultant Review - Endocrinology,Consultation,956.5,101.64
CGHS_CONS_00985,Weekend Special Senior Consultant Review - Endocrinology,Consultation,854.1,84.46
CGHS_CONS_00986,Standard Teleconsultation Session - Endocrinology,Consultation,384.1,47.0
CGHS_CONS_00987,Follow-Up Teleconsultation Session - Endocrinology,Consultation,456.0,33.81
CGHS_CONS_00988,Emergency Hours Teleconsultation Session - Endocrinology,Consultation,469.52,38.71
CGHS_CONS_00989,VIP Care Teleconsultation Session - Endocrinology,Consultation,462.57,46.14
CGHS_CONS_00990,Weekend Special Teleconsultation Session - Endocrinology,Consultation,342.5,35.3
CGHS_CONS_00991,Standard Pre-Operative Evaluation - Endocrinology,Consultation,578.73,52.87
CGHS_CONS_00992,Follow-Up Pre-Operative Evaluation - Endocrinology,Consultation,707.92,70.29
CGHS_CONS_00993,Emergency Hours Pre-Operative Evaluation - Endocrinology,Consultation,565.16,71.25
CGHS_CONS_00994,VIP Care Pre-Operative Evaluation - Endocrinology,Consultation,657.09,58.09
CGHS_CONS_00995,Weekend Special Pre-Operative Evaluation - Endocrinology,Consultation,608.99,74.46
CGHS_CONS_00996,Standard Post-Operative Followup - Endocrinology,Consultation,305.4,35.05
CGHS_CONS_00997,Follow-Up Post-Operative Followup - Endocrinology,Consultation,338.0,39.42
CGHS_CONS_00998,Emergency Hours Post-Operative Followup - Endocrinology,Consultation,399.91,32.46
CGHS_CONS_00999,VIP Care Post-Operative Followup - Endocrinology,Consultation,381.21,37.42
CGHS_CONS_01000,Weekend Special Post-Operative Followup - Endocrinology,Consultation,342.39,32.22
CGHS_ROOM_01001,General Ward Non-AC Bed per day (Tier-1 City),Room Rent,942.98,104.81
CGHS_ROOM_01002,General Ward Non-AC Bed per day (Tier-2 City),Room Rent,966.31,94.02
CGHS_ROOM_01003,General Ward Non-AC Bed per day (NABH Accredited),Room Rent,918.29,113.46
CGHS_ROOM_01004,General Ward Non-AC Bed per day (Non-NABH Accredited),Room Rent,1163.91,112.35
CGHS_ROOM_01005,General Ward Non-AC Bed per day (Super-Specialty Wing),Room Rent,1087.8,97.82
CGHS_ROOM_01006,General Ward AC Bed per day (Tier-1 City),Room Rent,1573.03,171.25
CGHS_ROOM_01007,General Ward AC Bed per day (Tier-2 City),Room Rent,1773.71,157.71
CGHS_ROOM_01008,General Ward AC Bed per day (NABH Accredited),Room Rent,1703.61,141.84
CGHS_ROOM_01009,General Ward AC Bed per day (Non-NABH Accredited),Room Rent,1537.35,134.21
CGHS_ROOM_01010,General Ward AC Bed per day (Super-Specialty Wing),Room Rent,1519.41,161.45
CGHS_ROOM_01011,Semi-Private Room Bed per day (Tier-1 City),Room Rent,2605.14,276.2
CGHS_ROOM_01012,Semi-Private Room Bed per day (Tier-2 City),Room Rent,2475.55,265.57
CGHS_ROOM_01013,Semi-Private Room Bed per day (NABH Accredited),Room Rent,2854.33,281.11
CGHS_ROOM_01014,Semi-Private Room Bed per day (Non-NABH Accredited),Room Rent,2671.79,285.08
CGHS_ROOM_01015,Semi-Private Room Bed per day (Super-Specialty Wing),Room Rent,2667.97,222.56
CGHS_ROOM_01016,Private Room Single AC Bed per day (Tier-1 City),Room Rent,4377.86,409.95
CGHS_ROOM_01017,Private Room Single AC Bed per day (Tier-2 City),Room Rent,4923.05,507.0
CGHS_ROOM_01018,Private Room Single AC Bed per day (NABH Accredited),Room Rent,5193.63,394.98
CGHS_ROOM_01019,Private Room Single AC Bed per day (Non-NABH Accredited),Room Rent,5028.19,408.22
CGHS_ROOM_01020,Private Room Single AC Bed per day (Super-Specialty Wing),Room Rent,4412.42,473.45
CGHS_ROOM_01021,Deluxe Room Bed per day (Tier-1 City),Room Rent,7025.7,722.86
CGHS_ROOM_01022,Deluxe Room Bed per day (Tier-2 City),Room Rent,6216.92,701.03
CGHS_ROOM_01023,Deluxe Room Bed per day (NABH Accredited),Room Rent,7262.4,661.48
CGHS_ROOM_01024,Deluxe Room Bed per day (Non-NABH Accredited),Room Rent,6784.82,722.05
CGHS_ROOM_01025,Deluxe Room Bed per day (Super-Specialty Wing),Room Rent,6499.28,739.12
CGHS_ROOM_01026,Super Deluxe Room Bed per day (Tier-1 City),Room Rent,8141.4,1018.03
CGHS_ROOM_01027,Super Deluxe Room Bed per day (Tier-2 City),Room Rent,10697.61,796.68
CGHS_ROOM_01028,Super Deluxe Room Bed per day (NABH Accredited),Room Rent,10798.84,894.31
CGHS_ROOM_01029,Super Deluxe Room Bed per day (Non-NABH Accredited),Room Rent,8755.0,928.19
CGHS_ROOM_01030,Super Deluxe Room Bed per day (Super-Specialty Wing),Room Rent,8652.19,1012.08
CGHS_ROOM_01031,Suite Room Bed per day (Tier-1 City),Room Rent,12787.49,1299.18
CGHS_ROOM_01032,Suite Room Bed per day (Tier-2 City),Room Rent,12170.38,1212.11
CGHS_ROOM_01033,Suite Room Bed per day (NABH Accredited),Room Rent,12093.33,1114.16
CGHS_ROOM_01034,Suite Room Bed per day (Non-NABH Accredited),Room Rent,12646.14,1199.02
CGHS_ROOM_01035,Suite Room Bed per day (Super-Specialty Wing),Room Rent,11154.99,1373.27
CGHS_ROOM_01036,High Dependency Unit (HDU Bed per day) (Tier-1 City),Room Rent,5204.24,550.96
CGHS_ROOM_01037,High Dependency Unit (HDU Bed per day) (Tier-2 City),Room Rent,5871.5,480.61
CGHS_ROOM_01038,High Dependency Unit (HDU Bed per day) (NABH Accredited),Room Rent,5120.9,509.38
CGHS_ROOM_01039,High Dependency Unit (HDU Bed per day) (Non-NABH Accredited),Room Rent,4831.91,446.89
CGHS_ROOM_01040,High Dependency Unit (HDU Bed per day) (Super-Specialty Wing),Room Rent,4891.16,565.21
CGHS_ROOM_01041,Intensive Care Unit (ICU Bed per day) (Tier-1 City),Room Rent,8589.94,780.22
CGHS_ROOM_01042,Intensive Care Unit (ICU Bed per day) (Tier-2 City),Room Rent,7565.79,759.17
CGHS_ROOM_01043,Intensive Care Unit (ICU Bed per day) (NABH Accredited),Room Rent,8111.62,880.01
CGHS_ROOM_01044,Intensive Care Unit (ICU Bed per day) (Non-NABH Accredited),Room Rent,8398.32,837.11
CGHS_ROOM_01045,Intensive Care Unit (ICU Bed per day) (Super-Specialty Wing),Room Rent,8843.63,741.76
CGHS_ROOM_01046,Intensive Coronary Care Unit (ICCU Bed per day) (Tier-1 City),Room Rent,9745.06,968.96
CGHS_ROOM_01047,Intensive Coronary Care Unit (ICCU Bed per day) (Tier-2 City),Room Rent,9286.32,847.6
CGHS_ROOM_01048,Intensive Coronary Care Unit (ICCU Bed per day) (NABH Accredited),Room Rent,8079.0,925.22
CGHS_ROOM_01049,Intensive Coronary Care Unit (ICCU Bed per day) (Non-NABH Accredited),Room Rent,8081.63,906.18
CGHS_ROOM_01050,Intensive Coronary Care Unit (ICCU Bed per day) (Super-Specialty Wing),Room Rent,8895.21,956.31
CGHS_ROOM_01051,Pediatric ICU (PICU Bed per day) (Tier-1 City),Room Rent,7969.81,781.91
CGHS_ROOM_01052,Pediatric ICU (PICU Bed per day) (Tier-2 City),Room Rent,6882.15,645.11
CGHS_ROOM_01053,Pediatric ICU (PICU Bed per day) (NABH Accredited),Room Rent,8655.07,850.17
CGHS_ROOM_01054,Pediatric ICU (PICU Bed per day) (Non-NABH Accredited),Room Rent,8253.48,809.48
CGHS_ROOM_01055,Pediatric ICU (PICU Bed per day) (Super-Specialty Wing),Room Rent,7677.88,827.07
CGHS_ROOM_01056,Neonatal ICU Level 1 Bed per day (Tier-1 City),Room Rent,5816.58,637.29
CGHS_ROOM_01057,Neonatal ICU Level 1 Bed per day (Tier-2 City),Room Rent,5416.45,601.03
CGHS_ROOM_01058,Neonatal ICU Level 1 Bed per day (NABH Accredited),Room Rent,6071.76,621.21
CGHS_ROOM_01059,Neonatal ICU Level 1 Bed per day (Non-NABH Accredited),Room Rent,6600.16,620.97
CGHS_ROOM_01060,Neonatal ICU Level 1 Bed per day (Super-Specialty Wing),Room Rent,6269.77,597.81
CGHS_ROOM_01061,Neonatal ICU Level 2 Bed per day (Tier-1 City),Room Rent,7215.87,812.39
CGHS_ROOM_01062,Neonatal ICU Level 2 Bed per day (Tier-2 City),Room Rent,7228.44,807.06
CGHS_ROOM_01063,Neonatal ICU Level 2 Bed per day (NABH Accredited),Room Rent,7859.38,914.6
CGHS_ROOM_01064,Neonatal ICU Level 2 Bed per day (Non-NABH Accredited),Room Rent,7241.14,875.16
CGHS_ROOM_01065,Neonatal ICU Level 2 Bed per day (Super-Specialty Wing),Room Rent,8817.68,873.48
CGHS_ROOM_01066,Neonatal ICU Level 3 Bed per day (Tier-1 City),Room Rent,11729.32,882.1
CGHS_ROOM_01067,Neonatal ICU Level 3 Bed per day (Tier-2 City),Room Rent,9288.94,894.67
CGHS_ROOM_01068,Neonatal ICU Level 3 Bed per day (NABH Accredited),Room Rent,9575.8,1007.94
CGHS_ROOM_01069,Neonatal ICU Level 3 Bed per day (Non-NABH Accredited),Room Rent,11445.64,930.2
CGHS_ROOM_01070,Neonatal ICU Level 3 Bed per day (Super-Specialty Wing),Room Rent,10190.69,961.92
CGHS_ROOM_01071,Surgical ICU Bed per day (Tier-1 City),Room Rent,8685.37,866.58
CGHS_ROOM_01072,Surgical ICU Bed per day (Tier-2 City),Room Rent,10175.09,780.09
CGHS_ROOM_01073,Surgical ICU Bed per day (NABH Accredited),Room Rent,9394.31,938.71
CGHS_ROOM_01074,Surgical ICU Bed per day (Non-NABH Accredited),Room Rent,9317.03,941.35
CGHS_ROOM_01075,Surgical ICU Bed per day (Super-Specialty Wing),Room Rent,9586.94,746.34
CGHS_ROOM_01076,Neuro ICU Bed per day (Tier-1 City),Room Rent,9630.9,965.02
CGHS_ROOM_01077,Neuro ICU Bed per day (Tier-2 City),Room Rent,8709.93,810.19
CGHS_ROOM_01078,Neuro ICU Bed per day (NABH Accredited),Room Rent,9038.44,949.96
CGHS_ROOM_01079,Neuro ICU Bed per day (Non-NABH Accredited),Room Rent,9786.64,1031.05
CGHS_ROOM_01080,Neuro ICU Bed per day (Super-Specialty Wing),Room Rent,10162.69,1052.02
CGHS_ROOM_01081,Isolation ICU Bed per day (Tier-1 City),Room Rent,8357.48,907.6
CGHS_ROOM_01082,Isolation ICU Bed per day (Tier-2 City),Room Rent,8214.89,822.08
CGHS_ROOM_01083,Isolation ICU Bed per day (NABH Accredited),Room Rent,10443.92,1004.64
CGHS_ROOM_01084,Isolation ICU Bed per day (Non-NABH Accredited),Room Rent,9383.85,777.57
CGHS_ROOM_01085,Isolation ICU Bed per day (Super-Specialty Wing),Room Rent,8300.74,1014.91
CGHS_ROOM_01086,Burn Unit ICU Bed per day (Tier-1 City),Room Rent,9943.24,866.2
CGHS_ROOM_01087,Burn Unit ICU Bed per day (Tier-2 City),Room Rent,7733.9,959.34
CGHS_ROOM_01088,Burn Unit ICU Bed per day (NABH Accredited),Room Rent,8451.94,967.67
CGHS_ROOM_01089,Burn Unit ICU Bed per day (Non-NABH Accredited),Room Rent,9146.94,914.32
CGHS_ROOM_01090,Burn Unit ICU Bed per day (Super-Specialty Wing),Room Rent,9467.41,824.07
CGHS_ROOM_01091,Day Care Bed per day (Tier-1 City),Room Rent,1846.16,179.75
CGHS_ROOM_01092,Day Care Bed per day (Tier-2 City),Room Rent,1944.28,220.08
CGHS_ROOM_01093,Day Care Bed per day (NABH Accredited),Room Rent,2033.49,223.79
CGHS_ROOM_01094,Day Care Bed per day (Non-NABH Accredited),Room Rent,1999.04,215.34
CGHS_ROOM_01095,Day Care Bed per day (Super-Specialty Wing),Room Rent,1883.97,229.31
CGHS_PATH_01096,Complete Blood Count (CBC) - Automated Analyzer,Diagnostics - Pathology,270.26,25.01
CGHS_PATH_01097,Complete Blood Count (CBC) - ELISA Technique,Diagnostics - Pathology,285.9,20.54
CGHS_PATH_01098,Complete Blood Count (CBC) - CLIA Method,Diagnostics - Pathology,252.32,28.39
CGHS_PATH_01099,Complete Blood Count (CBC) - Rapid Card Screen,Diagnostics - Pathology,246.29,27.69
CGHS_PATH_01100,Complete Blood Count (CBC) - Real-Time PCR,Diagnostics - Pathology,284.68,23.97
CGHS_PATH_01101,Complete Blood Count (CBC) - Manual Spectrophotometry,Diagnostics - Pathology,273.35,20.3
CGHS_PATH_01102,Complete Blood Count (CBC) - HPLC Method,Diagnostics - Pathology,242.08,29.93
CGHS_PATH_01103,Complete Blood Count (CBC) - Fluorescence Immunoassay,Diagnostics - Pathology,255.66,23.56
CGHS_PATH_01104,Complete Blood Count (CBC) - Routine Protocol,Diagnostics - Pathology,283.82,24.32
CGHS_PATH_01105,Hemoglobin (Hb) - Automated Analyzer,Diagnostics - Pathology,96.29,10.64
CGHS_PATH_01106,Hemoglobin (Hb) - ELISA Technique,Diagnostics - Pathology,82.93,10.47
CGHS_PATH_01107,Hemoglobin (Hb) - CLIA Method,Diagnostics - Pathology,98.96,10.85
CGHS_PATH_01108,Hemoglobin (Hb) - Rapid Card Screen,Diagnostics - Pathology,82.85,8.62
CGHS_PATH_01109,Hemoglobin (Hb) - Real-Time PCR,Diagnostics - Pathology,97.01,10.54
CGHS_PATH_01110,Hemoglobin (Hb) - Manual Spectrophotometry,Diagnostics - Pathology,97.64,9.27
CGHS_PATH_01111,Hemoglobin (Hb) - HPLC Method,Diagnostics - Pathology,83.4,8.02
CGHS_PATH_01112,Hemoglobin (Hb) - Fluorescence Immunoassay,Diagnostics - Pathology,87.94,9.44
CGHS_PATH_01113,Hemoglobin (Hb) - Routine Protocol,Diagnostics - Pathology,87.07,8.53
CGHS_PATH_01114,Total Leucocyte Count (TLC) - Automated Analyzer,Diagnostics - Pathology,94.68,9.8
CGHS_PATH_01115,Total Leucocyte Count (TLC) - ELISA Technique,Diagnostics - Pathology,103.87,9.63
CGHS_PATH_01116,Total Leucocyte Count (TLC) - CLIA Method,Diagnostics - Pathology,90.66,9.42
CGHS_PATH_01117,Total Leucocyte Count (TLC) - Rapid Card Screen,Diagnostics - Pathology,92.33,10.39
CGHS_PATH_01118,Total Leucocyte Count (TLC) - Real-Time PCR,Diagnostics - Pathology,98.11,9.54
CGHS_PATH_01119,Total Leucocyte Count (TLC) - Manual Spectrophotometry,Diagnostics - Pathology,97.3,9.55
CGHS_PATH_01120,Total Leucocyte Count (TLC) - HPLC Method,Diagnostics - Pathology,92.12,11.6
CGHS_PATH_01121,Total Leucocyte Count (TLC) - Fluorescence Immunoassay,Diagnostics - Pathology,112.63,11.91
CGHS_PATH_01122,Total Leucocyte Count (TLC) - Routine Protocol,Diagnostics - Pathology,104.3,8.68
CGHS_PATH_01123,Differential Leucocyte Count (DLC) - Automated Analyzer,Diagnostics - Pathology,99.52,8.56
CGHS_PATH_01124,Differential Leucocyte Count (DLC) - ELISA Technique,Diagnostics - Pathology,97.53,9.97
CGHS_PATH_01125,Differential Leucocyte Count (DLC) - CLIA Method,Diagnostics - Pathology,91.58,9.74
CGHS_PATH_01126,Differential Leucocyte Count (DLC) - Rapid Card Screen,Diagnostics - Pathology,100.53,9.94
CGHS_PATH_01127,Differential Leucocyte Count (DLC) - Real-Time PCR,Diagnostics - Pathology,91.92,9.01
CGHS_PATH_01128,Differential Leucocyte Count (DLC) - Manual Spectrophotometry,Diagnostics - Pathology,96.16,10.5
CGHS_PATH_01129,Differential Leucocyte Count (DLC) - HPLC Method,Diagnostics - Pathology,104.85,8.78
CGHS_PATH_01130,Differential Leucocyte Count (DLC) - Fluorescence Immunoassay,Diagnostics - Pathology,92.67,9.22
CGHS_PATH_01131,Differential Leucocyte Count (DLC) - Routine Protocol,Diagnostics - Pathology,113.72,9.33
CGHS_PATH_01132,Platelet Count - Automated Analyzer,Diagnostics - Pathology,126.61,13.46
CGHS_PATH_01133,Platelet Count - ELISA Technique,Diagnostics - Pathology,117.89,11.21
CGHS_PATH_01134,Platelet Count - CLIA Method,Diagnostics - Pathology,132.46,13.73
CGHS_PATH_01135,Platelet Count - Rapid Card Screen,Diagnostics - Pathology,137.23,10.25
CGHS_PATH_01136,Platelet Count - Real-Time PCR,Diagnostics - Pathology,117.62,14.15
CGHS_PATH_01137,Platelet Count - Manual Spectrophotometry,Diagnostics - Pathology,114.03,11.11
CGHS_PATH_01138,Platelet Count - HPLC Method,Diagnostics - Pathology,136.94,14.25
CGHS_PATH_01139,Platelet Count - Fluorescence Immunoassay,Diagnostics - Pathology,116.74,12.94
CGHS_PATH_01140,Platelet Count - Routine Protocol,Diagnostics - Pathology,122.73,12.36
CGHS_PATH_01141,Erythrocyte Sedimentation Rate (ESR) - Automated Analyzer,Diagnostics - Pathology,76.85,7.6
CGHS_PATH_01142,Erythrocyte Sedimentation Rate (ESR) - ELISA Technique,Diagnostics - Pathology,88.33,7.66
CGHS_PATH_01143,Erythrocyte Sedimentation Rate (ESR) - CLIA Method,Diagnostics - Pathology,74.28,8.2
CGHS_PATH_01144,Erythrocyte Sedimentation Rate (ESR) - Rapid Card Screen,Diagnostics - Pathology,83.84,8.15
CGHS_PATH_01145,Erythrocyte Sedimentation Rate (ESR) - Real-Time PCR,Diagnostics - Pathology,85.63,8.16
CGHS_PATH_01146,Erythrocyte Sedimentation Rate (ESR) - Manual Spectrophotometry,Diagnostics - Pathology,91.06,7.88
CGHS_PATH_01147,Erythrocyte Sedimentation Rate (ESR) - HPLC Method,Diagnostics - Pathology,86.17,7.8
CGHS_PATH_01148,Erythrocyte Sedimentation Rate (ESR) - Fluorescence Immunoassay,Diagnostics - Pathology,77.83,8.62
CGHS_PATH_01149,Erythrocyte Sedimentation Rate (ESR) - Routine Protocol,Diagnostics - Pathology,88.38,8.95
CGHS_PATH_01150,Blood Grouping & Rh Typing - Automated Analyzer,Diagnostics - Pathology,110.25,11.0
CGHS_PATH_01151,Blood Grouping & Rh Typing - ELISA Technique,Diagnostics - Pathology,116.42,9.86
CGHS_PATH_01152,Blood Grouping & Rh Typing - CLIA Method,Diagnostics - Pathology,117.11,11.95
CGHS_PATH_01153,Blood Grouping & Rh Typing - Rapid Card Screen,Diagnostics - Pathology,120.7,9.13
CGHS_PATH_01154,Blood Grouping & Rh Typing - Real-Time PCR,Diagnostics - Pathology,126.24,10.91
CGHS_PATH_01155,Blood Grouping & Rh Typing - Manual Spectrophotometry,Diagnostics - Pathology,110.02,11.03
CGHS_PATH_01156,Blood Grouping & Rh Typing - HPLC Method,Diagnostics - Pathology,124.31,11.84
CGHS_PATH_01157,Blood Grouping & Rh Typing - Fluorescence Immunoassay,Diagnostics - Pathology,113.95,12.28
CGHS_PATH_01158,Blood Grouping & Rh Typing - Routine Protocol,Diagnostics - Pathology,108.89,12.74
CGHS_PATH_01159,Packed Cell Volume (PCV) - Automated Analyzer,Diagnostics - Pathology,93.08,9.5
CGHS_PATH_01160,Packed Cell Volume (PCV) - ELISA Technique,Diagnostics - Pathology,82.91,9.97
CGHS_PATH_01161,Packed Cell Volume (PCV) - CLIA Method,Diagnostics - Pathology,95.8,8.48
CGHS_PATH_01162,Packed Cell Volume (PCV) - Rapid Card Screen,Diagnostics - Pathology,95.56,7.36
CGHS_PATH_01163,Packed Cell Volume (PCV) - Real-Time PCR,Diagnostics - Pathology,103.13,9.64
CGHS_PATH_01164,Packed Cell Volume (PCV) - Manual Spectrophotometry,Diagnostics - Pathology,89.99,9.91
CGHS_PATH_01165,Packed Cell Volume (PCV) - HPLC Method,Diagnostics - Pathology,102.73,8.75
CGHS_PATH_01166,Packed Cell Volume (PCV) - Fluorescence Immunoassay,Diagnostics - Pathology,81.24,8.13
CGHS_PATH_01167,Packed Cell Volume (PCV) - Routine Protocol,Diagnostics - Pathology,92.49,9.07
CGHS_PATH_01168,Reticulocyte Count - Automated Analyzer,Diagnostics - Pathology,156.77,15.45
CGHS_PATH_01169,Reticulocyte Count - ELISA Technique,Diagnostics - Pathology,151.72,14.35
CGHS_PATH_01170,Reticulocyte Count - CLIA Method,Diagnostics - Pathology,163.96,15.53
CGHS_PATH_01171,Reticulocyte Count - Rapid Card Screen,Diagnostics - Pathology,153.77,14.07
CGHS_PATH_01172,Reticulocyte Count - Real-Time PCR,Diagnostics - Pathology,135.92,12.63
CGHS_PATH_01173,Reticulocyte Count - Manual Spectrophotometry,Diagnostics - Pathology,150.6,17.77
CGHS_PATH_01174,Reticulocyte Count - HPLC Method,Diagnostics - Pathology,139.35,17.64
CGHS_PATH_01175,Reticulocyte Count - Fluorescence Immunoassay,Diagnostics - Pathology,140.31,13.87
CGHS_PATH_01176,Reticulocyte Count - Routine Protocol,Diagnostics - Pathology,152.07,13.24
CGHS_PATH_01177,Peripheral Blood Smear - Automated Analyzer,Diagnostics - Pathology,153.11,14.86
CGHS_PATH_01178,Peripheral Blood Smear - ELISA Technique,Diagnostics - Pathology,151.43,16.18
CGHS_PATH_01179,Peripheral Blood Smear - CLIA Method,Diagnostics - Pathology,146.96,13.8
CGHS_PATH_01180,Peripheral Blood Smear - Rapid Card Screen,Diagnostics - Pathology,165.38,12.69
CGHS_PATH_01181,Peripheral Blood Smear - Real-Time PCR,Diagnostics - Pathology,166.84,15.89
CGHS_PATH_01182,Peripheral Blood Smear - Manual Spectrophotometry,Diagnostics - Pathology,160.39,12.99
CGHS_PATH_01183,Peripheral Blood Smear - HPLC Method,Diagnostics - Pathology,171.9,13.46
CGHS_PATH_01184,Peripheral Blood Smear - Fluorescence Immunoassay,Diagnostics - Pathology,141.54,12.96
CGHS_PATH_01185,Peripheral Blood Smear - Routine Protocol,Diagnostics - Pathology,155.99,17.75
CGHS_PATH_01186,Fasting Blood Sugar (FBS) - Automated Analyzer,Diagnostics - Pathology,76.64,7.7
CGHS_PATH_01187,Fasting Blood Sugar (FBS) - ELISA Technique,Diagnostics - Pathology,75.69,8.45
CGHS_PATH_01188,Fasting Blood Sugar (FBS) - CLIA Method,Diagnostics - Pathology,80.64,6.49
CGHS_PATH_01189,Fasting Blood Sugar (FBS) - Rapid Card Screen,Diagnostics - Pathology,84.28,7.03
CGHS_PATH_01190,Fasting Blood Sugar (FBS) - Real-Time PCR,Diagnostics - Pathology,83.84,7.64
CGHS_PATH_01191,Fasting Blood Sugar (FBS) - Manual Spectrophotometry,Diagnostics - Pathology,86.09,7.06
CGHS_PATH_01192,Fasting Blood Sugar (FBS) - HPLC Method,Diagnostics - Pathology,87.05,8.99
CGHS_PATH_01193,Fasting Blood Sugar (FBS) - Fluorescence Immunoassay,Diagnostics - Pathology,73.25,6.73
CGHS_PATH_01194,Fasting Blood Sugar (FBS) - Routine Protocol,Diagnostics - Pathology,89.44,7.0
CGHS_PATH_01195,Postprandial Blood Sugar (PPBS) - Automated Analyzer,Diagnostics - Pathology,78.52,7.86
CGHS_PATH_01196,Postprandial Blood Sugar (PPBS) - ELISA Technique,Diagnostics - Pathology,77.25,9.16
CGHS_PATH_01197,Postprandial Blood Sugar (PPBS) - CLIA Method,Diagnostics - Pathology,82.55,8.45
CGHS_PATH_01198,Postprandial Blood Sugar (PPBS) - Rapid Card Screen,Diagnostics - Pathology,83.94,8.36
CGHS_PATH_01199,Postprandial Blood Sugar (PPBS) - Real-Time PCR,Diagnostics - Pathology,83.74,7.51
CGHS_PATH_01200,Postprandial Blood Sugar (PPBS) - Manual Spectrophotometry,Diagnostics - Pathology,88.91,8.38
CGHS_PATH_01201,Postprandial Blood Sugar (PPBS) - HPLC Method,Diagnostics - Pathology,88.27,8.66
CGHS_PATH_01202,Postprandial Blood Sugar (PPBS) - Fluorescence Immunoassay,Diagnostics - Pathology,77.95,8.37
CGHS_PATH_01203,Postprandial Blood Sugar (PPBS) - Routine Protocol,Diagnostics - Pathology,73.7,6.83
CGHS_PATH_01204,Random Blood Sugar (RBS) - Automated Analyzer,Diagnostics - Pathology,65.06,6.46
CGHS_PATH_01205,Random Blood Sugar (RBS) - ELISA Technique,Diagnostics - Pathology,66.2,7.54
CGHS_PATH_01206,Random Blood Sugar (RBS) - CLIA Method,Diagnostics - Pathology,71.94,6.77
CGHS_PATH_01207,Random Blood Sugar (RBS) - Rapid Card Screen,Diagnostics - Pathology,65.41,6.67
CGHS_PATH_01208,Random Blood Sugar (RBS) - Real-Time PCR,Diagnostics - Pathology,66.25,7.38
CGHS_PATH_01209,Random Blood Sugar (RBS) - Manual Spectrophotometry,Diagnostics - Pathology,75.14,7.41
CGHS_PATH_01210,Random Blood Sugar (RBS) - HPLC Method,Diagnostics - Pathology,80.5,7.15
CGHS_PATH_01211,Random Blood Sugar (RBS) - Fluorescence Immunoassay,Diagnostics - Pathology,71.57,5.99
CGHS_PATH_01212,Random Blood Sugar (RBS) - Routine Protocol,Diagnostics - Pathology,68.51,6.86
CGHS_PATH_01213,HbA1c Glycated Hemoglobin - Automated Analyzer,Diagnostics - Pathology,411.03,42.46
CGHS_PATH_01214,HbA1c Glycated Hemoglobin - ELISA Technique,Diagnostics - Pathology,406.08,38.46
CGHS_PATH_01215,HbA1c Glycated Hemoglobin - CLIA Method,Diagnostics - Pathology,496.71,53.35
CGHS_PATH_01216,HbA1c Glycated Hemoglobin - Rapid Card Screen,Diagnostics - Pathology,461.86,44.91
CGHS_PATH_01217,HbA1c Glycated Hemoglobin - Real-Time PCR,Diagnostics - Pathology,482.03,43.48
CGHS_PATH_01218,HbA1c Glycated Hemoglobin - Manual Spectrophotometry,Diagnostics - Pathology,499.49,44.8
CGHS_PATH_01219,HbA1c Glycated Hemoglobin - HPLC Method,Diagnostics - Pathology,414.3,36.56
CGHS_PATH_01220,HbA1c Glycated Hemoglobin - Fluorescence Immunoassay,Diagnostics - Pathology,490.62,41.26
CGHS_PATH_01221,HbA1c Glycated Hemoglobin - Routine Protocol,Diagnostics - Pathology,435.92,45.68
CGHS_PATH_01222,Oral Glucose Tolerance Test (OGTT) - Automated Analyzer,Diagnostics - Pathology,235.51,24.57
CGHS_PATH_01223,Oral Glucose Tolerance Test (OGTT) - ELISA Technique,Diagnostics - Pathology,271.41,27.66
CGHS_PATH_01224,Oral Glucose Tolerance Test (OGTT) - CLIA Method,Diagnostics - Pathology,259.36,21.13
CGHS_PATH_01225,Oral Glucose Tolerance Test (OGTT) - Rapid Card Screen,Diagnostics - Pathology,232.14,27.75
CGHS_PATH_01226,Oral Glucose Tolerance Test (OGTT) - Real-Time PCR,Diagnostics - Pathology,276.46,23.67
CGHS_PATH_01227,Oral Glucose Tolerance Test (OGTT) - Manual Spectrophotometry,Diagnostics - Pathology,276.41,20.42
CGHS_PATH_01228,Oral Glucose Tolerance Test (OGTT) - HPLC Method,Diagnostics - Pathology,269.94,25.46
CGHS_PATH_01229,Oral Glucose Tolerance Test (OGTT) - Fluorescence Immunoassay,Diagnostics - Pathology,286.86,21.02
CGHS_PATH_01230,Oral Glucose Tolerance Test (OGTT) - Routine Protocol,Diagnostics - Pathology,276.88,27.51
CGHS_PATH_01231,Total Cholesterol - Automated Analyzer,Diagnostics - Pathology,146.16,18.0
CGHS_PATH_01232,Total Cholesterol - ELISA Technique,Diagnostics - Pathology,151.86,14.09
CGHS_PATH_01233,Total Cholesterol - CLIA Method,Diagnostics - Pathology,165.63,14.63
CGHS_PATH_01234,Total Cholesterol - Rapid Card Screen,Diagnostics - Pathology,172.27,16.65
CGHS_PATH_01235,Total Cholesterol - Real-Time PCR,Diagnostics - Pathology,143.89,16.86
CGHS_PATH_01236,Total Cholesterol - Manual Spectrophotometry,Diagnostics - Pathology,157.05,14.1
CGHS_PATH_01237,Total Cholesterol - HPLC Method,Diagnostics - Pathology,161.65,15.8
CGHS_PATH_01238,Total Cholesterol - Fluorescence Immunoassay,Diagnostics - Pathology,141.22,12.84
CGHS_PATH_01239,Total Cholesterol - Routine Protocol,Diagnostics - Pathology,142.75,13.24
CGHS_PATH_01240,HDL Cholesterol - Automated Analyzer,Diagnostics - Pathology,146.37,15.05
CGHS_PATH_01241,HDL Cholesterol - ELISA Technique,Diagnostics - Pathology,155.24,16.25
CGHS_PATH_01242,HDL Cholesterol - CLIA Method,Diagnostics - Pathology,156.95,17.31
CGHS_PATH_01243,HDL Cholesterol - Rapid Card Screen,Diagnostics - Pathology,155.57,14.51
CGHS_PATH_01244,HDL Cholesterol - Real-Time PCR,Diagnostics - Pathology,178.32,19.11
CGHS_PATH_01245,HDL Cholesterol - Manual Spectrophotometry,Diagnostics - Pathology,171.17,13.41
CGHS_PATH_01246,HDL Cholesterol - HPLC Method,Diagnostics - Pathology,182.51,17.83
CGHS_PATH_01247,HDL Cholesterol - Fluorescence Immunoassay,Diagnostics - Pathology,180.75,19.15
CGHS_PATH_01248,HDL Cholesterol - Routine Protocol,Diagnostics - Pathology,178.68,13.61
CGHS_PATH_01249,LDL Cholesterol - Automated Analyzer,Diagnostics - Pathology,200.97,16.2
CGHS_PATH_01250,LDL Cholesterol - ELISA Technique,Diagnostics - Pathology,194.01,20.37
CGHS_PATH_01251,LDL Cholesterol - CLIA Method,Diagnostics - Pathology,196.27,19.27
CGHS_PATH_01252,LDL Cholesterol - Rapid Card Screen,Diagnostics - Pathology,184.03,18.56
CGHS_PATH_01253,LDL Cholesterol - Real-Time PCR,Diagnostics - Pathology,174.09,17.38
CGHS_PATH_01254,LDL Cholesterol - Manual Spectrophotometry,Diagnostics - Pathology,182.34,18.96
CGHS_PATH_01255,LDL Cholesterol - HPLC Method,Diagnostics - Pathology,201.61,15.07
CGHS_PATH_01256,LDL Cholesterol - Fluorescence Immunoassay,Diagnostics - Pathology,185.2,16.4
CGHS_PATH_01257,LDL Cholesterol - Routine Protocol,Diagnostics - Pathology,204.14,17.06
CGHS_PATH_01258,Triglycerides - Automated Analyzer,Diagnostics - Pathology,193.39,15.83
CGHS_PATH_01259,Triglycerides - ELISA Technique,Diagnostics - Pathology,153.11,18.86
CGHS_PATH_01260,Triglycerides - CLIA Method,Diagnostics - Pathology,184.14,18.57
CGHS_PATH_01261,Triglycerides - Rapid Card Screen,Diagnostics - Pathology,172.48,18.12
CGHS_PATH_01262,Triglycerides - Real-Time PCR,Diagnostics - Pathology,168.22,14.03
CGHS_PATH_01263,Triglycerides - Manual Spectrophotometry,Diagnostics - Pathology,175.71,15.08
CGHS_PATH_01264,Triglycerides - HPLC Method,Diagnostics - Pathology,171.26,15.04
CGHS_PATH_01265,Triglycerides - Fluorescence Immunoassay,Diagnostics - Pathology,164.41,19.23
CGHS_PATH_01266,Triglycerides - Routine Protocol,Diagnostics - Pathology,167.35,17.53
CGHS_PATH_01267,VLDL Cholesterol - Automated Analyzer,Diagnostics - Pathology,145.81,13.92
CGHS_PATH_01268,VLDL Cholesterol - ELISA Technique,Diagnostics - Pathology,138.03,15.02
CGHS_PATH_01269,VLDL Cholesterol - CLIA Method,Diagnostics - Pathology,127.69,11.76
CGHS_PATH_01270,VLDL Cholesterol - Rapid Card Screen,Diagnostics - Pathology,153.44,13.77
CGHS_PATH_01271,VLDL Cholesterol - Real-Time PCR,Diagnostics - Pathology,130.35,16.0
CGHS_PATH_01272,VLDL Cholesterol - Manual Spectrophotometry,Diagnostics - Pathology,141.45,11.2
CGHS_PATH_01273,VLDL Cholesterol - HPLC Method,Diagnostics - Pathology,159.53,12.33
CGHS_PATH_01274,VLDL Cholesterol - Fluorescence Immunoassay,Diagnostics - Pathology,150.1,11.94
CGHS_PATH_01275,VLDL Cholesterol - Routine Protocol,Diagnostics - Pathology,148.75,12.09
CGHS_PATH_01276,Lipid Profile Complete - Automated Analyzer,Diagnostics - Pathology,623.25,50.03
CGHS_PATH_01277,Lipid Profile Complete - ELISA Technique,Diagnostics - Pathology,585.01,49.51
CGHS_PATH_01278,Lipid Profile Complete - CLIA Method,Diagnostics - Pathology,546.13,63.88
CGHS_PATH_01279,Lipid Profile Complete - Rapid Card Screen,Diagnostics - Pathology,517.76,52.72
CGHS_PATH_01280,Lipid Profile Complete - Real-Time PCR,Diagnostics - Pathology,537.01,59.39
CGHS_PATH_01281,Lipid Profile Complete - Manual Spectrophotometry,Diagnostics - Pathology,527.19,58.42
CGHS_PATH_01282,Lipid Profile Complete - HPLC Method,Diagnostics - Pathology,591.76,44.02
CGHS_PATH_01283,Lipid Profile Complete - Fluorescence Immunoassay,Diagnostics - Pathology,560.56,46.92
CGHS_PATH_01284,Lipid Profile Complete - Routine Protocol,Diagnostics - Pathology,526.1,58.96
CGHS_PATH_01285,Serum Creatinine - Automated Analyzer,Diagnostics - Pathology,108.28,12.94
CGHS_PATH_01286,Serum Creatinine - ELISA Technique,Diagnostics - Pathology,132.51,14.34
CGHS_PATH_01287,Serum Creatinine - CLIA Method,Diagnostics - Pathology,120.67,10.23
CGHS_PATH_01288,Serum Creatinine - Rapid Card Screen,Diagnostics - Pathology,110.12,11.44
CGHS_PATH_01289,Serum Creatinine - Real-Time PCR,Diagnostics - Pathology,129.92,10.09
CGHS_PATH_01290,Serum Creatinine - Manual Spectrophotometry,Diagnostics - Pathology,117.4,13.83
CGHS_PATH_01291,Serum Creatinine - HPLC Method,Diagnostics - Pathology,112.11,13.31
CGHS_PATH_01292,Serum Creatinine - Fluorescence Immunoassay,Diagnostics - Pathology,130.59,10.24
CGHS_PATH_01293,Serum Creatinine - Routine Protocol,Diagnostics - Pathology,137.79,10.29
CGHS_PATH_01294,Blood Urea Nitrogen (BUN) - Automated Analyzer,Diagnostics - Pathology,134.24,10.44
CGHS_PATH_01295,Blood Urea Nitrogen (BUN) - ELISA Technique,Diagnostics - Pathology,138.13,12.69
CGHS_PATH_01296,Blood Urea Nitrogen (BUN) - CLIA Method,Diagnostics - Pathology,140.48,13.67
CGHS_PATH_01297,Blood Urea Nitrogen (BUN) - Rapid Card Screen,Diagnostics - Pathology,121.92,12.54
CGHS_PATH_01298,Blood Urea Nitrogen (BUN) - Real-Time PCR,Diagnostics - Pathology,139.31,14.87
CGHS_PATH_01299,Blood Urea Nitrogen (BUN) - Manual Spectrophotometry,Diagnostics - Pathology,119.82,10.92
CGHS_PATH_01300,Blood Urea Nitrogen (BUN) - HPLC Method,Diagnostics - Pathology,141.45,13.47
CGHS_PATH_01301,Blood Urea Nitrogen (BUN) - Fluorescence Immunoassay,Diagnostics - Pathology,129.48,15.41
CGHS_PATH_01302,Blood Urea Nitrogen (BUN) - Routine Protocol,Diagnostics - Pathology,127.22,11.13
CGHS_PATH_01303,Uric Acid - Automated Analyzer,Diagnostics - Pathology,135.69,11.67
CGHS_PATH_01304,Uric Acid - ELISA Technique,Diagnostics - Pathology,145.37,14.56
CGHS_PATH_01305,Uric Acid - CLIA Method,Diagnostics - Pathology,147.27,15.56
CGHS_PATH_01306,Uric Acid - Rapid Card Screen,Diagnostics - Pathology,150.17,15.95
CGHS_PATH_01307,Uric Acid - Real-Time PCR,Diagnostics - Pathology,149.04,12.89
CGHS_PATH_01308,Uric Acid - Manual Spectrophotometry,Diagnostics - Pathology,144.12,14.05
CGHS_PATH_01309,Uric Acid - HPLC Method,Diagnostics - Pathology,152.17,12.86
CGHS_PATH_01310,Uric Acid - Fluorescence Immunoassay,Diagnostics - Pathology,127.91,16.23
CGHS_PATH_01311,Uric Acid - Routine Protocol,Diagnostics - Pathology,159.41,13.97
CGHS_PATH_01312,Serum Sodium (Na+) - Automated Analyzer,Diagnostics - Pathology,102.1,11.0
CGHS_PATH_01313,Serum Sodium (Na+) - ELISA Technique,Diagnostics - Pathology,115.33,11.12
CGHS_PATH_01314,Serum Sodium (Na+) - CLIA Method,Diagnostics - Pathology,125.89,13.14
CGHS_PATH_01315,Serum Sodium (Na+) - Rapid Card Screen,Diagnostics - Pathology,124.68,9.38
CGHS_PATH_01316,Serum Sodium (Na+) - Real-Time PCR,Diagnostics - Pathology,122.67,11.3
CGHS_PATH_01317,Serum Sodium (Na+) - Manual Spectrophotometry,Diagnostics - Pathology,109.05,11.8
CGHS_PATH_01318,Serum Sodium (Na+) - HPLC Method,Diagnostics - Pathology,119.97,13.0
CGHS_PATH_01319,Serum Sodium (Na+) - Fluorescence Immunoassay,Diagnostics - Pathology,120.19,8.87
CGHS_PATH_01320,Serum Sodium (Na+) - Routine Protocol,Diagnostics - Pathology,100.86,9.95
CGHS_PATH_01321,Serum Potassium (K+) - Automated Analyzer,Diagnostics - Pathology,100.1,9.07
CGHS_PATH_01322,Serum Potassium (K+) - ELISA Technique,Diagnostics - Pathology,120.71,11.03
CGHS_PATH_01323,Serum Potassium (K+) - CLIA Method,Diagnostics - Pathology,116.29,11.0
CGHS_PATH_01324,Serum Potassium (K+) - Rapid Card Screen,Diagnostics - Pathology,110.42,11.89
CGHS_PATH_01325,Serum Potassium (K+) - Real-Time PCR,Diagnostics - Pathology,101.27,11.16
CGHS_PATH_01326,Serum Potassium (K+) - Manual Spectrophotometry,Diagnostics - Pathology,115.94,10.02
CGHS_PATH_01327,Serum Potassium (K+) - HPLC Method,Diagnostics - Pathology,107.52,11.05
CGHS_PATH_01328,Serum Potassium (K+) - Fluorescence Immunoassay,Diagnostics - Pathology,104.59,12.36
CGHS_PATH_01329,Serum Potassium (K+) - Routine Protocol,Diagnostics - Pathology,113.75,10.52
CGHS_PATH_01330,Serum Chloride (Cl-) - Automated Analyzer,Diagnostics - Pathology,116.44,12.47
CGHS_PATH_01331,Serum Chloride (Cl-) - ELISA Technique,Diagnostics - Pathology,117.73,9.09
CGHS_PATH_01332,Serum Chloride (Cl-) - CLIA Method,Diagnostics - Pathology,118.21,12.01
CGHS_PATH_01333,Serum Chloride (Cl-) - Rapid Card Screen,Diagnostics - Pathology,122.28,9.05
CGHS_PATH_01334,Serum Chloride (Cl-) - Real-Time PCR,Diagnostics - Pathology,101.37,10.71
CGHS_PATH_01335,Serum Chloride (Cl-) - Manual Spectrophotometry,Diagnostics - Pathology,111.47,11.48
CGHS_PATH_01336,Serum Chloride (Cl-) - HPLC Method,Diagnostics - Pathology,107.51,12.06
CGHS_PATH_01337,Serum Chloride (Cl-) - Fluorescence Immunoassay,Diagnostics - Pathology,119.37,9.33
CGHS_PATH_01338,Serum Chloride (Cl-) - Routine Protocol,Diagnostics - Pathology,118.47,11.89
CGHS_PATH_01339,Serum Calcium - Automated Analyzer,Diagnostics - Pathology,141.14,17.72
CGHS_PATH_01340,Serum Calcium - ELISA Technique,Diagnostics - Pathology,154.61,16.7
CGHS_PATH_01341,Serum Calcium - CLIA Method,Diagnostics - Pathology,162.03,13.0
CGHS_PATH_01342,Serum Calcium - Rapid Card Screen,Diagnostics - Pathology,139.76,16.69
CGHS_PATH_01343,Serum Calcium - Real-Time PCR,Diagnostics - Pathology,145.08,17.32
CGHS_PATH_01344,Serum Calcium - Manual Spectrophotometry,Diagnostics - Pathology,163.93,12.18
CGHS_PATH_01345,Serum Calcium - HPLC Method,Diagnostics - Pathology,165.27,13.63
CGHS_PATH_01346,Serum Calcium - Fluorescence Immunoassay,Diagnostics - Pathology,137.4,16.27
CGHS_PATH_01347,Serum Calcium - Routine Protocol,Diagnostics - Pathology,156.62,12.46
CGHS_PATH_01348,Serum Phosphorus - Automated Analyzer,Diagnostics - Pathology,152.07,14.16
CGHS_PATH_01349,Serum Phosphorus - ELISA Technique,Diagnostics - Pathology,153.74,15.4
CGHS_PATH_01350,Serum Phosphorus - CLIA Method,Diagnostics - Pathology,148.79,13.53
CGHS_PATH_01351,Serum Phosphorus - Rapid Card Screen,Diagnostics - Pathology,138.86,15.44
CGHS_PATH_01352,Serum Phosphorus - Real-Time PCR,Diagnostics - Pathology,162.1,13.37
CGHS_PATH_01353,Serum Phosphorus - Manual Spectrophotometry,Diagnostics - Pathology,154.08,12.26
CGHS_PATH_01354,Serum Phosphorus - HPLC Method,Diagnostics - Pathology,167.36,13.47
CGHS_PATH_01355,Serum Phosphorus - Fluorescence Immunoassay,Diagnostics - Pathology,152.69,14.3
CGHS_PATH_01356,Serum Phosphorus - Routine Protocol,Diagnostics - Pathology,140.63,17.59
CGHS_PATH_01357,Serum Magnesium - Automated Analyzer,Diagnostics - Pathology,222.87,20.42
CGHS_PATH_01358,Serum Magnesium - ELISA Technique,Diagnostics - Pathology,225.7,21.93
CGHS_PATH_01359,Serum Magnesium - CLIA Method,Diagnostics - Pathology,200.97,18.57
CGHS_PATH_01360,Serum Magnesium - Rapid Card Screen,Diagnostics - Pathology,200.81,21.76
CGHS_PATH_01361,Serum Magnesium - Real-Time PCR,Diagnostics - Pathology,193.56,16.62
CGHS_PATH_01362,Serum Magnesium - Manual Spectrophotometry,Diagnostics - Pathology,198.64,20.02
CGHS_PATH_01363,Serum Magnesium - HPLC Method,Diagnostics - Pathology,225.1,17.43
CGHS_PATH_01364,Serum Magnesium - Fluorescence Immunoassay,Diagnostics - Pathology,220.22,23.85
CGHS_PATH_01365,Serum Magnesium - Routine Protocol,Diagnostics - Pathology,227.7,16.55
CGHS_PATH_01366,Kidney Function Test (KFT) - Automated Analyzer,Diagnostics - Pathology,609.76,54.78
CGHS_PATH_01367,Kidney Function Test (KFT) - ELISA Technique,Diagnostics - Pathology,666.73,55.86
CGHS_PATH_01368,Kidney Function Test (KFT) - CLIA Method,Diagnostics - Pathology,622.96,48.19
CGHS_PATH_01369,Kidney Function Test (KFT) - Rapid Card Screen,Diagnostics - Pathology,570.1,61.53
CGHS_PATH_01370,Kidney Function Test (KFT) - Real-Time PCR,Diagnostics - Pathology,585.59,62.95
CGHS_PATH_01371,Kidney Function Test (KFT) - Manual Spectrophotometry,Diagnostics - Pathology,609.59,62.2
CGHS_PATH_01372,Kidney Function Test (KFT) - HPLC Method,Diagnostics - Pathology,614.0,66.54
CGHS_PATH_01373,Kidney Function Test (KFT) - Fluorescence Immunoassay,Diagnostics - Pathology,569.31,69.61
CGHS_PATH_01374,Kidney Function Test (KFT) - Routine Protocol,Diagnostics - Pathology,654.07,53.88
CGHS_PATH_01375,Liver Function Test (LFT) - Automated Analyzer,Diagnostics - Pathology,586.04,62.66
CGHS_PATH_01376,Liver Function Test (LFT) - ELISA Technique,Diagnostics - Pathology,622.86,61.01
CGHS_PATH_01377,Liver Function Test (LFT) - CLIA Method,Diagnostics - Pathology,721.43,74.81
CGHS_PATH_01378,Liver Function Test (LFT) - Rapid Card Screen,Diagnostics - Pathology,739.54,52.04
CGHS_PATH_01379,Liver Function Test (LFT) - Real-Time PCR,Diagnostics - Pathology,691.81,74.07
CGHS_PATH_01380,Liver Function Test (LFT) - Manual Spectrophotometry,Diagnostics - Pathology,703.17,54.7
CGHS_PATH_01381,Liver Function Test (LFT) - HPLC Method,Diagnostics - Pathology,671.09,58.19
CGHS_PATH_01382,Liver Function Test (LFT) - Fluorescence Immunoassay,Diagnostics - Pathology,664.95,53.56
CGHS_PATH_01383,Liver Function Test (LFT) - Routine Protocol,Diagnostics - Pathology,747.01,70.5
CGHS_PATH_01384,Serum Bilirubin Total & Direct - Automated Analyzer,Diagnostics - Pathology,166.19,21.03
CGHS_PATH_01385,Serum Bilirubin Total & Direct - ELISA Technique,Diagnostics - Pathology,202.38,18.14
CGHS_PATH_01386,Serum Bilirubin Total & Direct - CLIA Method,Diagnostics - Pathology,193.54,17.08
CGHS_PATH_01387,Serum Bilirubin Total & Direct - Rapid Card Screen,Diagnostics - Pathology,205.85,15.01
CGHS_PATH_01388,Serum Bilirubin Total & Direct - Real-Time PCR,Diagnostics - Pathology,166.3,15.36
CGHS_PATH_01389,Serum Bilirubin Total & Direct - Manual Spectrophotometry,Diagnostics - Pathology,198.9,14.94
CGHS_PATH_01390,Serum Bilirubin Total & Direct - HPLC Method,Diagnostics - Pathology,187.55,17.53
CGHS_PATH_01391,Serum Bilirubin Total & Direct - Fluorescence Immunoassay,Diagnostics - Pathology,205.39,16.1
CGHS_PATH_01392,Serum Bilirubin Total & Direct - Routine Protocol,Diagnostics - Pathology,173.74,16.67
CGHS_PATH_01393,SGOT / AST - Automated Analyzer,Diagnostics - Pathology,143.03,14.04
CGHS_PATH_01394,SGOT / AST - ELISA Technique,Diagnostics - Pathology,140.9,12.05
CGHS_PATH_01395,SGOT / AST - CLIA Method,Diagnostics - Pathology,125.84,10.79
CGHS_PATH_01396,SGOT / AST - Rapid Card Screen,Diagnostics - Pathology,123.59,14.46
CGHS_PATH_01397,SGOT / AST - Real-Time PCR,Diagnostics - Pathology,136.0,11.21
CGHS_PATH_01398,SGOT / AST - Manual Spectrophotometry,Diagnostics - Pathology,122.34,12.82
CGHS_PATH_01399,SGOT / AST - HPLC Method,Diagnostics - Pathology,130.21,13.19
CGHS_PATH_01400,SGOT / AST - Fluorescence Immunoassay,Diagnostics - Pathology,148.35,11.48
CGHS_PATH_01401,SGOT / AST - Routine Protocol,Diagnostics - Pathology,127.02,11.78
CGHS_PATH_01402,SGPT / ALT - Automated Analyzer,Diagnostics - Pathology,120.9,11.22
CGHS_PATH_01403,SGPT / ALT - ELISA Technique,Diagnostics - Pathology,139.3,14.7
CGHS_PATH_01404,SGPT / ALT - CLIA Method,Diagnostics - Pathology,139.65,10.61
CGHS_PATH_01405,SGPT / ALT - Rapid Card Screen,Diagnostics - Pathology,144.17,12.1
CGHS_PATH_01406,SGPT / ALT - Real-Time PCR,Diagnostics - Pathology,119.96,11.69
CGHS_PATH_01407,SGPT / ALT - Manual Spectrophotometry,Diagnostics - Pathology,128.56,13.07
CGHS_PATH_01408,SGPT / ALT - HPLC Method,Diagnostics - Pathology,139.01,11.75
CGHS_PATH_01409,SGPT / ALT - Fluorescence Immunoassay,Diagnostics - Pathology,149.2,10.56
CGHS_PATH_01410,SGPT / ALT - Routine Protocol,Diagnostics - Pathology,130.14,12.75
CGHS_PATH_01411,Alkaline Phosphatase (ALP) - Automated Analyzer,Diagnostics - Pathology,152.18,12.6
CGHS_PATH_01412,Alkaline Phosphatase (ALP) - ELISA Technique,Diagnostics - Pathology,142.17,15.7
CGHS_PATH_01413,Alkaline Phosphatase (ALP) - CLIA Method,Diagnostics - Pathology,130.89,11.27
CGHS_PATH_01414,Alkaline Phosphatase (ALP) - Rapid Card Screen,Diagnostics - Pathology,155.06,16.7
CGHS_PATH_01415,Alkaline Phosphatase (ALP) - Real-Time PCR,Diagnostics - Pathology,130.58,15.81
CGHS_PATH_01416,Alkaline Phosphatase (ALP) - Manual Spectrophotometry,Diagnostics - Pathology,139.03,14.73
CGHS_PATH_01417,Alkaline Phosphatase (ALP) - HPLC Method,Diagnostics - Pathology,148.56,14.46
CGHS_PATH_01418,Alkaline Phosphatase (ALP) - Fluorescence Immunoassay,Diagnostics - Pathology,135.06,15.75
CGHS_PATH_01419,Alkaline Phosphatase (ALP) - Routine Protocol,Diagnostics - Pathology,126.76,11.56
CGHS_PATH_01420,Serum Albumin - Automated Analyzer,Diagnostics - Pathology,135.07,11.73
CGHS_PATH_01421,Serum Albumin - ELISA Technique,Diagnostics - Pathology,111.86,13.94
CGHS_PATH_01422,Serum Albumin - CLIA Method,Diagnostics - Pathology,132.88,11.19
CGHS_PATH_01423,Serum Albumin - Rapid Card Screen,Diagnostics - Pathology,109.28,11.81
CGHS_PATH_01424,Serum Albumin - Real-Time PCR,Diagnostics - Pathology,113.04,12.35
CGHS_PATH_01425,Serum Albumin - Manual Spectrophotometry,Diagnostics - Pathology,132.65,11.5
CGHS_PATH_01426,Serum Albumin - HPLC Method,Diagnostics - Pathology,108.88,12.88
CGHS_PATH_01427,Serum Albumin - Fluorescence Immunoassay,Diagnostics - Pathology,113.18,10.63
CGHS_PATH_01428,Serum Albumin - Routine Protocol,Diagnostics - Pathology,113.61,10.94
CGHS_PATH_01429,Serum Globulin - Automated Analyzer,Diagnostics - Pathology,134.5,9.77
CGHS_PATH_01430,Serum Globulin - ELISA Technique,Diagnostics - Pathology,126.58,10.78
CGHS_PATH_01431,Serum Globulin - CLIA Method,Diagnostics - Pathology,116.85,11.58
CGHS_PATH_01432,Serum Globulin - Rapid Card Screen,Diagnostics - Pathology,124.52,9.89
CGHS_PATH_01433,Serum Globulin - Real-Time PCR,Diagnostics - Pathology,116.39,10.26
CGHS_PATH_01434,Serum Globulin - Manual Spectrophotometry,Diagnostics - Pathology,113.98,13.85
CGHS_PATH_01435,Serum Globulin - HPLC Method,Diagnostics - Pathology,123.77,12.63
CGHS_PATH_01436,Serum Globulin - Fluorescence Immunoassay,Diagnostics - Pathology,132.07,13.42
CGHS_PATH_01437,Serum Globulin - Routine Protocol,Diagnostics - Pathology,137.68,13.35
CGHS_PATH_01438,Total Serum Protein - Automated Analyzer,Diagnostics - Pathology,128.67,13.23
CGHS_PATH_01439,Total Serum Protein - ELISA Technique,Diagnostics - Pathology,132.75,15.15
CGHS_PATH_01440,Total Serum Protein - CLIA Method,Diagnostics - Pathology,133.33,12.42
CGHS_PATH_01441,Total Serum Protein - Rapid Card Screen,Diagnostics - Pathology,122.84,12.06
CGHS_PATH_01442,Total Serum Protein - Real-Time PCR,Diagnostics - Pathology,124.12,15.06
CGHS_PATH_01443,Total Serum Protein - Manual Spectrophotometry,Diagnostics - Pathology,142.3,10.7
CGHS_PATH_01444,Total Serum Protein - HPLC Method,Diagnostics - Pathology,149.22,13.15
CGHS_PATH_01445,Total Serum Protein - Fluorescence Immunoassay,Diagnostics - Pathology,141.92,15.6
CGHS_PATH_01446,Total Serum Protein - Routine Protocol,Diagnostics - Pathology,148.65,10.92
CGHS_PATH_01447,Thyroid Profile (T3 T4 TSH) - Automated Analyzer,Diagnostics - Pathology,532.11,45.33
CGHS_PATH_01448,Thyroid Profile (T3 T4 TSH) - ELISA Technique,Diagnostics - Pathology,552.04,58.35
CGHS_PATH_01449,Thyroid Profile (T3 T4 TSH) - CLIA Method,Diagnostics - Pathology,456.99,59.93
CGHS_PATH_01450,Thyroid Profile (T3 T4 TSH) - Rapid Card Screen,Diagnostics - Pathology,477.43,56.93
CGHS_PATH_01451,Thyroid Profile (T3 T4 TSH) - Real-Time PCR,Diagnostics - Pathology,549.67,47.1
CGHS_PATH_01452,Thyroid Profile (T3 T4 TSH) - Manual Spectrophotometry,Diagnostics - Pathology,554.9,56.9
CGHS_PATH_01453,Thyroid Profile (T3 T4 TSH) - HPLC Method,Diagnostics - Pathology,472.01,51.85
CGHS_PATH_01454,Thyroid Profile (T3 T4 TSH) - Fluorescence Immunoassay,Diagnostics - Pathology,550.78,53.95
CGHS_PATH_01455,Thyroid Profile (T3 T4 TSH) - Routine Protocol,Diagnostics - Pathology,564.25,40.56
CGHS_PATH_01456,Free T3 (FT3) - Automated Analyzer,Diagnostics - Pathology,236.53,25.94
CGHS_PATH_01457,Free T3 (FT3) - ELISA Technique,Diagnostics - Pathology,229.0,22.56
CGHS_PATH_01458,Free T3 (FT3) - CLIA Method,Diagnostics - Pathology,208.35,26.29
CGHS_PATH_01459,Free T3 (FT3) - Rapid Card Screen,Diagnostics - Pathology,246.49,21.93
CGHS_PATH_01460,Free T3 (FT3) - Real-Time PCR,Diagnostics - Pathology,215.0,21.92
CGHS_PATH_01461,Free T3 (FT3) - Manual Spectrophotometry,Diagnostics - Pathology,202.96,19.65
CGHS_PATH_01462,Free T3 (FT3) - HPLC Method,Diagnostics - Pathology,210.03,22.23
CGHS_PATH_01463,Free T3 (FT3) - Fluorescence Immunoassay,Diagnostics - Pathology,198.04,25.68
CGHS_PATH_01464,Free T3 (FT3) - Routine Protocol,Diagnostics - Pathology,209.08,18.75
CGHS_PATH_01465,Free T4 (FT4) - Automated Analyzer,Diagnostics - Pathology,237.43,25.69
CGHS_PATH_01466,Free T4 (FT4) - ELISA Technique,Diagnostics - Pathology,244.44,20.45
CGHS_PATH_01467,Free T4 (FT4) - CLIA Method,Diagnostics - Pathology,199.21,22.76
CGHS_PATH_01468,Free T4 (FT4) - Rapid Card Screen,Diagnostics - Pathology,248.45,24.41
CGHS_PATH_01469,Free T4 (FT4) - Real-Time PCR,Diagnostics - Pathology,244.56,25.17
CGHS_PATH_01470,Free T4 (FT4) - Manual Spectrophotometry,Diagnostics - Pathology,250.83,20.89
CGHS_PATH_01471,Free T4 (FT4) - HPLC Method,Diagnostics - Pathology,249.81,21.08
CGHS_PATH_01472,Free T4 (FT4) - Fluorescence Immunoassay,Diagnostics - Pathology,203.56,20.26
CGHS_PATH_01473,Free T4 (FT4) - Routine Protocol,Diagnostics - Pathology,205.5,18.99
CGHS_PATH_01474,Anti-TPO Antibodies - Automated Analyzer,Diagnostics - Pathology,909.74,89.34
CGHS_PATH_01475,Anti-TPO Antibodies - ELISA Technique,Diagnostics - Pathology,912.13,84.77
CGHS_PATH_01476,Anti-TPO Antibodies - CLIA Method,Diagnostics - Pathology,754.84,95.0
CGHS_PATH_01477,Anti-TPO Antibodies - Rapid Card Screen,Diagnostics - Pathology,858.71,93.72
CGHS_PATH_01478,Anti-TPO Antibodies - Real-Time PCR,Diagnostics - Pathology,877.4,71.14
CGHS_PATH_01479,Anti-TPO Antibodies - Manual Spectrophotometry,Diagnostics - Pathology,837.79,69.61
CGHS_PATH_01480,Anti-TPO Antibodies - HPLC Method,Diagnostics - Pathology,781.36,86.03
CGHS_PATH_01481,Anti-TPO Antibodies - Fluorescence Immunoassay,Diagnostics - Pathology,745.47,87.32
CGHS_PATH_01482,Anti-TPO Antibodies - Routine Protocol,Diagnostics - Pathology,909.76,94.36
CGHS_PATH_01483,Vitamin D (25-OH) - Automated Analyzer,Diagnostics - Pathology,1097.69,131.75
CGHS_PATH_01484,Vitamin D (25-OH) - ELISA Technique,Diagnostics - Pathology,1255.43,89.42
CGHS_PATH_01485,Vitamin D (25-OH) - CLIA Method,Diagnostics - Pathology,1155.66,128.53
CGHS_PATH_01486,Vitamin D (25-OH) - Rapid Card Screen,Diagnostics - Pathology,1256.07,97.72
CGHS_PATH_01487,Vitamin D (25-OH) - Real-Time PCR,Diagnostics - Pathology,1145.53,129.21
CGHS_PATH_01488,Vitamin D (25-OH) - Manual Spectrophotometry,Diagnostics - Pathology,1028.68,120.8
CGHS_PATH_01489,Vitamin D (25-OH) - HPLC Method,Diagnostics - Pathology,1055.45,131.22
CGHS_PATH_01490,Vitamin D (25-OH) - Fluorescence Immunoassay,Diagnostics - Pathology,1036.17,126.95
CGHS_PATH_01491,Vitamin D (25-OH) - Routine Protocol,Diagnostics - Pathology,1014.4,119.19
CGHS_PATH_01492,Vitamin B12 - Automated Analyzer,Diagnostics - Pathology,900.81,98.15
CGHS_PATH_01493,Vitamin B12 - ELISA Technique,Diagnostics - Pathology,859.91,77.02
CGHS_PATH_01494,Vitamin B12 - CLIA Method,Diagnostics - Pathology,818.03,70.31
CGHS_PATH_01495,Vitamin B12 - Rapid Card Screen,Diagnostics - Pathology,819.54,71.67
CGHS_PATH_01496,Vitamin B12 - Real-Time PCR,Diagnostics - Pathology,765.27,81.12
CGHS_PATH_01497,Vitamin B12 - Manual Spectrophotometry,Diagnostics - Pathology,920.67,100.95
CGHS_PATH_01498,Vitamin B12 - HPLC Method,Diagnostics - Pathology,952.97,84.76
CGHS_PATH_01499,Vitamin B12 - Fluorescence Immunoassay,Diagnostics - Pathology,845.48,86.56
CGHS_PATH_01500,Vitamin B12 - Routine Protocol,Diagnostics - Pathology,786.55,84.3
CGHS_PATH_01501,Serum Ferritin - Automated Analyzer,Diagnostics - Pathology,669.61,63.62
CGHS_PATH_01502,Serum Ferritin - ELISA Technique,Diagnostics - Pathology,643.07,51.9
CGHS_PATH_01503,Serum Ferritin - CLIA Method,Diagnostics - Pathology,551.06,68.3
CGHS_PATH_01504,Serum Ferritin - Rapid Card Screen,Diagnostics - Pathology,584.24,55.65
CGHS_PATH_01505,Serum Ferritin - Real-Time PCR,Diagnostics - Pathology,682.75,49.78
CGHS_PATH_01506,Serum Ferritin - Manual Spectrophotometry,Diagnostics - Pathology,565.52,57.01
CGHS_PATH_01507,Serum Ferritin - HPLC Method,Diagnostics - Pathology,649.8,61.13
CGHS_PATH_01508,Serum Ferritin - Fluorescence Immunoassay,Diagnostics - Pathology,674.72,50.23
CGHS_PATH_01509,Serum Ferritin - Routine Protocol,Diagnostics - Pathology,629.1,62.73
CGHS_PATH_01510,Serum Iron Profile - Automated Analyzer,Diagnostics - Pathology,714.48,56.87
CGHS_PATH_01511,Serum Iron Profile - ELISA Technique,Diagnostics - Pathology,794.93,60.62
CGHS_PATH_01512,Serum Iron Profile - CLIA Method,Diagnostics - Pathology,785.71,60.4
CGHS_PATH_01513,Serum Iron Profile - Rapid Card Screen,Diagnostics - Pathology,647.72,61.76
CGHS_PATH_01514,Serum Iron Profile - Real-Time PCR,Diagnostics - Pathology,663.25,75.52
CGHS_PATH_01515,Serum Iron Profile - Manual Spectrophotometry,Diagnostics - Pathology,756.36,76.44
CGHS_PATH_01516,Serum Iron Profile - HPLC Method,Diagnostics - Pathology,676.42,63.88
CGHS_PATH_01517,Serum Iron Profile - Fluorescence Immunoassay,Diagnostics - Pathology,671.57,57.39
CGHS_PATH_01518,Serum Iron Profile - Routine Protocol,Diagnostics - Pathology,730.06,79.52
CGHS_PATH_01519,Total Iron Binding Capacity (TIBC) - Automated Analyzer,Diagnostics - Pathology,281.52,28.33
CGHS_PATH_01520,Total Iron Binding Capacity (TIBC) - ELISA Technique,Diagnostics - Pathology,302.07,27.53
CGHS_PATH_01521,Total Iron Binding Capacity (TIBC) - CLIA Method,Diagnostics - Pathology,319.65,31.2
CGHS_PATH_01522,Total Iron Binding Capacity (TIBC) - Rapid Card Screen,Diagnostics - Pathology,284.98,24.31
CGHS_PATH_01523,Total Iron Binding Capacity (TIBC) - Real-Time PCR,Diagnostics - Pathology,282.81,27.5
CGHS_PATH_01524,Total Iron Binding Capacity (TIBC) - Manual Spectrophotometry,Diagnostics - Pathology,276.15,34.13
CGHS_PATH_01525,Total Iron Binding Capacity (TIBC) - HPLC Method,Diagnostics - Pathology,293.13,28.77
CGHS_PATH_01526,Total Iron Binding Capacity (TIBC) - Fluorescence Immunoassay,Diagnostics - Pathology,306.68,31.93
CGHS_PATH_01527,Total Iron Binding Capacity (TIBC) - Routine Protocol,Diagnostics - Pathology,276.84,30.53
CGHS_PATH_01528,Dengue NS1 Antigen - Automated Analyzer,Diagnostics - Pathology,567.73,69.25
CGHS_PATH_01529,Dengue NS1 Antigen - ELISA Technique,Diagnostics - Pathology,595.41,58.7
CGHS_PATH_01530,Dengue NS1 Antigen - CLIA Method,Diagnostics - Pathology,579.49,59.16
CGHS_PATH_01531,Dengue NS1 Antigen - Rapid Card Screen,Diagnostics - Pathology,573.94,54.45
CGHS_PATH_01532,Dengue NS1 Antigen - Real-Time PCR,Diagnostics - Pathology,549.25,66.05
CGHS_PATH_01533,Dengue NS1 Antigen - Manual Spectrophotometry,Diagnostics - Pathology,640.12,50.06
CGHS_PATH_01534,Dengue NS1 Antigen - HPLC Method,Diagnostics - Pathology,591.57,60.99
CGHS_PATH_01535,Dengue NS1 Antigen - Fluorescence Immunoassay,Diagnostics - Pathology,685.61,62.15
CGHS_PATH_01536,Dengue NS1 Antigen - Routine Protocol,Diagnostics - Pathology,623.04,68.18
CGHS_PATH_01537,Dengue IgG/IgM Antibodies - Automated Analyzer,Diagnostics - Pathology,717.99,62.88
CGHS_PATH_01538,Dengue IgG/IgM Antibodies - ELISA Technique,Diagnostics - Pathology,672.02,74.54
CGHS_PATH_01539,Dengue IgG/IgM Antibodies - CLIA Method,Diagnostics - Pathology,662.16,74.92
CGHS_PATH_01540,Dengue IgG/IgM Antibodies - Rapid Card Screen,Diagnostics - Pathology,662.39,54.05
CGHS_PATH_01541,Dengue IgG/IgM Antibodies - Real-Time PCR,Diagnostics - Pathology,731.7,70.57
CGHS_PATH_01542,Dengue IgG/IgM Antibodies - Manual Spectrophotometry,Diagnostics - Pathology,666.59,75.41
CGHS_PATH_01543,Dengue IgG/IgM Antibodies - HPLC Method,Diagnostics - Pathology,715.07,69.62
CGHS_PATH_01544,Dengue IgG/IgM Antibodies - Fluorescence Immunoassay,Diagnostics - Pathology,685.79,55.13
CGHS_PATH_01545,Dengue IgG/IgM Antibodies - Routine Protocol,Diagnostics - Pathology,708.04,56.49
CGHS_PATH_01546,Chikungunya PCR Test - Automated Analyzer,Diagnostics - Pathology,1375.31,142.66
CGHS_PATH_01547,Chikungunya PCR Test - ELISA Technique,Diagnostics - Pathology,1322.54,102.06
CGHS_PATH_01548,Chikungunya PCR Test - CLIA Method,Diagnostics - Pathology,1207.01,143.44
CGHS_PATH_01549,Chikungunya PCR Test - Rapid Card Screen,Diagnostics - Pathology,1210.62,143.87
CGHS_PATH_01550,Chikungunya PCR Test - Real-Time PCR,Diagnostics - Pathology,1268.17,136.04
CGHS_PATH_01551,Chikungunya PCR Test - Manual Spectrophotometry,Diagnostics - Pathology,1157.37,139.72
CGHS_PATH_01552,Chikungunya PCR Test - HPLC Method,Diagnostics - Pathology,1354.25,99.22
CGHS_PATH_01553,Chikungunya PCR Test - Fluorescence Immunoassay,Diagnostics - Pathology,1196.43,115.07
CGHS_PATH_01554,Chikungunya PCR Test - Routine Protocol,Diagnostics - Pathology,1177.84,109.26
CGHS_PATH_01555,Malaria Rapid Antigen (Pf/Pv) - Automated Analyzer,Diagnostics - Pathology,304.36,34.48
CGHS_PATH_01556,Malaria Rapid Antigen (Pf/Pv) - ELISA Technique,Diagnostics - Pathology,328.99,31.48
CGHS_PATH_01557,Malaria Rapid Antigen (Pf/Pv) - CLIA Method,Diagnostics - Pathology,309.19,29.04
CGHS_PATH_01558,Malaria Rapid Antigen (Pf/Pv) - Rapid Card Screen,Diagnostics - Pathology,301.08,25.78
CGHS_PATH_01559,Malaria Rapid Antigen (Pf/Pv) - Real-Time PCR,Diagnostics - Pathology,314.1,33.1
CGHS_PATH_01560,Malaria Rapid Antigen (Pf/Pv) - Manual Spectrophotometry,Diagnostics - Pathology,340.47,35.1
CGHS_PATH_01561,Malaria Rapid Antigen (Pf/Pv) - HPLC Method,Diagnostics - Pathology,312.2,25.21
CGHS_PATH_01562,Malaria Rapid Antigen (Pf/Pv) - Fluorescence Immunoassay,Diagnostics - Pathology,291.46,30.43
CGHS_PATH_01563,Malaria Rapid Antigen (Pf/Pv) - Routine Protocol,Diagnostics - Pathology,295.79,28.93
CGHS_PATH_01564,Typhoid Widal Test - Automated Analyzer,Diagnostics - Pathology,199.15,19.88
CGHS_PATH_01565,Typhoid Widal Test - ELISA Technique,Diagnostics - Pathology,210.45,16.3
CGHS_PATH_01566,Typhoid Widal Test - CLIA Method,Diagnostics - Pathology,193.77,17.15
CGHS_PATH_01567,Typhoid Widal Test - Rapid Card Screen,Diagnostics - Pathology,210.43,21.55
CGHS_PATH_01568,Typhoid Widal Test - Real-Time PCR,Diagnostics - Pathology,181.94,23.12
CGHS_PATH_01569,Typhoid Widal Test - Manual Spectrophotometry,Diagnostics - Pathology,196.57,17.9
CGHS_PATH_01570,Typhoid Widal Test - HPLC Method,Diagnostics - Pathology,217.29,23.37
CGHS_PATH_01571,Typhoid Widal Test - Fluorescence Immunoassay,Diagnostics - Pathology,224.85,16.16
CGHS_PATH_01572,Typhoid Widal Test - Routine Protocol,Diagnostics - Pathology,220.87,18.42
CGHS_PATH_01573,Typhoid Typhidot Test - Automated Analyzer,Diagnostics - Pathology,388.03,39.87
CGHS_PATH_01574,Typhoid Typhidot Test - ELISA Technique,Diagnostics - Pathology,429.62,33.57
CGHS_PATH_01575,Typhoid Typhidot Test - CLIA Method,Diagnostics - Pathology,446.89,34.15
CGHS_PATH_01576,Typhoid Typhidot Test - Rapid Card Screen,Diagnostics - Pathology,457.42,39.09
CGHS_PATH_01577,Typhoid Typhidot Test - Real-Time PCR,Diagnostics - Pathology,442.58,36.31
CGHS_PATH_01578,Typhoid Typhidot Test - Manual Spectrophotometry,Diagnostics - Pathology,401.68,42.33
CGHS_PATH_01579,Typhoid Typhidot Test - HPLC Method,Diagnostics - Pathology,378.79,35.38
CGHS_PATH_01580,Typhoid Typhidot Test - Fluorescence Immunoassay,Diagnostics - Pathology,442.4,43.86
CGHS_PATH_01581,Typhoid Typhidot Test - Routine Protocol,Diagnostics - Pathology,435.95,45.88
CGHS_PATH_01582,Urine Routine & Microscopy - Automated Analyzer,Diagnostics - Pathology,110.53,10.06
CGHS_PATH_01583,Urine Routine & Microscopy - ELISA Technique,Diagnostics - Pathology,93.97,9.24
CGHS_PATH_01584,Urine Routine & Microscopy - CLIA Method,Diagnostics - Pathology,102.67,8.54
CGHS_PATH_01585,Urine Routine & Microscopy - Rapid Card Screen,Diagnostics - Pathology,111.28,11.52
CGHS_PATH_01586,Urine Routine & Microscopy - Real-Time PCR,Diagnostics - Pathology,90.72,8.77
CGHS_PATH_01587,Urine Routine & Microscopy - Manual Spectrophotometry,Diagnostics - Pathology,110.82,11.35
CGHS_PATH_01588,Urine Routine & Microscopy - HPLC Method,Diagnostics - Pathology,96.24,9.83
CGHS_PATH_01589,Urine Routine & Microscopy - Fluorescence Immunoassay,Diagnostics - Pathology,112.95,10.82
CGHS_PATH_01590,Urine Routine & Microscopy - Routine Protocol,Diagnostics - Pathology,96.85,11.29
CGHS_PATH_01591,Urine Microalbumin - Automated Analyzer,Diagnostics - Pathology,359.2,36.9
CGHS_PATH_01592,Urine Microalbumin - ELISA Technique,Diagnostics - Pathology,325.84,28.43
CGHS_PATH_01593,Urine Microalbumin - CLIA Method,Diagnostics - Pathology,347.59,36.32
CGHS_PATH_01594,Urine Microalbumin - Rapid Card Screen,Diagnostics - Pathology,330.54,40.19
CGHS_PATH_01595,Urine Microalbumin - Real-Time PCR,Diagnostics - Pathology,366.35,32.9
CGHS_PATH_01596,Urine Microalbumin - Manual Spectrophotometry,Diagnostics - Pathology,329.31,40.52
CGHS_PATH_01597,Urine Microalbumin - HPLC Method,Diagnostics - Pathology,380.53,37.64
CGHS_PATH_01598,Urine Microalbumin - Fluorescence Immunoassay,Diagnostics - Pathology,339.94,33.41
CGHS_PATH_01599,Urine Microalbumin - Routine Protocol,Diagnostics - Pathology,329.25,36.01
CGHS_PATH_01600,Urine Protein 24 Hours - Automated Analyzer,Diagnostics - Pathology,285.31,28.57
CGHS_PATH_01601,Urine Protein 24 Hours - ELISA Technique,Diagnostics - Pathology,265.46,26.78
CGHS_PATH_01602,Urine Protein 24 Hours - CLIA Method,Diagnostics - Pathology,241.82,24.1
CGHS_PATH_01603,Urine Protein 24 Hours - Rapid Card Screen,Diagnostics - Pathology,226.25,27.8
CGHS_PATH_01604,Urine Protein 24 Hours - Real-Time PCR,Diagnostics - Pathology,272.97,20.09
CGHS_PATH_01605,Urine Protein 24 Hours - Manual Spectrophotometry,Diagnostics - Pathology,281.97,26.47
CGHS_PATH_01606,Urine Protein 24 Hours - HPLC Method,Diagnostics - Pathology,262.57,20.08
CGHS_PATH_01607,Urine Protein 24 Hours - Fluorescence Immunoassay,Diagnostics - Pathology,240.77,28.05
CGHS_PATH_01608,Urine Protein 24 Hours - Routine Protocol,Diagnostics - Pathology,244.09,29.67
CGHS_PATH_01609,Urine Culture & Sensitivity - Automated Analyzer,Diagnostics - Pathology,477.31,43.63
CGHS_PATH_01610,Urine Culture & Sensitivity - ELISA Technique,Diagnostics - Pathology,447.35,42.28
CGHS_PATH_01611,Urine Culture & Sensitivity - CLIA Method,Diagnostics - Pathology,433.35,44.4
CGHS_PATH_01612,Urine Culture & Sensitivity - Rapid Card Screen,Diagnostics - Pathology,481.18,50.84
CGHS_PATH_01613,Urine Culture & Sensitivity - Real-Time PCR,Diagnostics - Pathology,449.68,37.84
CGHS_PATH_01614,Urine Culture & Sensitivity - Manual Spectrophotometry,Diagnostics - Pathology,462.55,47.92
CGHS_PATH_01615,Urine Culture & Sensitivity - HPLC Method,Diagnostics - Pathology,499.87,42.74
CGHS_PATH_01616,Urine Culture & Sensitivity - Fluorescence Immunoassay,Diagnostics - Pathology,477.83,46.96
CGHS_PATH_01617,Urine Culture & Sensitivity - Routine Protocol,Diagnostics - Pathology,438.58,37.95
CGHS_PATH_01618,Blood Culture & Sensitivity - Automated Analyzer,Diagnostics - Pathology,686.97,89.65
CGHS_PATH_01619,Blood Culture & Sensitivity - ELISA Technique,Diagnostics - Pathology,795.11,85.84
CGHS_PATH_01620,Blood Culture & Sensitivity - CLIA Method,Diagnostics - Pathology,723.97,81.33
CGHS_PATH_01621,Blood Culture & Sensitivity - Rapid Card Screen,Diagnostics - Pathology,842.32,68.96
CGHS_PATH_01622,Blood Culture & Sensitivity - Real-Time PCR,Diagnostics - Pathology,703.11,82.96
CGHS_PATH_01623,Blood Culture & Sensitivity - Manual Spectrophotometry,Diagnostics - Pathology,843.69,84.16
CGHS_PATH_01624,Blood Culture & Sensitivity - HPLC Method,Diagnostics - Pathology,825.44,78.0
CGHS_PATH_01625,Blood Culture & Sensitivity - Fluorescence Immunoassay,Diagnostics - Pathology,798.85,80.42
CGHS_PATH_01626,Blood Culture & Sensitivity - Routine Protocol,Diagnostics - Pathology,810.24,79.66
CGHS_PATH_01627,Sputum AFB Stain for TB - Automated Analyzer,Diagnostics - Pathology,172.41,13.56
CGHS_PATH_01628,Sputum AFB Stain for TB - ELISA Technique,Diagnostics - Pathology,150.7,14.33
CGHS_PATH_01629,Sputum AFB Stain for TB - CLIA Method,Diagnostics - Pathology,136.32,16.25
CGHS_PATH_01630,Sputum AFB Stain for TB - Rapid Card Screen,Diagnostics - Pathology,156.45,13.14
CGHS_PATH_01631,Sputum AFB Stain for TB - Real-Time PCR,Diagnostics - Pathology,162.25,13.33
CGHS_PATH_01632,Sputum AFB Stain for TB - Manual Spectrophotometry,Diagnostics - Pathology,155.05,16.71
CGHS_PATH_01633,Sputum AFB Stain for TB - HPLC Method,Diagnostics - Pathology,168.99,16.03
CGHS_PATH_01634,Sputum AFB Stain for TB - Fluorescence Immunoassay,Diagnostics - Pathology,154.02,17.07
CGHS_PATH_01635,Sputum AFB Stain for TB - Routine Protocol,Diagnostics - Pathology,166.52,17.26
CGHS_PATH_01636,Sputum Culture - Automated Analyzer,Diagnostics - Pathology,425.38,37.76
CGHS_PATH_01637,Sputum Culture - ELISA Technique,Diagnostics - Pathology,419.39,40.66
CGHS_PATH_01638,Sputum Culture - CLIA Method,Diagnostics - Pathology,495.94,49.73
CGHS_PATH_01639,Sputum Culture - Rapid Card Screen,Diagnostics - Pathology,425.6,48.23
CGHS_PATH_01640,Sputum Culture - Real-Time PCR,Diagnostics - Pathology,442.76,37.61
CGHS_PATH_01641,Sputum Culture - Manual Spectrophotometry,Diagnostics - Pathology,444.97,49.4
CGHS_PATH_01642,Sputum Culture - HPLC Method,Diagnostics - Pathology,439.55,50.19
CGHS_PATH_01643,Sputum Culture - Fluorescence Immunoassay,Diagnostics - Pathology,442.27,40.69
CGHS_PATH_01644,Sputum Culture - Routine Protocol,Diagnostics - Pathology,438.08,51.32
CGHS_PATH_01645,Stool Routine & Microscopy - Automated Analyzer,Diagnostics - Pathology,122.12,13.76
CGHS_PATH_01646,Stool Routine & Microscopy - ELISA Technique,Diagnostics - Pathology,125.51,14.13
CGHS_PATH_01647,Stool Routine & Microscopy - CLIA Method,Diagnostics - Pathology,110.14,13.87
CGHS_PATH_01648,Stool Routine & Microscopy - Rapid Card Screen,Diagnostics - Pathology,123.01,13.76
CGHS_PATH_01649,Stool Routine & Microscopy - Real-Time PCR,Diagnostics - Pathology,119.45,11.03
CGHS_PATH_01650,Stool Routine & Microscopy - Manual Spectrophotometry,Diagnostics - Pathology,109.62,13.7
CGHS_PATH_01651,Stool Routine & Microscopy - HPLC Method,Diagnostics - Pathology,112.12,10.56
CGHS_PATH_01652,Stool Routine & Microscopy - Fluorescence Immunoassay,Diagnostics - Pathology,120.28,12.33
CGHS_PATH_01653,Stool Routine & Microscopy - Routine Protocol,Diagnostics - Pathology,135.2,11.8
CGHS_PATH_01654,Stool Occult Blood Test - Automated Analyzer,Diagnostics - Pathology,146.86,16.29
CGHS_PATH_01655,Stool Occult Blood Test - ELISA Technique,Diagnostics - Pathology,164.21,14.93
CGHS_PATH_01656,Stool Occult Blood Test - CLIA Method,Diagnostics - Pathology,158.66,13.06
CGHS_PATH_01657,Stool Occult Blood Test - Rapid Card Screen,Diagnostics - Pathology,158.79,12.03
CGHS_PATH_01658,Stool Occult Blood Test - Real-Time PCR,Diagnostics - Pathology,145.26,16.57
CGHS_PATH_01659,Stool Occult Blood Test - Manual Spectrophotometry,Diagnostics - Pathology,141.32,16.59
CGHS_PATH_01660,Stool Occult Blood Test - HPLC Method,Diagnostics - Pathology,153.36,16.58
CGHS_PATH_01661,Stool Occult Blood Test - Fluorescence Immunoassay,Diagnostics - Pathology,138.3,15.69
CGHS_PATH_01662,Stool Occult Blood Test - Routine Protocol,Diagnostics - Pathology,158.76,14.42
CGHS_PATH_01663,C-Reactive Protein (CRP) Quantitative - Automated Analyzer,Diagnostics - Pathology,456.53,38.13
CGHS_PATH_01664,C-Reactive Protein (CRP) Quantitative - ELISA Technique,Diagnostics - Pathology,363.77,35.19
CGHS_PATH_01665,C-Reactive Protein (CRP) Quantitative - CLIA Method,Diagnostics - Pathology,397.31,32.23
CGHS_PATH_01666,C-Reactive Protein (CRP) Quantitative - Rapid Card Screen,Diagnostics - Pathology,392.22,45.33
CGHS_PATH_01667,C-Reactive Protein (CRP) Quantitative - Real-Time PCR,Diagnostics - Pathology,379.06,42.83
CGHS_PATH_01668,C-Reactive Protein (CRP) Quantitative - Manual Spectrophotometry,Diagnostics - Pathology,422.67,35.98
CGHS_PATH_01669,C-Reactive Protein (CRP) Quantitative - HPLC Method,Diagnostics - Pathology,429.35,37.51
CGHS_PATH_01670,C-Reactive Protein (CRP) Quantitative - Fluorescence Immunoassay,Diagnostics - Pathology,372.89,38.14
CGHS_PATH_01671,C-Reactive Protein (CRP) Quantitative - Routine Protocol,Diagnostics - Pathology,418.87,34.67
CGHS_PATH_01672,High Sensitivity CRP (hs-CRP) - Automated Analyzer,Diagnostics - Pathology,663.58,55.16
CGHS_PATH_01673,High Sensitivity CRP (hs-CRP) - ELISA Technique,Diagnostics - Pathology,583.62,65.47
CGHS_PATH_01674,High Sensitivity CRP (hs-CRP) - CLIA Method,Diagnostics - Pathology,629.46,56.11
CGHS_PATH_01675,High Sensitivity CRP (hs-CRP) - Rapid Card Screen,Diagnostics - Pathology,673.2,71.89
CGHS_PATH_01676,High Sensitivity CRP (hs-CRP) - Real-Time PCR,Diagnostics - Pathology,591.41,69.63
CGHS_PATH_01677,High Sensitivity CRP (hs-CRP) - Manual Spectrophotometry,Diagnostics - Pathology,593.89,52.52
CGHS_PATH_01678,High Sensitivity CRP (hs-CRP) - HPLC Method,Diagnostics - Pathology,682.21,70.04
CGHS_PATH_01679,High Sensitivity CRP (hs-CRP) - Fluorescence Immunoassay,Diagnostics - Pathology,600.51,53.48
CGHS_PATH_01680,High Sensitivity CRP (hs-CRP) - Routine Protocol,Diagnostics - Pathology,649.08,51.15
CGHS_PATH_01681,D-Dimer Quantitative - Automated Analyzer,Diagnostics - Pathology,1191.87,113.95
CGHS_PATH_01682,D-Dimer Quantitative - ELISA Technique,Diagnostics - Pathology,1036.47,104.13
CGHS_PATH_01683,D-Dimer Quantitative - CLIA Method,Diagnostics - Pathology,1168.9,89.64
CGHS_PATH_01684,D-Dimer Quantitative - Rapid Card Screen,Diagnostics - Pathology,1231.05,99.25
CGHS_PATH_01685,D-Dimer Quantitative - Real-Time PCR,Diagnostics - Pathology,1137.05,90.14
CGHS_PATH_01686,D-Dimer Quantitative - Manual Spectrophotometry,Diagnostics - Pathology,1263.54,117.13
CGHS_PATH_01687,D-Dimer Quantitative - HPLC Method,Diagnostics - Pathology,1169.73,88.87
CGHS_PATH_01688,D-Dimer Quantitative - Fluorescence Immunoassay,Diagnostics - Pathology,1179.68,106.34
CGHS_PATH_01689,D-Dimer Quantitative - Routine Protocol,Diagnostics - Pathology,1094.57,112.08
CGHS_PATH_01690,Prothrombin Time (PT/INR) - Automated Analyzer,Diagnostics - Pathology,254.65,21.53
CGHS_PATH_01691,Prothrombin Time (PT/INR) - ELISA Technique,Diagnostics - Pathology,268.45,26.3
CGHS_PATH_01692,Prothrombin Time (PT/INR) - CLIA Method,Diagnostics - Pathology,243.82,26.62
CGHS_PATH_01693,Prothrombin Time (PT/INR) - Rapid Card Screen,Diagnostics - Pathology,266.41,22.7
CGHS_PATH_01694,Prothrombin Time (PT/INR) - Real-Time PCR,Diagnostics - Pathology,262.85,21.37
CGHS_PATH_01695,Prothrombin Time (PT/INR) - Manual Spectrophotometry,Diagnostics - Pathology,276.92,21.05
CGHS_PATH_01696,Prothrombin Time (PT/INR) - HPLC Method,Diagnostics - Pathology,269.92,21.18
CGHS_PATH_01697,Prothrombin Time (PT/INR) - Fluorescence Immunoassay,Diagnostics - Pathology,232.13,21.06
CGHS_PATH_01698,Prothrombin Time (PT/INR) - Routine Protocol,Diagnostics - Pathology,237.42,22.0
CGHS_PATH_01699,Activated Partial Thromboplastin Time (APTT) - Automated Analyzer,Diagnostics - Pathology,289.72,30.28
CGHS_PATH_01700,Activated Partial Thromboplastin Time (APTT) - ELISA Technique,Diagnostics - Pathology,285.13,32.44
CGHS_PATH_01701,Activated Partial Thromboplastin Time (APTT) - CLIA Method,Diagnostics - Pathology,292.15,24.47
CGHS_PATH_01702,Activated Partial Thromboplastin Time (APTT) - Rapid Card Screen,Diagnostics - Pathology,307.23,26.49
CGHS_PATH_01703,Activated Partial Thromboplastin Time (APTT) - Real-Time PCR,Diagnostics - Pathology,339.98,27.97
CGHS_PATH_01704,Activated Partial Thromboplastin Time (APTT) - Manual Spectrophotometry,Diagnostics - Pathology,270.21,32.06
CGHS_PATH_01705,Activated Partial Thromboplastin Time (APTT) - HPLC Method,Diagnostics - Pathology,338.02,34.02
CGHS_PATH_01706,Activated Partial Thromboplastin Time (APTT) - Fluorescence Immunoassay,Diagnostics - Pathology,320.18,25.79
CGHS_PATH_01707,Activated Partial Thromboplastin Time (APTT) - Routine Protocol,Diagnostics - Pathology,276.76,30.14
CGHS_PATH_01708,Fibrinogen Level - Automated Analyzer,Diagnostics - Pathology,486.4,37.82
CGHS_PATH_01709,Fibrinogen Level - ELISA Technique,Diagnostics - Pathology,433.79,40.16
CGHS_PATH_01710,Fibrinogen Level - CLIA Method,Diagnostics - Pathology,516.22,41.33
CGHS_PATH_01711,Fibrinogen Level - Rapid Card Screen,Diagnostics - Pathology,457.23,37.8
CGHS_PATH_01712,Fibrinogen Level - Real-Time PCR,Diagnostics - Pathology,424.65,36.71
CGHS_PATH_01713,Fibrinogen Level - Manual Spectrophotometry,Diagnostics - Pathology,437.69,50.43
CGHS_PATH_01714,Fibrinogen Level - HPLC Method,Diagnostics - Pathology,440.18,49.29
CGHS_PATH_01715,Fibrinogen Level - Fluorescence Immunoassay,Diagnostics - Pathology,415.69,49.65
CGHS_PATH_01716,Fibrinogen Level - Routine Protocol,Diagnostics - Pathology,410.16,51.34
CGHS_PATH_01717,Troponin I Quantitative - Automated Analyzer,Diagnostics - Pathology,959.25,78.14
CGHS_PATH_01718,Troponin I Quantitative - ELISA Technique,Diagnostics - Pathology,890.44,87.76
CGHS_PATH_01719,Troponin I Quantitative - CLIA Method,Diagnostics - Pathology,949.91,103.63
CGHS_PATH_01720,Troponin I Quantitative - Rapid Card Screen,Diagnostics - Pathology,830.91,101.34
CGHS_PATH_01721,Troponin I Quantitative - Real-Time PCR,Diagnostics - Pathology,851.15,86.43
CGHS_PATH_01722,Troponin I Quantitative - Manual Spectrophotometry,Diagnostics - Pathology,1026.52,81.79
CGHS_PATH_01723,Troponin I Quantitative - HPLC Method,Diagnostics - Pathology,896.79,102.62
CGHS_PATH_01724,Troponin I Quantitative - Fluorescence Immunoassay,Diagnostics - Pathology,989.98,95.36
CGHS_PATH_01725,Troponin I Quantitative - Routine Protocol,Diagnostics - Pathology,989.3,76.07
CGHS_PATH_01726,Troponin T Quantitative - Automated Analyzer,Diagnostics - Pathology,1074.04,82.35
CGHS_PATH_01727,Troponin T Quantitative - ELISA Technique,Diagnostics - Pathology,1135.62,86.38
CGHS_PATH_01728,Troponin T Quantitative - CLIA Method,Diagnostics - Pathology,1004.01,103.63
CGHS_PATH_01729,Troponin T Quantitative - Rapid Card Screen,Diagnostics - Pathology,1100.57,107.14
CGHS_PATH_01730,Troponin T Quantitative - Real-Time PCR,Diagnostics - Pathology,945.32,95.19
CGHS_PATH_01731,Troponin T Quantitative - Manual Spectrophotometry,Diagnostics - Pathology,989.65,81.15
CGHS_PATH_01732,Troponin T Quantitative - HPLC Method,Diagnostics - Pathology,1071.12,113.54
CGHS_PATH_01733,Troponin T Quantitative - Fluorescence Immunoassay,Diagnostics - Pathology,1143.36,85.23
CGHS_PATH_01734,Troponin T Quantitative - Routine Protocol,Diagnostics - Pathology,1130.1,84.52
CGHS_PATH_01735,NT-proBNP Marker - Automated Analyzer,Diagnostics - Pathology,2206.21,180.05
CGHS_PATH_01736,NT-proBNP Marker - ELISA Technique,Diagnostics - Pathology,2123.89,203.65
CGHS_PATH_01737,NT-proBNP Marker - CLIA Method,Diagnostics - Pathology,2367.51,235.66
CGHS_PATH_01738,NT-proBNP Marker - Rapid Card Screen,Diagnostics - Pathology,2402.14,226.75
CGHS_PATH_01739,NT-proBNP Marker - Real-Time PCR,Diagnostics - Pathology,2290.76,262.05
CGHS_PATH_01740,NT-proBNP Marker - Manual Spectrophotometry,Diagnostics - Pathology,2348.41,205.77
CGHS_PATH_01741,NT-proBNP Marker - HPLC Method,Diagnostics - Pathology,2267.71,237.65
CGHS_PATH_01742,NT-proBNP Marker - Fluorescence Immunoassay,Diagnostics - Pathology,2032.38,234.23
CGHS_PATH_01743,NT-proBNP Marker - Routine Protocol,Diagnostics - Pathology,2116.72,206.43
CGHS_PATH_01744,Procalcitonin (PCT) - Automated Analyzer,Diagnostics - Pathology,2672.68,238.49
CGHS_PATH_01745,Procalcitonin (PCT) - ELISA Technique,Diagnostics - Pathology,2774.4,255.83
CGHS_PATH_01746,Procalcitonin (PCT) - CLIA Method,Diagnostics - Pathology,2867.37,205.46
CGHS_PATH_01747,Procalcitonin (PCT) - Rapid Card Screen,Diagnostics - Pathology,2652.12,215.69
CGHS_PATH_01748,Procalcitonin (PCT) - Real-Time PCR,Diagnostics - Pathology,2780.53,285.19
CGHS_PATH_01749,Procalcitonin (PCT) - Manual Spectrophotometry,Diagnostics - Pathology,2793.38,207.49
CGHS_PATH_01750,Procalcitonin (PCT) - HPLC Method,Diagnostics - Pathology,2557.28,224.09
CGHS_PATH_01751,Procalcitonin (PCT) - Fluorescence Immunoassay,Diagnostics - Pathology,2856.34,205.04
CGHS_PATH_01752,Procalcitonin (PCT) - Routine Protocol,Diagnostics - Pathology,2389.19,264.33
CGHS_PATH_01753,Serum Amylase - Automated Analyzer,Diagnostics - Pathology,350.29,31.29
CGHS_PATH_01754,Serum Amylase - ELISA Technique,Diagnostics - Pathology,355.17,39.22
CGHS_PATH_01755,Serum Amylase - CLIA Method,Diagnostics - Pathology,354.21,39.99
CGHS_PATH_01756,Serum Amylase - Rapid Card Screen,Diagnostics - Pathology,354.12,29.66
CGHS_PATH_01757,Serum Amylase - Real-Time PCR,Diagnostics - Pathology,358.52,37.15
CGHS_PATH_01758,Serum Amylase - Manual Spectrophotometry,Diagnostics - Pathology,323.98,33.77
CGHS_PATH_01759,Serum Amylase - HPLC Method,Diagnostics - Pathology,363.75,28.0
CGHS_PATH_01760,Serum Amylase - Fluorescence Immunoassay,Diagnostics - Pathology,322.95,36.46
CGHS_PATH_01761,Serum Amylase - Routine Protocol,Diagnostics - Pathology,369.17,32.26
CGHS_PATH_01762,Serum Lipase - Automated Analyzer,Diagnostics - Pathology,462.19,39.72
CGHS_PATH_01763,Serum Lipase - ELISA Technique,Diagnostics - Pathology,480.54,53.11
CGHS_PATH_01764,Serum Lipase - CLIA Method,Diagnostics - Pathology,445.88,36.98
CGHS_PATH_01765,Serum Lipase - Rapid Card Screen,Diagnostics - Pathology,430.08,44.18
CGHS_PATH_01766,Serum Lipase - Real-Time PCR,Diagnostics - Pathology,468.02,47.16
CGHS_PATH_01767,Serum Lipase - Manual Spectrophotometry,Diagnostics - Pathology,458.23,47.83
CGHS_PATH_01768,Serum Lipase - HPLC Method,Diagnostics - Pathology,485.54,38.05
CGHS_PATH_01769,Serum Lipase - Fluorescence Immunoassay,Diagnostics - Pathology,490.42,39.99
CGHS_PATH_01770,Serum Lipase - Routine Protocol,Diagnostics - Pathology,443.4,50.94
CGHS_PATH_01771,Lactate Dehydrogenase (LDH) - Automated Analyzer,Diagnostics - Pathology,342.33,27.5
CGHS_PATH_01772,Lactate Dehydrogenase (LDH) - ELISA Technique,Diagnostics - Pathology,309.15,32.43
CGHS_PATH_01773,Lactate Dehydrogenase (LDH) - CLIA Method,Diagnostics - Pathology,273.43,25.97
CGHS_PATH_01774,Lactate Dehydrogenase (LDH) - Rapid Card Screen,Diagnostics - Pathology,280.53,32.6
CGHS_PATH_01775,Lactate Dehydrogenase (LDH) - Real-Time PCR,Diagnostics - Pathology,324.12,25.28
CGHS_PATH_01776,Lactate Dehydrogenase (LDH) - Manual Spectrophotometry,Diagnostics - Pathology,315.81,26.25
CGHS_PATH_01777,Lactate Dehydrogenase (LDH) - HPLC Method,Diagnostics - Pathology,339.77,28.71
CGHS_PATH_01778,Lactate Dehydrogenase (LDH) - Fluorescence Immunoassay,Diagnostics - Pathology,304.28,33.38
CGHS_PATH_01779,Lactate Dehydrogenase (LDH) - Routine Protocol,Diagnostics - Pathology,323.76,25.29
CGHS_PATH_01780,CPK-MB - Automated Analyzer,Diagnostics - Pathology,401.45,46.83
CGHS_PATH_01781,CPK-MB - ELISA Technique,Diagnostics - Pathology,443.75,41.42
CGHS_PATH_01782,CPK-MB - CLIA Method,Diagnostics - Pathology,437.21,39.21
CGHS_PATH_01783,CPK-MB - Rapid Card Screen,Diagnostics - Pathology,425.85,47.3
CGHS_PATH_01784,CPK-MB - Real-Time PCR,Diagnostics - Pathology,373.46,39.98
CGHS_PATH_01785,CPK-MB - Manual Spectrophotometry,Diagnostics - Pathology,413.04,32.78
CGHS_PATH_01786,CPK-MB - HPLC Method,Diagnostics - Pathology,453.53,45.42
CGHS_PATH_01787,CPK-MB - Fluorescence Immunoassay,Diagnostics - Pathology,408.29,40.13
CGHS_PATH_01788,CPK-MB - Routine Protocol,Diagnostics - Pathology,452.12,34.84
CGHS_PATH_01789,CPK Total - Automated Analyzer,Diagnostics - Pathology,365.62,38.23
CGHS_PATH_01790,CPK Total - ELISA Technique,Diagnostics - Pathology,326.23,33.42
CGHS_PATH_01791,CPK Total - CLIA Method,Diagnostics - Pathology,367.55,40.36
CGHS_PATH_01792,CPK Total - Rapid Card Screen,Diagnostics - Pathology,359.11,33.39
CGHS_PATH_01793,CPK Total - Real-Time PCR,Diagnostics - Pathology,400.71,40.82
CGHS_PATH_01794,CPK Total - Manual Spectrophotometry,Diagnostics - Pathology,381.71,31.83
CGHS_PATH_01795,CPK Total - HPLC Method,Diagnostics - Pathology,399.31,41.59
CGHS_PATH_01796,CPK Total - Fluorescence Immunoassay,Diagnostics - Pathology,354.62,29.87
CGHS_PATH_01797,CPK Total - Routine Protocol,Diagnostics - Pathology,351.12,37.8
CGHS_PATH_01798,HBsAg Hepatitis B Surface Antigen - Automated Analyzer,Diagnostics - Pathology,326.13,27.59
CGHS_PATH_01799,HBsAg Hepatitis B Surface Antigen - ELISA Technique,Diagnostics - Pathology,322.61,34.33
CGHS_PATH_01800,HBsAg Hepatitis B Surface Antigen - CLIA Method,Diagnostics - Pathology,323.39,35.23
CGHS_PATH_01801,HBsAg Hepatitis B Surface Antigen - Rapid Card Screen,Diagnostics - Pathology,317.44,26.41
CGHS_PATH_01802,HBsAg Hepatitis B Surface Antigen - Real-Time PCR,Diagnostics - Pathology,316.81,27.49
CGHS_PATH_01803,HBsAg Hepatitis B Surface Antigen - Manual Spectrophotometry,Diagnostics - Pathology,295.9,32.07
CGHS_PATH_01804,HBsAg Hepatitis B Surface Antigen - HPLC Method,Diagnostics - Pathology,343.6,31.8
CGHS_PATH_01805,HBsAg Hepatitis B Surface Antigen - Fluorescence Immunoassay,Diagnostics - Pathology,341.87,30.05
CGHS_PATH_01806,HBsAg Hepatitis B Surface Antigen - Routine Protocol,Diagnostics - Pathology,322.07,27.87
CGHS_PATH_01807,Anti-HCV Antibody - Automated Analyzer,Diagnostics - Pathology,371.54,37.64
CGHS_PATH_01808,Anti-HCV Antibody - ELISA Technique,Diagnostics - Pathology,408.04,41.13
CGHS_PATH_01809,Anti-HCV Antibody - CLIA Method,Diagnostics - Pathology,426.72,38.68
CGHS_PATH_01810,Anti-HCV Antibody - Rapid Card Screen,Diagnostics - Pathology,434.79,45.46
CGHS_PATH_01811,Anti-HCV Antibody - Real-Time PCR,Diagnostics - Pathology,388.59,45.56
CGHS_PATH_01812,Anti-HCV Antibody - Manual Spectrophotometry,Diagnostics - Pathology,440.83,40.36
CGHS_PATH_01813,Anti-HCV Antibody - HPLC Method,Diagnostics - Pathology,362.53,34.33
CGHS_PATH_01814,Anti-HCV Antibody - Fluorescence Immunoassay,Diagnostics - Pathology,427.03,35.2
CGHS_PATH_01815,Anti-HCV Antibody - Routine Protocol,Diagnostics - Pathology,435.02,34.57
CGHS_PATH_01816,HIV 1 & 2 ELISA Screen - Automated Analyzer,Diagnostics - Pathology,340.08,31.51
CGHS_PATH_01817,HIV 1 & 2 ELISA Screen - ELISA Technique,Diagnostics - Pathology,388.45,37.67
CGHS_PATH_01818,HIV 1 & 2 ELISA Screen - CLIA Method,Diagnostics - Pathology,340.82,38.55
CGHS_PATH_01819,HIV 1 & 2 ELISA Screen - Rapid Card Screen,Diagnostics - Pathology,317.83,39.4
CGHS_PATH_01820,HIV 1 & 2 ELISA Screen - Real-Time PCR,Diagnostics - Pathology,323.97,40.15
CGHS_PATH_01821,HIV 1 & 2 ELISA Screen - Manual Spectrophotometry,Diagnostics - Pathology,379.71,40.11
CGHS_PATH_01822,HIV 1 & 2 ELISA Screen - HPLC Method,Diagnostics - Pathology,379.96,35.86
CGHS_PATH_01823,HIV 1 & 2 ELISA Screen - Fluorescence Immunoassay,Diagnostics - Pathology,335.79,38.98
CGHS_PATH_01824,HIV 1 & 2 ELISA Screen - Routine Protocol,Diagnostics - Pathology,384.9,32.03
CGHS_PATH_01825,VDRL / RPR Syphilis Screen - Automated Analyzer,Diagnostics - Pathology,159.92,17.56
CGHS_PATH_01826,VDRL / RPR Syphilis Screen - ELISA Technique,Diagnostics - Pathology,149.53,17.74
CGHS_PATH_01827,VDRL / RPR Syphilis Screen - CLIA Method,Diagnostics - Pathology,171.59,13.88
CGHS_PATH_01828,VDRL / RPR Syphilis Screen - Rapid Card Screen,Diagnostics - Pathology,155.7,12.08
CGHS_PATH_01829,VDRL / RPR Syphilis Screen - Real-Time PCR,Diagnostics - Pathology,144.43,15.72
CGHS_PATH_01830,VDRL / RPR Syphilis Screen - Manual Spectrophotometry,Diagnostics - Pathology,164.28,17.22
CGHS_PATH_01831,VDRL / RPR Syphilis Screen - HPLC Method,Diagnostics - Pathology,166.12,17.47
CGHS_PATH_01832,VDRL / RPR Syphilis Screen - Fluorescence Immunoassay,Diagnostics - Pathology,161.42,15.89
CGHS_PATH_01833,VDRL / RPR Syphilis Screen - Routine Protocol,Diagnostics - Pathology,163.32,15.28
CGHS_PATH_01834,Prostate Specific Antigen (PSA Total) - Automated Analyzer,Diagnostics - Pathology,683.05,72.18
CGHS_PATH_01835,Prostate Specific Antigen (PSA Total) - ELISA Technique,Diagnostics - Pathology,741.7,59.65
CGHS_PATH_01836,Prostate Specific Antigen (PSA Total) - CLIA Method,Diagnostics - Pathology,613.83,69.75
CGHS_PATH_01837,Prostate Specific Antigen (PSA Total) - Rapid Card Screen,Diagnostics - Pathology,615.38,56.52
CGHS_PATH_01838,Prostate Specific Antigen (PSA Total) - Real-Time PCR,Diagnostics - Pathology,668.5,61.81
CGHS_PATH_01839,Prostate Specific Antigen (PSA Total) - Manual Spectrophotometry,Diagnostics - Pathology,654.63,66.47
CGHS_PATH_01840,Prostate Specific Antigen (PSA Total) - HPLC Method,Diagnostics - Pathology,606.14,67.18
CGHS_PATH_01841,Prostate Specific Antigen (PSA Total) - Fluorescence Immunoassay,Diagnostics - Pathology,626.44,60.59
CGHS_PATH_01842,Prostate Specific Antigen (PSA Total) - Routine Protocol,Diagnostics - Pathology,700.32,56.02
CGHS_PATH_01843,CA-125 Ovarian Tumor Marker - Automated Analyzer,Diagnostics - Pathology,891.5,88.26
CGHS_PATH_01844,CA-125 Ovarian Tumor Marker - ELISA Technique,Diagnostics - Pathology,867.08,111.43
CGHS_PATH_01845,CA-125 Ovarian Tumor Marker - CLIA Method,Diagnostics - Pathology,1001.21,101.15
CGHS_PATH_01846,CA-125 Ovarian Tumor Marker - Rapid Card Screen,Diagnostics - Pathology,971.51,97.76
CGHS_PATH_01847,CA-125 Ovarian Tumor Marker - Real-Time PCR,Diagnostics - Pathology,940.05,105.79
CGHS_PATH_01848,CA-125 Ovarian Tumor Marker - Manual Spectrophotometry,Diagnostics - Pathology,930.49,84.36
CGHS_PATH_01849,CA-125 Ovarian Tumor Marker - HPLC Method,Diagnostics - Pathology,898.67,78.59
CGHS_PATH_01850,CA-125 Ovarian Tumor Marker - Fluorescence Immunoassay,Diagnostics - Pathology,974.97,91.81
CGHS_PATH_01851,CA-125 Ovarian Tumor Marker - Routine Protocol,Diagnostics - Pathology,982.55,79.49
CGHS_PATH_01852,CEA Carcinoembryonic Antigen - Automated Analyzer,Diagnostics - Pathology,812.0,75.25
CGHS_PATH_01853,CEA Carcinoembryonic Antigen - ELISA Technique,Diagnostics - Pathology,835.53,80.27
CGHS_PATH_01854,CEA Carcinoembryonic Antigen - CLIA Method,Diagnostics - Pathology,811.42,93.59
CGHS_PATH_01855,CEA Carcinoembryonic Antigen - Rapid Card Screen,Diagnostics - Pathology,877.73,101.89
CGHS_PATH_01856,CEA Carcinoembryonic Antigen - Real-Time PCR,Diagnostics - Pathology,940.03,101.36
CGHS_PATH_01857,CEA Carcinoembryonic Antigen - Manual Spectrophotometry,Diagnostics - Pathology,766.87,90.74
CGHS_PATH_01858,CEA Carcinoembryonic Antigen - HPLC Method,Diagnostics - Pathology,859.7,98.75
CGHS_PATH_01859,CEA Carcinoembryonic Antigen - Fluorescence Immunoassay,Diagnostics - Pathology,895.41,89.12
CGHS_PATH_01860,CEA Carcinoembryonic Antigen - Routine Protocol,Diagnostics - Pathology,968.77,91.21
CGHS_PATH_01861,Alpha Fetoprotein (AFP) - Automated Analyzer,Diagnostics - Pathology,735.18,87.48
CGHS_PATH_01862,Alpha Fetoprotein (AFP) - ELISA Technique,Diagnostics - Pathology,852.19,71.58
CGHS_PATH_01863,Alpha Fetoprotein (AFP) - CLIA Method,Diagnostics - Pathology,776.29,68.48
CGHS_PATH_01864,Alpha Fetoprotein (AFP) - Rapid Card Screen,Diagnostics - Pathology,845.88,84.66
CGHS_PATH_01865,Alpha Fetoprotein (AFP) - Real-Time PCR,Diagnostics - Pathology,745.3,84.08
CGHS_PATH_01866,Alpha Fetoprotein (AFP) - Manual Spectrophotometry,Diagnostics - Pathology,758.54,61.32
CGHS_PATH_01867,Alpha Fetoprotein (AFP) - HPLC Method,Diagnostics - Pathology,843.43,65.78
CGHS_PATH_01868,Alpha Fetoprotein (AFP) - Fluorescence Immunoassay,Diagnostics - Pathology,771.36,88.45
CGHS_PATH_01869,Alpha Fetoprotein (AFP) - Routine Protocol,Diagnostics - Pathology,706.39,88.69
CGHS_PATH_01870,Beta-hCG Quantitative - Automated Analyzer,Diagnostics - Pathology,620.7,48.18
CGHS_PATH_01871,Beta-hCG Quantitative - ELISA Technique,Diagnostics - Pathology,549.82,64.09
CGHS_PATH_01872,Beta-hCG Quantitative - CLIA Method,Diagnostics - Pathology,656.04,68.76
CGHS_PATH_01873,Beta-hCG Quantitative - Rapid Card Screen,Diagnostics - Pathology,603.63,50.49
CGHS_PATH_01874,Beta-hCG Quantitative - Real-Time PCR,Diagnostics - Pathology,620.66,64.87
CGHS_PATH_01875,Beta-hCG Quantitative - Manual Spectrophotometry,Diagnostics - Pathology,686.43,66.6
CGHS_PATH_01876,Beta-hCG Quantitative - HPLC Method,Diagnostics - Pathology,636.98,70.55
CGHS_PATH_01877,Beta-hCG Quantitative - Fluorescence Immunoassay,Diagnostics - Pathology,652.03,51.69
CGHS_PATH_01878,Beta-hCG Quantitative - Routine Protocol,Diagnostics - Pathology,608.88,55.96
CGHS_PATH_01879,PAP Smear Cytology - Automated Analyzer,Diagnostics - Pathology,368.75,32.87
CGHS_PATH_01880,PAP Smear Cytology - ELISA Technique,Diagnostics - Pathology,439.42,40.93
CGHS_PATH_01881,PAP Smear Cytology - CLIA Method,Diagnostics - Pathology,417.5,35.64
CGHS_PATH_01882,PAP Smear Cytology - Rapid Card Screen,Diagnostics - Pathology,385.86,38.21
CGHS_PATH_01883,PAP Smear Cytology - Real-Time PCR,Diagnostics - Pathology,423.02,38.93
CGHS_PATH_01884,PAP Smear Cytology - Manual Spectrophotometry,Diagnostics - Pathology,361.69,42.77
CGHS_PATH_01885,PAP Smear Cytology - HPLC Method,Diagnostics - Pathology,413.48,42.26
CGHS_PATH_01886,PAP Smear Cytology - Fluorescence Immunoassay,Diagnostics - Pathology,421.83,44.1
CGHS_PATH_01887,PAP Smear Cytology - Routine Protocol,Diagnostics - Pathology,418.56,43.21
CGHS_PATH_01888,Arterial Blood Gas (ABG) - Automated Analyzer,Diagnostics - Pathology,459.07,58.56
CGHS_PATH_01889,Arterial Blood Gas (ABG) - ELISA Technique,Diagnostics - Pathology,463.27,55.74
CGHS_PATH_01890,Arterial Blood Gas (ABG) - CLIA Method,Diagnostics - Pathology,487.67,41.73
CGHS_PATH_01891,Arterial Blood Gas (ABG) - Rapid Card Screen,Diagnostics - Pathology,545.66,48.75
CGHS_PATH_01892,Arterial Blood Gas (ABG) - Real-Time PCR,Diagnostics - Pathology,499.39,53.21
CGHS_PATH_01893,Arterial Blood Gas (ABG) - Manual Spectrophotometry,Diagnostics - Pathology,509.25,50.67
CGHS_PATH_01894,Arterial Blood Gas (ABG) - HPLC Method,Diagnostics - Pathology,467.05,47.82
CGHS_PATH_01895,Arterial Blood Gas (ABG) - Fluorescence Immunoassay,Diagnostics - Pathology,549.69,50.91
CGHS_PATH_01896,Arterial Blood Gas (ABG) - Routine Protocol,Diagnostics - Pathology,570.02,42.88
CGHS_PATH_01897,Serum Electrolytes Panel - Automated Analyzer,Diagnostics - Pathology,320.8,34.97
CGHS_PATH_01898,Serum Electrolytes Panel - ELISA Technique,Diagnostics - Pathology,329.63,32.75
CGHS_PATH_01899,Serum Electrolytes Panel - CLIA Method,Diagnostics - Pathology,297.98,35.39
CGHS_PATH_01900,Serum Electrolytes Panel - Rapid Card Screen,Diagnostics - Pathology,311.51,30.66
CGHS_PATH_01901,Serum Electrolytes Panel - Real-Time PCR,Diagnostics - Pathology,279.24,24.06
CGHS_PATH_01902,Serum Electrolytes Panel - Manual Spectrophotometry,Diagnostics - Pathology,314.75,30.45
CGHS_PATH_01903,Serum Electrolytes Panel - HPLC Method,Diagnostics - Pathology,341.02,27.66
CGHS_PATH_01904,Serum Electrolytes Panel - Fluorescence Immunoassay,Diagnostics - Pathology,326.12,34.84
CGHS_PATH_01905,Serum Electrolytes Panel - Routine Protocol,Diagnostics - Pathology,295.79,28.95
CGHS_IMG_01906,CT Scan Head Plain (Standard Protocol),Diagnostics - Imaging,1968.8,180.9
CGHS_IMG_01907,CT Scan Head Plain (High Resolution),Diagnostics - Imaging,1706.92,159.9
CGHS_IMG_01908,CT Scan Head Plain (With Contrast Media),Diagnostics - Imaging,2070.76,157.99
CGHS_IMG_01909,CT Scan Head Plain (3D Reconstruction),Diagnostics - Imaging,1717.93,201.58
CGHS_IMG_01910,CT Scan Head Plain (Multi-Slice 64),Diagnostics - Imaging,2080.22,205.3
CGHS_IMG_01911,CT Scan Head Plain (1.5 Tesla MRI),Diagnostics - Imaging,2123.48,215.59
CGHS_IMG_01912,CT Scan Head Plain (3.0 Tesla MRI),Diagnostics - Imaging,1869.08,183.58
CGHS_IMG_01913,CT Scan Head Plain (Emergency Express),Diagnostics - Imaging,1776.95,148.85
CGHS_IMG_01914,CT Scan Head Plain (Digital Radiography),Diagnostics - Imaging,1673.03,196.24
CGHS_IMG_01915,CT Scan Head Contrast (Standard Protocol),Diagnostics - Imaging,2615.39,233.09
CGHS_IMG_01916,CT Scan Head Contrast (High Resolution),Diagnostics - Imaging,2346.16,265.55
CGHS_IMG_01917,CT Scan Head Contrast (With Contrast Media),Diagnostics - Imaging,2325.03,261.95
CGHS_IMG_01918,CT Scan Head Contrast (3D Reconstruction),Diagnostics - Imaging,2925.09,231.78
CGHS_IMG_01919,CT Scan Head Contrast (Multi-Slice 64),Diagnostics - Imaging,2587.98,261.63
CGHS_IMG_01920,CT Scan Head Contrast (1.5 Tesla MRI),Diagnostics - Imaging,2479.26,258.42
CGHS_IMG_01921,CT Scan Head Contrast (3.0 Tesla MRI),Diagnostics - Imaging,2674.16,236.45
CGHS_IMG_01922,CT Scan Head Contrast (Emergency Express),Diagnostics - Imaging,2487.25,242.83
CGHS_IMG_01923,CT Scan Head Contrast (Digital Radiography),Diagnostics - Imaging,2253.62,224.62
CGHS_IMG_01924,HRCT Scan Chest (Standard Protocol),Diagnostics - Imaging,3092.66,350.7
CGHS_IMG_01925,HRCT Scan Chest (High Resolution),Diagnostics - Imaging,3298.68,363.53
CGHS_IMG_01926,HRCT Scan Chest (With Contrast Media),Diagnostics - Imaging,3008.93,349.82
CGHS_IMG_01927,HRCT Scan Chest (3D Reconstruction),Diagnostics - Imaging,3722.77,315.24
CGHS_IMG_01928,HRCT Scan Chest (Multi-Slice 64),Diagnostics - Imaging,3224.39,295.1
CGHS_IMG_01929,HRCT Scan Chest (1.5 Tesla MRI),Diagnostics - Imaging,3409.6,278.5
CGHS_IMG_01930,HRCT Scan Chest (3.0 Tesla MRI),Diagnostics - Imaging,3462.36,363.75
CGHS_IMG_01931,HRCT Scan Chest (Emergency Express),Diagnostics - Imaging,3704.37,273.92
CGHS_IMG_01932,HRCT Scan Chest (Digital Radiography),Diagnostics - Imaging,3397.07,289.69
CGHS_IMG_01933,CT Scan Abdomen & Pelvis Plain (Standard Protocol),Diagnostics - Imaging,4080.65,290.7
CGHS_IMG_01934,CT Scan Abdomen & Pelvis Plain (High Resolution),Diagnostics - Imaging,3229.17,282.61
CGHS_IMG_01935,CT Scan Abdomen & Pelvis Plain (With Contrast Media),Diagnostics - Imaging,3682.54,284.37
CGHS_IMG_01936,CT Scan Abdomen & Pelvis Plain (3D Reconstruction),Diagnostics - Imaging,3760.99,336.72
CGHS_IMG_01937,CT Scan Abdomen & Pelvis Plain (Multi-Slice 64),Diagnostics - Imaging,3769.54,406.88
CGHS_IMG_01938,CT Scan Abdomen & Pelvis Plain (1.5 Tesla MRI),Diagnostics - Imaging,3729.17,356.09
CGHS_IMG_01939,CT Scan Abdomen & Pelvis Plain (3.0 Tesla MRI),Diagnostics - Imaging,4198.66,346.09
CGHS_IMG_01940,CT Scan Abdomen & Pelvis Plain (Emergency Express),Diagnostics - Imaging,3963.96,331.21
CGHS_IMG_01941,CT Scan Abdomen & Pelvis Plain (Digital Radiography),Diagnostics - Imaging,3384.47,388.1
CGHS_IMG_01942,CT Scan Abdomen & Pelvis Contrast (Standard Protocol),Diagnostics - Imaging,5375.85,439.87
CGHS_IMG_01943,CT Scan Abdomen & Pelvis Contrast (High Resolution),Diagnostics - Imaging,4989.17,482.0
CGHS_IMG_01944,CT Scan Abdomen & Pelvis Contrast (With Contrast Media),Diagnostics - Imaging,4891.37,480.42
CGHS_IMG_01945,CT Scan Abdomen & Pelvis Contrast (3D Reconstruction),Diagnostics - Imaging,5274.26,546.81
CGHS_IMG_01946,CT Scan Abdomen & Pelvis Contrast (Multi-Slice 64),Diagnostics - Imaging,5481.42,501.89
CGHS_IMG_01947,CT Scan Abdomen & Pelvis Contrast (1.5 Tesla MRI),Diagnostics - Imaging,4558.81,482.71
CGHS_IMG_01948,CT Scan Abdomen & Pelvis Contrast (3.0 Tesla MRI),Diagnostics - Imaging,4962.56,418.4
CGHS_IMG_01949,CT Scan Abdomen & Pelvis Contrast (Emergency Express),Diagnostics - Imaging,5686.15,510.61
CGHS_IMG_01950,CT Scan Abdomen & Pelvis Contrast (Digital Radiography),Diagnostics - Imaging,5713.54,525.3
CGHS_IMG_01951,CT Angiography Coronary (Standard Protocol),Diagnostics - Imaging,7837.88,707.64
CGHS_IMG_01952,CT Angiography Coronary (High Resolution),Diagnostics - Imaging,7242.34,746.29
CGHS_IMG_01953,CT Angiography Coronary (With Contrast Media),Diagnostics - Imaging,6891.44,710.83
CGHS_IMG_01954,CT Angiography Coronary (3D Reconstruction),Diagnostics - Imaging,6846.32,662.03
CGHS_IMG_01955,CT Angiography Coronary (Multi-Slice 64),Diagnostics - Imaging,8792.38,708.38
CGHS_IMG_01956,CT Angiography Coronary (1.5 Tesla MRI),Diagnostics - Imaging,7806.77,736.39
CGHS_IMG_01957,CT Angiography Coronary (3.0 Tesla MRI),Diagnostics - Imaging,6854.48,894.18
CGHS_IMG_01958,CT Angiography Coronary (Emergency Express),Diagnostics - Imaging,7479.16,811.12
CGHS_IMG_01959,CT Angiography Coronary (Digital Radiography),Diagnostics - Imaging,7923.09,848.89
CGHS_IMG_01960,CT Angiography Brain (Standard Protocol),Diagnostics - Imaging,6902.77,543.2
CGHS_IMG_01961,CT Angiography Brain (High Resolution),Diagnostics - Imaging,6379.83,521.72
CGHS_IMG_01962,CT Angiography Brain (With Contrast Media),Diagnostics - Imaging,6576.62,567.67
CGHS_IMG_01963,CT Angiography Brain (3D Reconstruction),Diagnostics - Imaging,6576.01,680.51
CGHS_IMG_01964,CT Angiography Brain (Multi-Slice 64),Diagnostics - Imaging,6329.99,570.32
CGHS_IMG_01965,CT Angiography Brain (1.5 Tesla MRI),Diagnostics - Imaging,7033.04,603.93
CGHS_IMG_01966,CT Angiography Brain (3.0 Tesla MRI),Diagnostics - Imaging,6035.22,688.25
CGHS_IMG_01967,CT Angiography Brain (Emergency Express),Diagnostics - Imaging,6276.35,595.71
CGHS_IMG_01968,CT Angiography Brain (Digital Radiography),Diagnostics - Imaging,6487.58,600.44
CGHS_IMG_01969,CT Scan Spine Cervical (Standard Protocol),Diagnostics - Imaging,2636.73,242.55
CGHS_IMG_01970,CT Scan Spine Cervical (High Resolution),Diagnostics - Imaging,2584.75,296.07
CGHS_IMG_01971,CT Scan Spine Cervical (With Contrast Media),Diagnostics - Imaging,2697.67,244.93
CGHS_IMG_01972,CT Scan Spine Cervical (3D Reconstruction),Diagnostics - Imaging,2824.27,304.34
CGHS_IMG_01973,CT Scan Spine Cervical (Multi-Slice 64),Diagnostics - Imaging,2619.4,249.8
CGHS_IMG_01974,CT Scan Spine Cervical (1.5 Tesla MRI),Diagnostics - Imaging,3201.39,304.67
CGHS_IMG_01975,CT Scan Spine Cervical (3.0 Tesla MRI),Diagnostics - Imaging,2924.47,277.63
CGHS_IMG_01976,CT Scan Spine Cervical (Emergency Express),Diagnostics - Imaging,2696.99,242.06
CGHS_IMG_01977,CT Scan Spine Cervical (Digital Radiography),Diagnostics - Imaging,3220.03,226.51
CGHS_IMG_01978,CT Scan Spine Lumbar (Standard Protocol),Diagnostics - Imaging,2556.24,288.23
CGHS_IMG_01979,CT Scan Spine Lumbar (High Resolution),Diagnostics - Imaging,2655.35,294.51
CGHS_IMG_01980,CT Scan Spine Lumbar (With Contrast Media),Diagnostics - Imaging,2552.92,288.09
CGHS_IMG_01981,CT Scan Spine Lumbar (3D Reconstruction),Diagnostics - Imaging,2566.97,252.93
CGHS_IMG_01982,CT Scan Spine Lumbar (Multi-Slice 64),Diagnostics - Imaging,2671.23,331.32
CGHS_IMG_01983,CT Scan Spine Lumbar (1.5 Tesla MRI),Diagnostics - Imaging,3023.46,287.12
CGHS_IMG_01984,CT Scan Spine Lumbar (3.0 Tesla MRI),Diagnostics - Imaging,2535.64,304.59
CGHS_IMG_01985,CT Scan Spine Lumbar (Emergency Express),Diagnostics - Imaging,3075.87,255.75
CGHS_IMG_01986,CT Scan Spine Lumbar (Digital Radiography),Diagnostics - Imaging,2592.03,274.31
CGHS_IMG_01987,CT Paranasal Sinuses (PNS) (Standard Protocol),Diagnostics - Imaging,2635.23,252.32
CGHS_IMG_01988,CT Paranasal Sinuses (PNS) (High Resolution),Diagnostics - Imaging,2092.57,249.07
CGHS_IMG_01989,CT Paranasal Sinuses (PNS) (With Contrast Media),Diagnostics - Imaging,2376.55,245.93
CGHS_IMG_01990,CT Paranasal Sinuses (PNS) (3D Reconstruction),Diagnostics - Imaging,2521.5,192.01
CGHS_IMG_01991,CT Paranasal Sinuses (PNS) (Multi-Slice 64),Diagnostics - Imaging,2415.37,199.28
CGHS_IMG_01992,CT Paranasal Sinuses (PNS) (1.5 Tesla MRI),Diagnostics - Imaging,2457.96,206.16
CGHS_IMG_01993,CT Paranasal Sinuses (PNS) (3.0 Tesla MRI),Diagnostics - Imaging,2279.29,227.97
CGHS_IMG_01994,CT Paranasal Sinuses (PNS) (Emergency Express),Diagnostics - Imaging,2131.68,209.92
CGHS_IMG_01995,CT Paranasal Sinuses (PNS) (Digital Radiography),Diagnostics - Imaging,2051.66,193.81
CGHS_IMG_01996,CT Temporal Bone (Standard Protocol),Diagnostics - Imaging,2894.69,250.44
CGHS_IMG_01997,CT Temporal Bone (High Resolution),Diagnostics - Imaging,2564.85,214.96
CGHS_IMG_01998,CT Temporal Bone (With Contrast Media),Diagnostics - Imaging,2322.22,247.59
CGHS_IMG_01999,CT Temporal Bone (3D Reconstruction),Diagnostics - Imaging,2711.06,203.9
CGHS_IMG_02000,CT Temporal Bone (Multi-Slice 64),Diagnostics - Imaging,2837.9,250.33
CGHS_IMG_02001,CT Temporal Bone (1.5 Tesla MRI),Diagnostics - Imaging,2338.14,248.22
CGHS_IMG_02002,CT Temporal Bone (3.0 Tesla MRI),Diagnostics - Imaging,2347.75,260.35
CGHS_IMG_02003,CT Temporal Bone (Emergency Express),Diagnostics - Imaging,2870.64,289.7
CGHS_IMG_02004,CT Temporal Bone (Digital Radiography),Diagnostics - Imaging,2831.15,264.92
CGHS_IMG_02005,CT Scan KUB (Standard Protocol),Diagnostics - Imaging,3169.84,284.45
CGHS_IMG_02006,CT Scan KUB (High Resolution),Diagnostics - Imaging,2739.09,303.58
CGHS_IMG_02007,CT Scan KUB (With Contrast Media),Diagnostics - Imaging,2906.54,336.28
CGHS_IMG_02008,CT Scan KUB (3D Reconstruction),Diagnostics - Imaging,3410.6,285.75
CGHS_IMG_02009,CT Scan KUB (Multi-Slice 64),Diagnostics - Imaging,3230.14,328.97
CGHS_IMG_02010,CT Scan KUB (1.5 Tesla MRI),Diagnostics - Imaging,3385.39,323.6
CGHS_IMG_02011,CT Scan KUB (3.0 Tesla MRI),Diagnostics - Imaging,2787.95,256.07
CGHS_IMG_02012,CT Scan KUB (Emergency Express),Diagnostics - Imaging,3129.43,267.9
CGHS_IMG_02013,CT Scan KUB (Digital Radiography),Diagnostics - Imaging,3473.15,273.99
CGHS_IMG_02014,MRI Brain Plain (Standard Protocol),Diagnostics - Imaging,3721.7,308.31
CGHS_IMG_02015,MRI Brain Plain (High Resolution),Diagnostics - Imaging,3061.46,346.77
CGHS_IMG_02016,MRI Brain Plain (With Contrast Media),Diagnostics - Imaging,3637.85,329.98
CGHS_IMG_02017,MRI Brain Plain (3D Reconstruction),Diagnostics - Imaging,2993.12,256.92
CGHS_IMG_02018,MRI Brain Plain (Multi-Slice 64),Diagnostics - Imaging,3508.36,344.03
CGHS_IMG_02019,MRI Brain Plain (1.5 Tesla MRI),Diagnostics - Imaging,3183.27,302.37
CGHS_IMG_02020,MRI Brain Plain (3.0 Tesla MRI),Diagnostics - Imaging,3028.59,339.4
CGHS_IMG_02021,MRI Brain Plain (Emergency Express),Diagnostics - Imaging,3123.49,365.44
CGHS_IMG_02022,MRI Brain Plain (Digital Radiography),Diagnostics - Imaging,3286.62,302.8
CGHS_IMG_02023,MRI Brain Contrast (Standard Protocol),Diagnostics - Imaging,4716.81,514.68
CGHS_IMG_02024,MRI Brain Contrast (High Resolution),Diagnostics - Imaging,5407.16,463.34
CGHS_IMG_02025,MRI Brain Contrast (With Contrast Media),Diagnostics - Imaging,5448.66,476.63
CGHS_IMG_02026,MRI Brain Contrast (3D Reconstruction),Diagnostics - Imaging,4853.11,490.54
CGHS_IMG_02027,MRI Brain Contrast (Multi-Slice 64),Diagnostics - Imaging,4685.44,442.88
CGHS_IMG_02028,MRI Brain Contrast (1.5 Tesla MRI),Diagnostics - Imaging,4815.87,519.45
CGHS_IMG_02029,MRI Brain Contrast (3.0 Tesla MRI),Diagnostics - Imaging,5379.53,548.16
CGHS_IMG_02030,MRI Brain Contrast (Emergency Express),Diagnostics - Imaging,5269.37,527.58
CGHS_IMG_02031,MRI Brain Contrast (Digital Radiography),Diagnostics - Imaging,4963.1,518.27
CGHS_IMG_02032,MRI Spine Cervical (Standard Protocol),Diagnostics - Imaging,3319.88,310.02
CGHS_IMG_02033,MRI Spine Cervical (High Resolution),Diagnostics - Imaging,3570.59,327.38
CGHS_IMG_02034,MRI Spine Cervical (With Contrast Media),Diagnostics - Imaging,3728.11,377.59
CGHS_IMG_02035,MRI Spine Cervical (3D Reconstruction),Diagnostics - Imaging,3892.13,302.5
CGHS_IMG_02036,MRI Spine Cervical (Multi-Slice 64),Diagnostics - Imaging,4162.8,280.74
CGHS_IMG_02037,MRI Spine Cervical (1.5 Tesla MRI),Diagnostics - Imaging,3245.64,300.35
CGHS_IMG_02038,MRI Spine Cervical (3.0 Tesla MRI),Diagnostics - Imaging,4122.15,340.95
CGHS_IMG_02039,MRI Spine Cervical (Emergency Express),Diagnostics - Imaging,3217.28,311.05
CGHS_IMG_02040,MRI Spine Cervical (Digital Radiography),Diagnostics - Imaging,3234.04,285.29
CGHS_IMG_02041,MRI Spine Thoracic (Standard Protocol),Diagnostics - Imaging,3553.54,417.82
CGHS_IMG_02042,MRI Spine Thoracic (High Resolution),Diagnostics - Imaging,3794.66,352.94
CGHS_IMG_02043,MRI Spine Thoracic (With Contrast Media),Diagnostics - Imaging,3897.19,363.65
CGHS_IMG_02044,MRI Spine Thoracic (3D Reconstruction),Diagnostics - Imaging,4143.0,394.83
CGHS_IMG_02045,MRI Spine Thoracic (Multi-Slice 64),Diagnostics - Imaging,3822.31,341.46
CGHS_IMG_02046,MRI Spine Thoracic (1.5 Tesla MRI),Diagnostics - Imaging,3361.79,371.96
CGHS_IMG_02047,MRI Spine Thoracic (3.0 Tesla MRI),Diagnostics - Imaging,3994.11,320.04
CGHS_IMG_02048,MRI Spine Thoracic (Emergency Express),Diagnostics - Imaging,3185.29,363.93
CGHS_IMG_02049,MRI Spine Thoracic (Digital Radiography),Diagnostics - Imaging,3691.6,312.43
CGHS_IMG_02050,MRI Spine Lumbar (Standard Protocol),Diagnostics - Imaging,3327.96,285.05
CGHS_IMG_02051,MRI Spine Lumbar (High Resolution),Diagnostics - Imaging,3401.22,280.04
CGHS_IMG_02052,MRI Spine Lumbar (With Contrast Media),Diagnostics - Imaging,3315.32,419.55
CGHS_IMG_02053,MRI Spine Lumbar (3D Reconstruction),Diagnostics - Imaging,3968.66,329.44
CGHS_IMG_02054,MRI Spine Lumbar (Multi-Slice 64),Diagnostics - Imaging,3564.9,362.05
CGHS_IMG_02055,MRI Spine Lumbar (1.5 Tesla MRI),Diagnostics - Imaging,3693.63,383.17
CGHS_IMG_02056,MRI Spine Lumbar (3.0 Tesla MRI),Diagnostics - Imaging,3222.05,292.62
CGHS_IMG_02057,MRI Spine Lumbar (Emergency Express),Diagnostics - Imaging,3448.72,396.17
CGHS_IMG_02058,MRI Spine Lumbar (Digital Radiography),Diagnostics - Imaging,4110.76,328.73
CGHS_IMG_02059,MRI Knee Joint (Standard Protocol),Diagnostics - Imaging,4518.15,346.03
CGHS_IMG_02060,MRI Knee Joint (High Resolution),Diagnostics - Imaging,4111.25,333.57
CGHS_IMG_02061,MRI Knee Joint (With Contrast Media),Diagnostics - Imaging,4479.87,391.39
CGHS_IMG_02062,MRI Knee Joint (3D Reconstruction),Diagnostics - Imaging,3717.66,365.88
CGHS_IMG_02063,MRI Knee Joint (Multi-Slice 64),Diagnostics - Imaging,3541.37,315.0
CGHS_IMG_02064,MRI Knee Joint (1.5 Tesla MRI),Diagnostics - Imaging,3755.45,447.95
CGHS_IMG_02065,MRI Knee Joint (3.0 Tesla MRI),Diagnostics - Imaging,4335.35,449.42
CGHS_IMG_02066,MRI Knee Joint (Emergency Express),Diagnostics - Imaging,4418.77,427.6
CGHS_IMG_02067,MRI Knee Joint (Digital Radiography),Diagnostics - Imaging,4075.38,409.52
CGHS_IMG_02068,MRI Shoulder Joint (Standard Protocol),Diagnostics - Imaging,4521.3,389.6
CGHS_IMG_02069,MRI Shoulder Joint (High Resolution),Diagnostics - Imaging,4297.76,419.14
CGHS_IMG_02070,MRI Shoulder Joint (With Contrast Media),Diagnostics - Imaging,4515.81,373.74
CGHS_IMG_02071,MRI Shoulder Joint (3D Reconstruction),Diagnostics - Imaging,3945.22,393.2
CGHS_IMG_02072,MRI Shoulder Joint (Multi-Slice 64),Diagnostics - Imaging,3451.18,321.67
CGHS_IMG_02073,MRI Shoulder Joint (1.5 Tesla MRI),Diagnostics - Imaging,3497.01,400.32
CGHS_IMG_02074,MRI Shoulder Joint (3.0 Tesla MRI),Diagnostics - Imaging,4553.39,406.89
CGHS_IMG_02075,MRI Shoulder Joint (Emergency Express),Diagnostics - Imaging,3682.12,351.99
CGHS_IMG_02076,MRI Shoulder Joint (Digital Radiography),Diagnostics - Imaging,4509.21,382.51
CGHS_IMG_02077,MRI Hip Joint (Standard Protocol),Diagnostics - Imaging,3431.08,430.49
CGHS_IMG_02078,MRI Hip Joint (High Resolution),Diagnostics - Imaging,3703.01,318.14
CGHS_IMG_02079,MRI Hip Joint (With Contrast Media),Diagnostics - Imaging,4188.02,428.8
CGHS_IMG_02080,MRI Hip Joint (3D Reconstruction),Diagnostics - Imaging,3506.67,445.57
CGHS_IMG_02081,MRI Hip Joint (Multi-Slice 64),Diagnostics - Imaging,3963.27,357.74
CGHS_IMG_02082,MRI Hip Joint (1.5 Tesla MRI),Diagnostics - Imaging,4439.52,344.9
CGHS_IMG_02083,MRI Hip Joint (3.0 Tesla MRI),Diagnostics - Imaging,4499.71,407.83
CGHS_IMG_02084,MRI Hip Joint (Emergency Express),Diagnostics - Imaging,4457.32,379.85
CGHS_IMG_02085,MRI Hip Joint (Digital Radiography),Diagnostics - Imaging,3647.62,415.79
CGHS_IMG_02086,MRI Whole Abdomen (Standard Protocol),Diagnostics - Imaging,6390.03,485.49
CGHS_IMG_02087,MRI Whole Abdomen (High Resolution),Diagnostics - Imaging,5284.56,494.93
CGHS_IMG_02088,MRI Whole Abdomen (With Contrast Media),Diagnostics - Imaging,5970.68,474.32
CGHS_IMG_02089,MRI Whole Abdomen (3D Reconstruction),Diagnostics - Imaging,5126.04,642.44
CGHS_IMG_02090,MRI Whole Abdomen (Multi-Slice 64),Diagnostics - Imaging,6065.09,585.95
CGHS_IMG_02091,MRI Whole Abdomen (1.5 Tesla MRI),Diagnostics - Imaging,5962.81,608.13
CGHS_IMG_02092,MRI Whole Abdomen (3.0 Tesla MRI),Diagnostics - Imaging,5843.43,449.3
CGHS_IMG_02093,MRI Whole Abdomen (Emergency Express),Diagnostics - Imaging,5745.78,576.55
CGHS_IMG_02094,MRI Whole Abdomen (Digital Radiography),Diagnostics - Imaging,5762.36,656.78
CGHS_IMG_02095,MRI Pelvis (Standard Protocol),Diagnostics - Imaging,5260.95,516.38
CGHS_IMG_02096,MRI Pelvis (High Resolution),Diagnostics - Imaging,4712.59,537.19
CGHS_IMG_02097,MRI Pelvis (With Contrast Media),Diagnostics - Imaging,5286.61,410.45
CGHS_IMG_02098,MRI Pelvis (3D Reconstruction),Diagnostics - Imaging,4349.83,463.8
CGHS_IMG_02099,MRI Pelvis (Multi-Slice 64),Diagnostics - Imaging,4123.1,503.87
CGHS_IMG_02100,MRI Pelvis (1.5 Tesla MRI),Diagnostics - Imaging,4695.73,457.34
CGHS_IMG_02101,MRI Pelvis (3.0 Tesla MRI),Diagnostics - Imaging,4728.34,430.87
CGHS_IMG_02102,MRI Pelvis (Emergency Express),Diagnostics - Imaging,4976.56,391.46
CGHS_IMG_02103,MRI Pelvis (Digital Radiography),Diagnostics - Imaging,5368.28,485.68
CGHS_IMG_02104,MRCP Biliary Tree (Standard Protocol),Diagnostics - Imaging,4359.69,451.79
CGHS_IMG_02105,MRCP Biliary Tree (High Resolution),Diagnostics - Imaging,3794.89,371.41
CGHS_IMG_02106,MRCP Biliary Tree (With Contrast Media),Diagnostics - Imaging,4512.07,390.67
CGHS_IMG_02107,MRCP Biliary Tree (3D Reconstruction),Diagnostics - Imaging,4552.1,379.63
CGHS_IMG_02108,MRCP Biliary Tree (Multi-Slice 64),Diagnostics - Imaging,4471.19,375.84
CGHS_IMG_02109,MRCP Biliary Tree (1.5 Tesla MRI),Diagnostics - Imaging,4373.9,439.0
CGHS_IMG_02110,MRCP Biliary Tree (3.0 Tesla MRI),Diagnostics - Imaging,4241.06,419.79
CGHS_IMG_02111,MRCP Biliary Tree (Emergency Express),Diagnostics - Imaging,4045.27,453.72
CGHS_IMG_02112,MRCP Biliary Tree (Digital Radiography),Diagnostics - Imaging,4249.11,479.53
CGHS_IMG_02113,MR Angiography Brain (Standard Protocol),Diagnostics - Imaging,4919.44,435.98
CGHS_IMG_02114,MR Angiography Brain (High Resolution),Diagnostics - Imaging,4696.71,515.18
CGHS_IMG_02115,MR Angiography Brain (With Contrast Media),Diagnostics - Imaging,4842.85,419.97
CGHS_IMG_02116,MR Angiography Brain (3D Reconstruction),Diagnostics - Imaging,4904.92,447.16
CGHS_IMG_02117,MR Angiography Brain (Multi-Slice 64),Diagnostics - Imaging,5148.33,476.18
CGHS_IMG_02118,MR Angiography Brain (1.5 Tesla MRI),Diagnostics - Imaging,4718.77,591.83
CGHS_IMG_02119,MR Angiography Brain (3.0 Tesla MRI),Diagnostics - Imaging,4724.32,561.13
CGHS_IMG_02120,MR Angiography Brain (Emergency Express),Diagnostics - Imaging,4764.91,499.92
CGHS_IMG_02121,MR Angiography Brain (Digital Radiography),Diagnostics - Imaging,5993.34,569.88
CGHS_IMG_02122,USG Whole Abdomen (Standard Protocol),Diagnostics - Imaging,844.08,87.06
CGHS_IMG_02123,USG Whole Abdomen (High Resolution),Diagnostics - Imaging,908.48,73.6
CGHS_IMG_02124,USG Whole Abdomen (With Contrast Media),Diagnostics - Imaging,854.91,82.17
CGHS_IMG_02125,USG Whole Abdomen (3D Reconstruction),Diagnostics - Imaging,815.62,86.1
CGHS_IMG_02126,USG Whole Abdomen (Multi-Slice 64),Diagnostics - Imaging,734.41,90.04
CGHS_IMG_02127,USG Whole Abdomen (1.5 Tesla MRI),Diagnostics - Imaging,834.37,84.16
CGHS_IMG_02128,USG Whole Abdomen (3.0 Tesla MRI),Diagnostics - Imaging,827.97,74.71
CGHS_IMG_02129,USG Whole Abdomen (Emergency Express),Diagnostics - Imaging,806.63,81.93
CGHS_IMG_02130,USG Whole Abdomen (Digital Radiography),Diagnostics - Imaging,943.64,72.25
CGHS_IMG_02131,USG Upper Abdomen (Standard Protocol),Diagnostics - Imaging,543.57,50.91
CGHS_IMG_02132,USG Upper Abdomen (High Resolution),Diagnostics - Imaging,696.13,71.11
CGHS_IMG_02133,USG Upper Abdomen (With Contrast Media),Diagnostics - Imaging,575.81,61.82
CGHS_IMG_02134,USG Upper Abdomen (3D Reconstruction),Diagnostics - Imaging,656.84,52.19
CGHS_IMG_02135,USG Upper Abdomen (Multi-Slice 64),Diagnostics - Imaging,680.46,56.52
CGHS_IMG_02136,USG Upper Abdomen (1.5 Tesla MRI),Diagnostics - Imaging,661.17,59.7
CGHS_IMG_02137,USG Upper Abdomen (3.0 Tesla MRI),Diagnostics - Imaging,672.57,69.35
CGHS_IMG_02138,USG Upper Abdomen (Emergency Express),Diagnostics - Imaging,608.59,54.88
CGHS_IMG_02139,USG Upper Abdomen (Digital Radiography),Diagnostics - Imaging,653.71,51.48
CGHS_IMG_02140,USG Pelvis & Lower Abdomen (Standard Protocol),Diagnostics - Imaging,570.16,67.39
CGHS_IMG_02141,USG Pelvis & Lower Abdomen (High Resolution),Diagnostics - Imaging,600.73,63.15
CGHS_IMG_02142,USG Pelvis & Lower Abdomen (With Contrast Media),Diagnostics - Imaging,642.89,68.37
CGHS_IMG_02143,USG Pelvis & Lower Abdomen (3D Reconstruction),Diagnostics - Imaging,552.84,51.89
CGHS_IMG_02144,USG Pelvis & Lower Abdomen (Multi-Slice 64),Diagnostics - Imaging,581.08,55.61
CGHS_IMG_02145,USG Pelvis & Lower Abdomen (1.5 Tesla MRI),Diagnostics - Imaging,592.44,54.42
CGHS_IMG_02146,USG Pelvis & Lower Abdomen (3.0 Tesla MRI),Diagnostics - Imaging,656.04,54.51
CGHS_IMG_02147,USG Pelvis & Lower Abdomen (Emergency Express),Diagnostics - Imaging,620.08,68.71
CGHS_IMG_02148,USG Pelvis & Lower Abdomen (Digital Radiography),Diagnostics - Imaging,605.37,62.09
CGHS_IMG_02149,USG KUB (Standard Protocol),Diagnostics - Imaging,773.28,62.76
CGHS_IMG_02150,USG KUB (High Resolution),Diagnostics - Imaging,620.86,52.6
CGHS_IMG_02151,USG KUB (With Contrast Media),Diagnostics - Imaging,726.92,69.21
CGHS_IMG_02152,USG KUB (3D Reconstruction),Diagnostics - Imaging,768.39,70.22
CGHS_IMG_02153,USG KUB (Multi-Slice 64),Diagnostics - Imaging,600.61,56.34
CGHS_IMG_02154,USG KUB (1.5 Tesla MRI),Diagnostics - Imaging,605.09,53.66
CGHS_IMG_02155,USG KUB (3.0 Tesla MRI),Diagnostics - Imaging,756.34,66.26
CGHS_IMG_02156,USG KUB (Emergency Express),Diagnostics - Imaging,590.14,62.32
CGHS_IMG_02157,USG KUB (Digital Radiography),Diagnostics - Imaging,734.17,54.16
CGHS_IMG_02158,USG Obstetrics Anomaly Level-2 (Standard Protocol),Diagnostics - Imaging,1174.48,103.45
CGHS_IMG_02159,USG Obstetrics Anomaly Level-2 (High Resolution),Diagnostics - Imaging,1315.74,138.5
CGHS_IMG_02160,USG Obstetrics Anomaly Level-2 (With Contrast Media),Diagnostics - Imaging,1191.37,107.88
CGHS_IMG_02161,USG Obstetrics Anomaly Level-2 (3D Reconstruction),Diagnostics - Imaging,1182.3,126.07
CGHS_IMG_02162,USG Obstetrics Anomaly Level-2 (Multi-Slice 64),Diagnostics - Imaging,1127.26,136.25
CGHS_IMG_02163,USG Obstetrics Anomaly Level-2 (1.5 Tesla MRI),Diagnostics - Imaging,1090.29,127.85
CGHS_IMG_02164,USG Obstetrics Anomaly Level-2 (3.0 Tesla MRI),Diagnostics - Imaging,1389.73,111.61
CGHS_IMG_02165,USG Obstetrics Anomaly Level-2 (Emergency Express),Diagnostics - Imaging,1251.42,142.8
CGHS_IMG_02166,USG Obstetrics Anomaly Level-2 (Digital Radiography),Diagnostics - Imaging,1274.61,109.08
CGHS_IMG_02167,USG Doppler Lower Limb Arterial (Standard Protocol),Diagnostics - Imaging,1860.22,213.81
CGHS_IMG_02168,USG Doppler Lower Limb Arterial (High Resolution),Diagnostics - Imaging,1996.72,156.75
CGHS_IMG_02169,USG Doppler Lower Limb Arterial (With Contrast Media),Diagnostics - Imaging,1942.7,189.44
CGHS_IMG_02170,USG Doppler Lower Limb Arterial (3D Reconstruction),Diagnostics - Imaging,1963.36,184.61
CGHS_IMG_02171,USG Doppler Lower Limb Arterial (Multi-Slice 64),Diagnostics - Imaging,1902.67,190.05
CGHS_IMG_02172,USG Doppler Lower Limb Arterial (1.5 Tesla MRI),Diagnostics - Imaging,1787.22,169.0
CGHS_IMG_02173,USG Doppler Lower Limb Arterial (3.0 Tesla MRI),Diagnostics - Imaging,1911.42,201.94
CGHS_IMG_02174,USG Doppler Lower Limb Arterial (Emergency Express),Diagnostics - Imaging,1858.6,170.34
CGHS_IMG_02175,USG Doppler Lower Limb Arterial (Digital Radiography),Diagnostics - Imaging,1760.3,165.86
CGHS_IMG_02176,USG Doppler Lower Limb Venous (Standard Protocol),Diagnostics - Imaging,1620.05,202.71
CGHS_IMG_02177,USG Doppler Lower Limb Venous (High Resolution),Diagnostics - Imaging,2077.89,168.76
CGHS_IMG_02178,USG Doppler Lower Limb Venous (With Contrast Media),Diagnostics - Imaging,1873.37,144.6
CGHS_IMG_02179,USG Doppler Lower Limb Venous (3D Reconstruction),Diagnostics - Imaging,2117.93,212.18
CGHS_IMG_02180,USG Doppler Lower Limb Venous (Multi-Slice 64),Diagnostics - Imaging,1877.62,144.66
CGHS_IMG_02181,USG Doppler Lower Limb Venous (1.5 Tesla MRI),Diagnostics - Imaging,1852.44,165.09
CGHS_IMG_02182,USG Doppler Lower Limb Venous (3.0 Tesla MRI),Diagnostics - Imaging,1744.86,144.52
CGHS_IMG_02183,USG Doppler Lower Limb Venous (Emergency Express),Diagnostics - Imaging,1821.77,173.64
CGHS_IMG_02184,USG Doppler Lower Limb Venous (Digital Radiography),Diagnostics - Imaging,1922.7,172.42
CGHS_IMG_02185,USG Doppler Carotid (Standard Protocol),Diagnostics - Imaging,1518.37,175.18
CGHS_IMG_02186,USG Doppler Carotid (High Resolution),Diagnostics - Imaging,1627.07,152.21
CGHS_IMG_02187,USG Doppler Carotid (With Contrast Media),Diagnostics - Imaging,1566.23,155.02
CGHS_IMG_02188,USG Doppler Carotid (3D Reconstruction),Diagnostics - Imaging,1554.99,176.93
CGHS_IMG_02189,USG Doppler Carotid (Multi-Slice 64),Diagnostics - Imaging,1876.78,179.68
CGHS_IMG_02190,USG Doppler Carotid (1.5 Tesla MRI),Diagnostics - Imaging,1768.63,146.22
CGHS_IMG_02191,USG Doppler Carotid (3.0 Tesla MRI),Diagnostics - Imaging,1796.6,179.76
CGHS_IMG_02192,USG Doppler Carotid (Emergency Express),Diagnostics - Imaging,1638.19,182.62
CGHS_IMG_02193,USG Doppler Carotid (Digital Radiography),Diagnostics - Imaging,1527.56,146.53
CGHS_IMG_02194,USG Scrotum & Testes (Standard Protocol),Diagnostics - Imaging,981.96,94.24
CGHS_IMG_02195,USG Scrotum & Testes (High Resolution),Diagnostics - Imaging,883.48,94.42
CGHS_IMG_02196,USG Scrotum & Testes (With Contrast Media),Diagnostics - Imaging,860.7,72.7
CGHS_IMG_02197,USG Scrotum & Testes (3D Reconstruction),Diagnostics - Imaging,823.4,91.26
CGHS_IMG_02198,USG Scrotum & Testes (Multi-Slice 64),Diagnostics - Imaging,860.2,75.68
CGHS_IMG_02199,USG Scrotum & Testes (1.5 Tesla MRI),Diagnostics - Imaging,882.68,97.75
CGHS_IMG_02200,USG Scrotum & Testes (3.0 Tesla MRI),Diagnostics - Imaging,1006.32,80.38
CGHS_IMG_02201,USG Scrotum & Testes (Emergency Express),Diagnostics - Imaging,850.68,89.77
CGHS_IMG_02202,USG Scrotum & Testes (Digital Radiography),Diagnostics - Imaging,902.32,83.22
CGHS_IMG_02203,USG Neck & Thyroid (Standard Protocol),Diagnostics - Imaging,968.86,101.93
CGHS_IMG_02204,USG Neck & Thyroid (High Resolution),Diagnostics - Imaging,883.24,94.91
CGHS_IMG_02205,USG Neck & Thyroid (With Contrast Media),Diagnostics - Imaging,849.21,96.68
CGHS_IMG_02206,USG Neck & Thyroid (3D Reconstruction),Diagnostics - Imaging,1007.67,69.91
CGHS_IMG_02207,USG Neck & Thyroid (Multi-Slice 64),Diagnostics - Imaging,962.79,70.43
CGHS_IMG_02208,USG Neck & Thyroid (1.5 Tesla MRI),Diagnostics - Imaging,884.89,74.53
CGHS_IMG_02209,USG Neck & Thyroid (3.0 Tesla MRI),Diagnostics - Imaging,979.59,95.79
CGHS_IMG_02210,USG Neck & Thyroid (Emergency Express),Diagnostics - Imaging,976.2,72.15
CGHS_IMG_02211,USG Neck & Thyroid (Digital Radiography),Diagnostics - Imaging,960.88,76.46
CGHS_IMG_02212,Mammography Bilateral (Standard Protocol),Diagnostics - Imaging,1583.91,136.81
CGHS_IMG_02213,Mammography Bilateral (High Resolution),Diagnostics - Imaging,1569.8,113.88
CGHS_IMG_02214,Mammography Bilateral (With Contrast Media),Diagnostics - Imaging,1453.55,155.18
CGHS_IMG_02215,Mammography Bilateral (3D Reconstruction),Diagnostics - Imaging,1478.88,167.0
CGHS_IMG_02216,Mammography Bilateral (Multi-Slice 64),Diagnostics - Imaging,1458.59,150.16
CGHS_IMG_02217,Mammography Bilateral (1.5 Tesla MRI),Diagnostics - Imaging,1391.09,130.09
CGHS_IMG_02218,Mammography Bilateral (3.0 Tesla MRI),Diagnostics - Imaging,1524.25,114.36
CGHS_IMG_02219,Mammography Bilateral (Emergency Express),Diagnostics - Imaging,1653.72,141.17
CGHS_IMG_02220,Mammography Bilateral (Digital Radiography),Diagnostics - Imaging,1366.39,147.76
CGHS_IMG_02221,X-Ray Chest PA View (Standard Protocol),Diagnostics - Imaging,239.9,28.88
CGHS_IMG_02222,X-Ray Chest PA View (High Resolution),Diagnostics - Imaging,289.77,22.18
CGHS_IMG_02223,X-Ray Chest PA View (With Contrast Media),Diagnostics - Imaging,233.47,26.33
CGHS_IMG_02224,X-Ray Chest PA View (3D Reconstruction),Diagnostics - Imaging,249.34,21.67
CGHS_IMG_02225,X-Ray Chest PA View (Multi-Slice 64),Diagnostics - Imaging,245.71,21.2
CGHS_IMG_02226,X-Ray Chest PA View (1.5 Tesla MRI),Diagnostics - Imaging,284.19,20.09
CGHS_IMG_02227,X-Ray Chest PA View (3.0 Tesla MRI),Diagnostics - Imaging,228.15,27.83
CGHS_IMG_02228,X-Ray Chest PA View (Emergency Express),Diagnostics - Imaging,260.65,25.96
CGHS_IMG_02229,X-Ray Chest PA View (Digital Radiography),Diagnostics - Imaging,252.85,20.89
CGHS_IMG_02230,X-Ray Spine Cervical AP/Lat (Standard Protocol),Diagnostics - Imaging,378.92,33.46
CGHS_IMG_02231,X-Ray Spine Cervical AP/Lat (High Resolution),Diagnostics - Imaging,434.24,46.89
CGHS_IMG_02232,X-Ray Spine Cervical AP/Lat (With Contrast Media),Diagnostics - Imaging,479.64,42.0
CGHS_IMG_02233,X-Ray Spine Cervical AP/Lat (3D Reconstruction),Diagnostics - Imaging,367.17,42.31
CGHS_IMG_02234,X-Ray Spine Cervical AP/Lat (Multi-Slice 64),Diagnostics - Imaging,444.16,44.66
CGHS_IMG_02235,X-Ray Spine Cervical AP/Lat (1.5 Tesla MRI),Diagnostics - Imaging,375.1,35.72
CGHS_IMG_02236,X-Ray Spine Cervical AP/Lat (3.0 Tesla MRI),Diagnostics - Imaging,477.8,44.62
CGHS_IMG_02237,X-Ray Spine Cervical AP/Lat (Emergency Express),Diagnostics - Imaging,450.8,44.89
CGHS_IMG_02238,X-Ray Spine Cervical AP/Lat (Digital Radiography),Diagnostics - Imaging,412.65,35.09
CGHS_IMG_02239,X-Ray Spine Lumbar AP/Lat (Standard Protocol),Diagnostics - Imaging,442.71,37.73
CGHS_IMG_02240,X-Ray Spine Lumbar AP/Lat (High Resolution),Diagnostics - Imaging,376.17,46.38
CGHS_IMG_02241,X-Ray Spine Lumbar AP/Lat (With Contrast Media),Diagnostics - Imaging,418.24,39.0
CGHS_IMG_02242,X-Ray Spine Lumbar AP/Lat (3D Reconstruction),Diagnostics - Imaging,395.37,43.15
CGHS_IMG_02243,X-Ray Spine Lumbar AP/Lat (Multi-Slice 64),Diagnostics - Imaging,382.77,34.99
CGHS_IMG_02244,X-Ray Spine Lumbar AP/Lat (1.5 Tesla MRI),Diagnostics - Imaging,401.72,43.72
CGHS_IMG_02245,X-Ray Spine Lumbar AP/Lat (3.0 Tesla MRI),Diagnostics - Imaging,393.04,45.3
CGHS_IMG_02246,X-Ray Spine Lumbar AP/Lat (Emergency Express),Diagnostics - Imaging,469.74,40.87
CGHS_IMG_02247,X-Ray Spine Lumbar AP/Lat (Digital Radiography),Diagnostics - Imaging,368.27,34.48
CGHS_IMG_02248,X-Ray Knee Joint AP/Lat (Standard Protocol),Diagnostics - Imaging,346.05,31.69
CGHS_IMG_02249,X-Ray Knee Joint AP/Lat (High Resolution),Diagnostics - Imaging,353.55,28.01
CGHS_IMG_02250,X-Ray Knee Joint AP/Lat (With Contrast Media),Diagnostics - Imaging,381.99,33.31
CGHS_IMG_02251,X-Ray Knee Joint AP/Lat (3D Reconstruction),Diagnostics - Imaging,334.48,28.26
CGHS_IMG_02252,X-Ray Knee Joint AP/Lat (Multi-Slice 64),Diagnostics - Imaging,404.97,38.86
CGHS_IMG_02253,X-Ray Knee Joint AP/Lat (1.5 Tesla MRI),Diagnostics - Imaging,340.07,38.09
CGHS_IMG_02254,X-Ray Knee Joint AP/Lat (3.0 Tesla MRI),Diagnostics - Imaging,384.12,35.55
CGHS_IMG_02255,X-Ray Knee Joint AP/Lat (Emergency Express),Diagnostics - Imaging,355.69,35.34
CGHS_IMG_02256,X-Ray Knee Joint AP/Lat (Digital Radiography),Diagnostics - Imaging,367.24,35.72
CGHS_IMG_02257,X-Ray Hip Joint AP/Lat (Standard Protocol),Diagnostics - Imaging,379.37,32.52
CGHS_IMG_02258,X-Ray Hip Joint AP/Lat (High Resolution),Diagnostics - Imaging,382.29,29.55
CGHS_IMG_02259,X-Ray Hip Joint AP/Lat (With Contrast Media),Diagnostics - Imaging,369.94,28.93
CGHS_IMG_02260,X-Ray Hip Joint AP/Lat (3D Reconstruction),Diagnostics - Imaging,402.7,29.82
CGHS_IMG_02261,X-Ray Hip Joint AP/Lat (Multi-Slice 64),Diagnostics - Imaging,406.72,30.83
CGHS_IMG_02262,X-Ray Hip Joint AP/Lat (1.5 Tesla MRI),Diagnostics - Imaging,365.96,29.38
CGHS_IMG_02263,X-Ray Hip Joint AP/Lat (3.0 Tesla MRI),Diagnostics - Imaging,374.96,39.71
CGHS_IMG_02264,X-Ray Hip Joint AP/Lat (Emergency Express),Diagnostics - Imaging,384.08,35.36
CGHS_IMG_02265,X-Ray Hip Joint AP/Lat (Digital Radiography),Diagnostics - Imaging,388.64,31.58
CGHS_IMG_02266,X-Ray Abdomen Erect (Standard Protocol),Diagnostics - Imaging,302.97,31.27
CGHS_IMG_02267,X-Ray Abdomen Erect (High Resolution),Diagnostics - Imaging,276.38,35.16
CGHS_IMG_02268,X-Ray Abdomen Erect (With Contrast Media),Diagnostics - Imaging,288.79,29.9
CGHS_IMG_02269,X-Ray Abdomen Erect (3D Reconstruction),Diagnostics - Imaging,350.08,24.96
CGHS_IMG_02270,X-Ray Abdomen Erect (Multi-Slice 64),Diagnostics - Imaging,342.09,24.73
CGHS_IMG_02271,X-Ray Abdomen Erect (1.5 Tesla MRI),Diagnostics - Imaging,320.22,35.26
CGHS_IMG_02272,X-Ray Abdomen Erect (3.0 Tesla MRI),Diagnostics - Imaging,307.44,28.43
CGHS_IMG_02273,X-Ray Abdomen Erect (Emergency Express),Diagnostics - Imaging,333.76,33.88
CGHS_IMG_02274,X-Ray Abdomen Erect (Digital Radiography),Diagnostics - Imaging,293.92,24.49
CGHS_IMG_02275,ECG 12 Lead Tracing (Standard Protocol),Diagnostics - Imaging,138.17,13.82
CGHS_IMG_02276,ECG 12 Lead Tracing (High Resolution),Diagnostics - Imaging,177.51,17.76
CGHS_IMG_02277,ECG 12 Lead Tracing (With Contrast Media),Diagnostics - Imaging,139.37,16.35
CGHS_IMG_02278,ECG 12 Lead Tracing (3D Reconstruction),Diagnostics - Imaging,158.92,13.14
CGHS_IMG_02279,ECG 12 Lead Tracing (Multi-Slice 64),Diagnostics - Imaging,158.68,13.49
CGHS_IMG_02280,ECG 12 Lead Tracing (1.5 Tesla MRI),Diagnostics - Imaging,163.14,13.07
CGHS_IMG_02281,ECG 12 Lead Tracing (3.0 Tesla MRI),Diagnostics - Imaging,168.71,14.49
CGHS_IMG_02282,ECG 12 Lead Tracing (Emergency Express),Diagnostics - Imaging,139.75,15.83
CGHS_IMG_02283,ECG 12 Lead Tracing (Digital Radiography),Diagnostics - Imaging,151.11,14.75
CGHS_IMG_02284,2D Echocardiogram with Color Doppler (Standard Protocol),Diagnostics - Imaging,1649.36,172.97
CGHS_IMG_02285,2D Echocardiogram with Color Doppler (High Resolution),Diagnostics - Imaging,1425.06,130.82
CGHS_IMG_02286,2D Echocardiogram with Color Doppler (With Contrast Media),Diagnostics - Imaging,1530.7,140.25
CGHS_IMG_02287,2D Echocardiogram with Color Doppler (3D Reconstruction),Diagnostics - Imaging,1421.18,179.91
CGHS_IMG_02288,2D Echocardiogram with Color Doppler (Multi-Slice 64),Diagnostics - Imaging,1549.36,141.14
CGHS_IMG_02289,2D Echocardiogram with Color Doppler (1.5 Tesla MRI),Diagnostics - Imaging,1491.82,179.49
CGHS_IMG_02290,2D Echocardiogram with Color Doppler (3.0 Tesla MRI),Diagnostics - Imaging,1496.09,142.3
CGHS_IMG_02291,2D Echocardiogram with Color Doppler (Emergency Express),Diagnostics - Imaging,1693.88,145.84
CGHS_IMG_02292,2D Echocardiogram with Color Doppler (Digital Radiography),Diagnostics - Imaging,1676.64,156.5
CGHS_IMG_02293,Stress Echocardiogram (Standard Protocol),Diagnostics - Imaging,2672.36,221.39
CGHS_IMG_02294,Stress Echocardiogram (High Resolution),Diagnostics - Imaging,2824.28,292.61
CGHS_IMG_02295,Stress Echocardiogram (With Contrast Media),Diagnostics - Imaging,2440.57,296.17
CGHS_IMG_02296,Stress Echocardiogram (3D Reconstruction),Diagnostics - Imaging,2585.62,239.71
CGHS_IMG_02297,Stress Echocardiogram (Multi-Slice 64),Diagnostics - Imaging,2794.73,298.3
CGHS_IMG_02298,Stress Echocardiogram (1.5 Tesla MRI),Diagnostics - Imaging,2696.82,251.76
CGHS_IMG_02299,Stress Echocardiogram (3.0 Tesla MRI),Diagnostics - Imaging,2995.06,230.18
CGHS_IMG_02300,Stress Echocardiogram (Emergency Express),Diagnostics - Imaging,2475.25,222.19
CGHS_IMG_02301,Stress Echocardiogram (Digital Radiography),Diagnostics - Imaging,2891.79,202.17
CGHS_IMG_02302,Treadmill Exercise Test (TMT) (Standard Protocol),Diagnostics - Imaging,1261.24,118.35
CGHS_IMG_02303,Treadmill Exercise Test (TMT) (High Resolution),Diagnostics - Imaging,1081.07,112.36
CGHS_IMG_02304,Treadmill Exercise Test (TMT) (With Contrast Media),Diagnostics - Imaging,1173.59,128.74
CGHS_IMG_02305,Treadmill Exercise Test (TMT) (3D Reconstruction),Diagnostics - Imaging,1041.06,89.66
CGHS_IMG_02306,Treadmill Exercise Test (TMT) (Multi-Slice 64),Diagnostics - Imaging,1107.37,94.09
CGHS_IMG_02307,Treadmill Exercise Test (TMT) (1.5 Tesla MRI),Diagnostics - Imaging,1111.14,113.61
CGHS_IMG_02308,Treadmill Exercise Test (TMT) (3.0 Tesla MRI),Diagnostics - Imaging,1066.89,123.69
CGHS_IMG_02309,Treadmill Exercise Test (TMT) (Emergency Express),Diagnostics - Imaging,1020.33,105.59
CGHS_IMG_02310,Treadmill Exercise Test (TMT) (Digital Radiography),Diagnostics - Imaging,1292.9,120.31
CGHS_IMG_02311,Holter Monitoring 24 Hours (Standard Protocol),Diagnostics - Imaging,2457.56,245.78
CGHS_IMG_02312,Holter Monitoring 24 Hours (High Resolution),Diagnostics - Imaging,2094.12,248.66
CGHS_IMG_02313,Holter Monitoring 24 Hours (With Contrast Media),Diagnostics - Imaging,2435.13,226.71
CGHS_IMG_02314,Holter Monitoring 24 Hours (3D Reconstruction),Diagnostics - Imaging,2579.05,228.38
CGHS_IMG_02315,Holter Monitoring 24 Hours (Multi-Slice 64),Diagnostics - Imaging,2178.26,240.31
CGHS_IMG_02316,Holter Monitoring 24 Hours (1.5 Tesla MRI),Diagnostics - Imaging,2360.35,182.91
CGHS_IMG_02317,Holter Monitoring 24 Hours (3.0 Tesla MRI),Diagnostics - Imaging,2016.91,243.84
CGHS_IMG_02318,Holter Monitoring 24 Hours (Emergency Express),Diagnostics - Imaging,2209.63,247.91
CGHS_IMG_02319,Holter Monitoring 24 Hours (Digital Radiography),Diagnostics - Imaging,2254.9,252.37
CGHS_IMG_02320,EEG Routine Sleep & Awake (Standard Protocol),Diagnostics - Imaging,1393.12,106.88
CGHS_IMG_02321,EEG Routine Sleep & Awake (High Resolution),Diagnostics - Imaging,1315.0,124.91
CGHS_IMG_02322,EEG Routine Sleep & Awake (With Contrast Media),Diagnostics - Imaging,1084.12,133.32
CGHS_IMG_02323,EEG Routine Sleep & Awake (3D Reconstruction),Diagnostics - Imaging,1217.7,110.63
CGHS_IMG_02324,EEG Routine Sleep & Awake (Multi-Slice 64),Diagnostics - Imaging,1094.83,121.92
CGHS_IMG_02325,EEG Routine Sleep & Awake (1.5 Tesla MRI),Diagnostics - Imaging,1133.85,120.12
CGHS_IMG_02326,EEG Routine Sleep & Awake (3.0 Tesla MRI),Diagnostics - Imaging,1159.49,98.42
CGHS_IMG_02327,EEG Routine Sleep & Awake (Emergency Express),Diagnostics - Imaging,1343.37,114.86
CGHS_IMG_02328,EEG Routine Sleep & Awake (Digital Radiography),Diagnostics - Imaging,1240.42,124.57
CGHS_IMG_02329,EMG Nerve Conduction Velocity (NCV) (Standard Protocol),Diagnostics - Imaging,1892.55,159.99
CGHS_IMG_02330,EMG Nerve Conduction Velocity (NCV) (High Resolution),Diagnostics - Imaging,1776.48,172.39
CGHS_IMG_02331,EMG Nerve Conduction Velocity (NCV) (With Contrast Media),Diagnostics - Imaging,1691.38,149.94
CGHS_IMG_02332,EMG Nerve Conduction Velocity (NCV) (3D Reconstruction),Diagnostics - Imaging,1928.58,147.55
CGHS_IMG_02333,EMG Nerve Conduction Velocity (NCV) (Multi-Slice 64),Diagnostics - Imaging,1835.56,150.13
CGHS_IMG_02334,EMG Nerve Conduction Velocity (NCV) (1.5 Tesla MRI),Diagnostics - Imaging,1890.98,199.72
CGHS_IMG_02335,EMG Nerve Conduction Velocity (NCV) (3.0 Tesla MRI),Diagnostics - Imaging,1690.4,153.71
CGHS_IMG_02336,EMG Nerve Conduction Velocity (NCV) (Emergency Express),Diagnostics - Imaging,1922.02,179.13
CGHS_IMG_02337,EMG Nerve Conduction Velocity (NCV) (Digital Radiography),Diagnostics - Imaging,1972.21,158.12
CGHS_IMG_02338,Pulmonary Function Test (PFT Spirometry) (Standard Protocol),Diagnostics - Imaging,759.36,76.6
CGHS_IMG_02339,Pulmonary Function Test (PFT Spirometry) (High Resolution),Diagnostics - Imaging,681.71,58.01
CGHS_IMG_02340,Pulmonary Function Test (PFT Spirometry) (With Contrast Media),Diagnostics - Imaging,793.12,65.06
CGHS_IMG_02341,Pulmonary Function Test (PFT Spirometry) (3D Reconstruction),Diagnostics - Imaging,824.07,58.51
CGHS_IMG_02342,Pulmonary Function Test (PFT Spirometry) (Multi-Slice 64),Diagnostics - Imaging,771.07,67.86
CGHS_IMG_02343,Pulmonary Function Test (PFT Spirometry) (1.5 Tesla MRI),Diagnostics - Imaging,703.14,64.98
CGHS_IMG_02344,Pulmonary Function Test (PFT Spirometry) (3.0 Tesla MRI),Diagnostics - Imaging,754.71,56.68
CGHS_IMG_02345,Pulmonary Function Test (PFT Spirometry) (Emergency Express),Diagnostics - Imaging,694.01,83.65
CGHS_IMG_02346,Pulmonary Function Test (PFT Spirometry) (Digital Radiography),Diagnostics - Imaging,759.41,83.72
CGHS_IMG_02347,PET-CT Whole Body Scan (Standard Protocol),Diagnostics - Imaging,14457.28,1201.66
CGHS_IMG_02348,PET-CT Whole Body Scan (High Resolution),Diagnostics - Imaging,12788.49,1578.18
CGHS_IMG_02349,PET-CT Whole Body Scan (With Contrast Media),Diagnostics - Imaging,13438.68,1329.34
CGHS_IMG_02350,PET-CT Whole Body Scan (3D Reconstruction),Diagnostics - Imaging,15782.48,1597.55
CGHS_IMG_02351,PET-CT Whole Body Scan (Multi-Slice 64),Diagnostics - Imaging,13071.96,1150.54
CGHS_IMG_02352,PET-CT Whole Body Scan (1.5 Tesla MRI),Diagnostics - Imaging,16585.55,1638.97
CGHS_IMG_02353,PET-CT Whole Body Scan (3.0 Tesla MRI),Diagnostics - Imaging,16248.76,1579.28
CGHS_IMG_02354,PET-CT Whole Body Scan (Emergency Express),Diagnostics - Imaging,12657.68,1508.53
CGHS_IMG_02355,PET-CT Whole Body Scan (Digital Radiography),Diagnostics - Imaging,13067.37,1372.03
CGHS_IMG_02356,DEXA Bone Densitometry Whole Body (Standard Protocol),Diagnostics - Imaging,1632.28,159.05
CGHS_IMG_02357,DEXA Bone Densitometry Whole Body (High Resolution),Diagnostics - Imaging,1910.52,158.67
CGHS_IMG_02358,DEXA Bone Densitometry Whole Body (With Contrast Media),Diagnostics - Imaging,1902.56,162.62
CGHS_IMG_02359,DEXA Bone Densitometry Whole Body (3D Reconstruction),Diagnostics - Imaging,1880.83,196.55
CGHS_IMG_02360,DEXA Bone Densitometry Whole Body (Multi-Slice 64),Diagnostics - Imaging,1696.33,194.31
CGHS_IMG_02361,DEXA Bone Densitometry Whole Body (1.5 Tesla MRI),Diagnostics - Imaging,1629.93,185.98
CGHS_IMG_02362,DEXA Bone Densitometry Whole Body (3.0 Tesla MRI),Diagnostics - Imaging,1978.31,147.13
CGHS_IMG_02363,DEXA Bone Densitometry Whole Body (Emergency Express),Diagnostics - Imaging,1711.97,164.45
CGHS_IMG_02364,DEXA Bone Densitometry Whole Body (Digital Radiography),Diagnostics - Imaging,2046.16,188.49
CGHS_SURG_02365,Cataract Surgery Phacoemulsification with Foldable IOL - Uncomplicated,Surgeries & Procedures,13738.88,1592.85
CGHS_SURG_02366,Cataract Surgery Phacoemulsification with Foldable IOL - Grade-1 Complexity,Surgeries & Procedures,13537.5,1433.19
CGHS_SURG_02367,Cataract Surgery Phacoemulsification with Foldable IOL - Grade-2 Complexity,Surgeries & Procedures,14720.9,1711.25
CGHS_SURG_02368,Cataract Surgery Phacoemulsification with Foldable IOL - Grade-3 Major,Surgeries & Procedures,16470.45,1718.57
CGHS_SURG_02369,Cataract Surgery Phacoemulsification with Foldable IOL - Emergency Intervention,Surgeries & Procedures,13585.85,1720.45
CGHS_SURG_02370,Cataract Surgery Phacoemulsification with Foldable IOL - Daycare Procedure,Surgeries & Procedures,16422.35,1338.7
CGHS_SURG_02371,Cataract Surgery Phacoemulsification with Foldable IOL - NABH Standard Package,Surgeries & Procedures,15213.16,1785.97
CGHS_SURG_02372,Cataract Surgery Phacoemulsification with Foldable IOL - Super Specialty Unit,Surgeries & Procedures,13948.22,1389.27
CGHS_SURG_02373,Cataract Surgery MICS Laser - Uncomplicated,Surgeries & Procedures,25520.7,2227.77
CGHS_SURG_02374,Cataract Surgery MICS Laser - Grade-1 Complexity,Surgeries & Procedures,21030.35,2200.57
CGHS_SURG_02375,Cataract Surgery MICS Laser - Grade-2 Complexity,Surgeries & Procedures,22822.71,2575.19
CGHS_SURG_02376,Cataract Surgery MICS Laser - Grade-3 Major,Surgeries & Procedures,19941.82,1977.71
CGHS_SURG_02377,Cataract Surgery MICS Laser - Emergency Intervention,Surgeries & Procedures,23294.14,2053.54
CGHS_SURG_02378,Cataract Surgery MICS Laser - Daycare Procedure,Surgeries & Procedures,22396.44,1898.16
CGHS_SURG_02379,Cataract Surgery MICS Laser - NABH Standard Package,Surgeries & Procedures,22088.75,2069.68
CGHS_SURG_02380,Cataract Surgery MICS Laser - Super Specialty Unit,Surgeries & Procedures,23926.52,1967.86
CGHS_SURG_02381,Laparoscopic Cholecystectomy - Uncomplicated,Surgeries & Procedures,33417.25,2801.4
CGHS_SURG_02382,Laparoscopic Cholecystectomy - Grade-1 Complexity,Surgeries & Procedures,32019.9,2940.89
CGHS_SURG_02383,Laparoscopic Cholecystectomy - Grade-2 Complexity,Surgeries & Procedures,32580.89,3237.25
CGHS_SURG_02384,Laparoscopic Cholecystectomy - Grade-3 Major,Surgeries & Procedures,32044.81,2273.0
CGHS_SURG_02385,Laparoscopic Cholecystectomy - Emergency Intervention,Surgeries & Procedures,29861.49,2553.82
CGHS_SURG_02386,Laparoscopic Cholecystectomy - Daycare Procedure,Surgeries & Procedures,26474.35,3244.84
CGHS_SURG_02387,Laparoscopic Cholecystectomy - NABH Standard Package,Surgeries & Procedures,30718.23,2338.33
CGHS_SURG_02388,Laparoscopic Cholecystectomy - Super Specialty Unit,Surgeries & Procedures,28410.54,3315.88
CGHS_SURG_02389,Open Cholecystectomy - Uncomplicated,Surgeries & Procedures,23842.16,2310.46
CGHS_SURG_02390,Open Cholecystectomy - Grade-1 Complexity,Surgeries & Procedures,21301.02,1971.52
CGHS_SURG_02391,Open Cholecystectomy - Grade-2 Complexity,Surgeries & Procedures,20808.14,2614.07
CGHS_SURG_02392,Open Cholecystectomy - Grade-3 Major,Surgeries & Procedures,25804.25,2049.77
CGHS_SURG_02393,Open Cholecystectomy - Emergency Intervention,Surgeries & Procedures,23378.74,1941.95
CGHS_SURG_02394,Open Cholecystectomy - Daycare Procedure,Surgeries & Procedures,20714.61,2236.39
CGHS_SURG_02395,Open Cholecystectomy - NABH Standard Package,Surgeries & Procedures,25080.69,2519.08
CGHS_SURG_02396,Open Cholecystectomy - Super Specialty Unit,Surgeries & Procedures,21839.39,2380.52
CGHS_SURG_02397,Laparoscopic Appendectomy - Uncomplicated,Surgeries & Procedures,26428.54,2135.25
CGHS_SURG_02398,Laparoscopic Appendectomy - Grade-1 Complexity,Surgeries & Procedures,29967.64,2975.78
CGHS_SURG_02399,Laparoscopic Appendectomy - Grade-2 Complexity,Surgeries & Procedures,23588.64,2933.03
CGHS_SURG_02400,Laparoscopic Appendectomy - Grade-3 Major,Surgeries & Procedures,29378.34,2317.5
CGHS_SURG_02401,Laparoscopic Appendectomy - Emergency Intervention,Surgeries & Procedures,26680.05,2948.6
CGHS_SURG_02402,Laparoscopic Appendectomy - Daycare Procedure,Surgeries & Procedures,23387.9,2317.6
CGHS_SURG_02403,Laparoscopic Appendectomy - NABH Standard Package,Surgeries & Procedures,29097.29,2727.08
CGHS_SURG_02404,Laparoscopic Appendectomy - Super Specialty Unit,Surgeries & Procedures,28240.76,2880.13
CGHS_SURG_02405,Open Appendectomy - Uncomplicated,Surgeries & Procedures,18435.82,1736.1
CGHS_SURG_02406,Open Appendectomy - Grade-1 Complexity,Surgeries & Procedures,18592.22,2112.31
CGHS_SURG_02407,Open Appendectomy - Grade-2 Complexity,Surgeries & Procedures,21028.3,2111.94
CGHS_SURG_02408,Open Appendectomy - Grade-3 Major,Surgeries & Procedures,17678.5,2000.96
CGHS_SURG_02409,Open Appendectomy - Emergency Intervention,Surgeries & Procedures,16776.57,1573.02
CGHS_SURG_02410,Open Appendectomy - Daycare Procedure,Surgeries & Procedures,20317.22,1880.63
CGHS_SURG_02411,Open Appendectomy - NABH Standard Package,Surgeries & Procedures,17641.06,1848.27
CGHS_SURG_02412,Open Appendectomy - Super Specialty Unit,Surgeries & Procedures,17446.92,1607.17
CGHS_SURG_02413,Inguinal Hernia Repair Laparoscopic Mesh - Uncomplicated,Surgeries & Procedures,33186.4,2831.11
CGHS_SURG_02414,Inguinal Hernia Repair Laparoscopic Mesh - Grade-1 Complexity,Surgeries & Procedures,33193.27,2971.92
CGHS_SURG_02415,Inguinal Hernia Repair Laparoscopic Mesh - Grade-2 Complexity,Surgeries & Procedures,31520.92,3125.65
CGHS_SURG_02416,Inguinal Hernia Repair Laparoscopic Mesh - Grade-3 Major,Surgeries & Procedures,33408.17,2848.75
CGHS_SURG_02417,Inguinal Hernia Repair Laparoscopic Mesh - Emergency Intervention,Surgeries & Procedures,34669.16,2989.73
CGHS_SURG_02418,Inguinal Hernia Repair Laparoscopic Mesh - Daycare Procedure,Surgeries & Procedures,28237.61,2631.91
CGHS_SURG_02419,Inguinal Hernia Repair Laparoscopic Mesh - NABH Standard Package,Surgeries & Procedures,27290.07,3317.45
CGHS_SURG_02420,Inguinal Hernia Repair Laparoscopic Mesh - Super Specialty Unit,Surgeries & Procedures,27135.13,2723.83
CGHS_SURG_02421,Inguinal Hernia Repair Open Mesh - Uncomplicated,Surgeries & Procedures,22526.09,2413.28
CGHS_SURG_02422,Inguinal Hernia Repair Open Mesh - Grade-1 Complexity,Surgeries & Procedures,26322.41,2426.84
CGHS_SURG_02423,Inguinal Hernia Repair Open Mesh - Grade-2 Complexity,Surgeries & Procedures,20236.5,2575.85
CGHS_SURG_02424,Inguinal Hernia Repair Open Mesh - Grade-3 Major,Surgeries & Procedures,26305.14,2523.07
CGHS_SURG_02425,Inguinal Hernia Repair Open Mesh - Emergency Intervention,Surgeries & Procedures,23033.62,2045.91
CGHS_SURG_02426,Inguinal Hernia Repair Open Mesh - Daycare Procedure,Surgeries & Procedures,22819.8,1977.17
CGHS_SURG_02427,Inguinal Hernia Repair Open Mesh - NABH Standard Package,Surgeries & Procedures,22472.12,1796.81
CGHS_SURG_02428,Inguinal Hernia Repair Open Mesh - Super Specialty Unit,Surgeries & Procedures,24653.19,2094.73
CGHS_SURG_02429,Ventral Hernia Repair Laparoscopic - Uncomplicated,Surgeries & Procedures,31803.82,3342.73
CGHS_SURG_02430,Ventral Hernia Repair Laparoscopic - Grade-1 Complexity,Surgeries & Procedures,35927.69,3320.07
CGHS_SURG_02431,Ventral Hernia Repair Laparoscopic - Grade-2 Complexity,Surgeries & Procedures,33842.21,3681.0
CGHS_SURG_02432,Ventral Hernia Repair Laparoscopic - Grade-3 Major,Surgeries & Procedures,36354.43,3226.43
CGHS_SURG_02433,Ventral Hernia Repair Laparoscopic - Emergency Intervention,Surgeries & Procedures,33135.45,3618.57
CGHS_SURG_02434,Ventral Hernia Repair Laparoscopic - Daycare Procedure,Surgeries & Procedures,29207.19,3834.67
CGHS_SURG_02435,Ventral Hernia Repair Laparoscopic - NABH Standard Package,Surgeries & Procedures,33779.55,3066.38
CGHS_SURG_02436,Ventral Hernia Repair Laparoscopic - Super Specialty Unit,Surgeries & Procedures,35857.63,3273.86
CGHS_SURG_02437,Hemorrhoidectomy Stapled Laser - Uncomplicated,Surgeries & Procedures,25316.11,2525.42
CGHS_SURG_02438,Hemorrhoidectomy Stapled Laser - Grade-1 Complexity,Surgeries & Procedures,21954.93,2199.53
CGHS_SURG_02439,Hemorrhoidectomy Stapled Laser - Grade-2 Complexity,Surgeries & Procedures,24465.89,2212.37
CGHS_SURG_02440,Hemorrhoidectomy Stapled Laser - Grade-3 Major,Surgeries & Procedures,27558.87,2362.89
CGHS_SURG_02441,Hemorrhoidectomy Stapled Laser - Emergency Intervention,Surgeries & Procedures,24641.73,2508.61
CGHS_SURG_02442,Hemorrhoidectomy Stapled Laser - Daycare Procedure,Surgeries & Procedures,21992.74,2416.29
CGHS_SURG_02443,Hemorrhoidectomy Stapled Laser - NABH Standard Package,Surgeries & Procedures,22624.13,2716.7
CGHS_SURG_02444,Hemorrhoidectomy Stapled Laser - Super Specialty Unit,Surgeries & Procedures,24852.23,2613.74
CGHS_SURG_02445,Anal Fissurectomy & Sphincterotomy - Uncomplicated,Surgeries & Procedures,14943.22,1778.39
CGHS_SURG_02446,Anal Fissurectomy & Sphincterotomy - Grade-1 Complexity,Surgeries & Procedures,18901.64,1725.51
CGHS_SURG_02447,Anal Fissurectomy & Sphincterotomy - Grade-2 Complexity,Surgeries & Procedures,15049.47,1544.68
CGHS_SURG_02448,Anal Fissurectomy & Sphincterotomy - Grade-3 Major,Surgeries & Procedures,16564.25,1394.48
CGHS_SURG_02449,Anal Fissurectomy & Sphincterotomy - Emergency Intervention,Surgeries & Procedures,17233.51,1736.09
CGHS_SURG_02450,Anal Fissurectomy & Sphincterotomy - Daycare Procedure,Surgeries & Procedures,15369.27,1571.0
CGHS_SURG_02451,Anal Fissurectomy & Sphincterotomy - NABH Standard Package,Surgeries & Procedures,15600.4,1722.7
CGHS_SURG_02452,Anal Fissurectomy & Sphincterotomy - Super Specialty Unit,Surgeries & Procedures,18754.38,1789.75
CGHS_SURG_02453,Fistulotomy / Fistulectomy - Uncomplicated,Surgeries & Procedures,20079.22,1528.95
CGHS_SURG_02454,Fistulotomy / Fistulectomy - Grade-1 Complexity,Surgeries & Procedures,16816.49,1763.57
CGHS_SURG_02455,Fistulotomy / Fistulectomy - Grade-2 Complexity,Surgeries & Procedures,18159.89,1817.15
CGHS_SURG_02456,Fistulotomy / Fistulectomy - Grade-3 Major,Surgeries & Procedures,18274.07,2009.57
CGHS_SURG_02457,Fistulotomy / Fistulectomy - Emergency Intervention,Surgeries & Procedures,18963.0,2123.82
CGHS_SURG_02458,Fistulotomy / Fistulectomy - Daycare Procedure,Surgeries & Procedures,18244.86,1714.04
CGHS_SURG_02459,Fistulotomy / Fistulectomy - NABH Standard Package,Surgeries & Procedures,20348.61,2096.82
CGHS_SURG_02460,Fistulotomy / Fistulectomy - Super Specialty Unit,Surgeries & Procedures,19253.65,1914.86
CGHS_SURG_02461,Hydrocelectomy Unilateral - Uncomplicated,Surgeries & Procedures,13230.38,1606.54
CGHS_SURG_02462,Hydrocelectomy Unilateral - Grade-1 Complexity,Surgeries & Procedures,13351.24,1518.75
CGHS_SURG_02463,Hydrocelectomy Unilateral - Grade-2 Complexity,Surgeries & Procedures,14362.24,1293.33
CGHS_SURG_02464,Hydrocelectomy Unilateral - Grade-3 Major,Surgeries & Procedures,15828.25,1369.9
CGHS_SURG_02465,Hydrocelectomy Unilateral - Emergency Intervention,Surgeries & Procedures,15231.1,1185.83
CGHS_SURG_02466,Hydrocelectomy Unilateral - Daycare Procedure,Surgeries & Procedures,13152.6,1233.6
CGHS_SURG_02467,Hydrocelectomy Unilateral - NABH Standard Package,Surgeries & Procedures,15214.75,1261.74
CGHS_SURG_02468,Hydrocelectomy Unilateral - Super Specialty Unit,Surgeries & Procedures,14526.3,1599.03
CGHS_SURG_02469,Cesarean Section C-Section Emergency - Uncomplicated,Surgeries & Procedures,29765.41,2246.44
CGHS_SURG_02470,Cesarean Section C-Section Emergency - Grade-1 Complexity,Surgeries & Procedures,32614.7,2506.42
CGHS_SURG_02471,Cesarean Section C-Section Emergency - Grade-2 Complexity,Surgeries & Procedures,30146.44,2772.8
CGHS_SURG_02472,Cesarean Section C-Section Emergency - Grade-3 Major,Surgeries & Procedures,28645.27,2328.93
CGHS_SURG_02473,Cesarean Section C-Section Emergency - Emergency Intervention,Surgeries & Procedures,30240.86,2514.08
CGHS_SURG_02474,Cesarean Section C-Section Emergency - Daycare Procedure,Surgeries & Procedures,29797.67,2934.14
CGHS_SURG_02475,Cesarean Section C-Section Emergency - NABH Standard Package,Surgeries & Procedures,29883.41,3164.28
CGHS_SURG_02476,Cesarean Section C-Section Emergency - Super Specialty Unit,Surgeries & Procedures,25610.92,2406.05
CGHS_SURG_02477,Cesarean Section C-Section Elective - Uncomplicated,Surgeries & Procedures,26303.59,1955.25
CGHS_SURG_02478,Cesarean Section C-Section Elective - Grade-1 Complexity,Surgeries & Procedures,27747.57,2560.32
CGHS_SURG_02479,Cesarean Section C-Section Elective - Grade-2 Complexity,Surgeries & Procedures,27633.7,2206.5
CGHS_SURG_02480,Cesarean Section C-Section Elective - Grade-3 Major,Surgeries & Procedures,28226.77,1967.07
CGHS_SURG_02481,Cesarean Section C-Section Elective - Emergency Intervention,Surgeries & Procedures,24602.09,2091.12
CGHS_SURG_02482,Cesarean Section C-Section Elective - Daycare Procedure,Surgeries & Procedures,26439.05,2506.65
CGHS_SURG_02483,Cesarean Section C-Section Elective - NABH Standard Package,Surgeries & Procedures,26578.9,2491.17
CGHS_SURG_02484,Cesarean Section C-Section Elective - Super Specialty Unit,Surgeries & Procedures,27268.61,2090.32
CGHS_SURG_02485,Normal Vaginal Delivery - Uncomplicated,Surgeries & Procedures,16585.62,1650.54
CGHS_SURG_02486,Normal Vaginal Delivery - Grade-1 Complexity,Surgeries & Procedures,18871.1,1339.6
CGHS_SURG_02487,Normal Vaginal Delivery - Grade-2 Complexity,Surgeries & Procedures,15836.61,1515.88
CGHS_SURG_02488,Normal Vaginal Delivery - Grade-3 Major,Surgeries & Procedures,16218.91,1323.31
CGHS_SURG_02489,Normal Vaginal Delivery - Emergency Intervention,Surgeries & Procedures,16451.15,1632.3
CGHS_SURG_02490,Normal Vaginal Delivery - Daycare Procedure,Surgeries & Procedures,15805.6,1366.11
CGHS_SURG_02491,Normal Vaginal Delivery - NABH Standard Package,Surgeries & Procedures,17734.17,1455.63
CGHS_SURG_02492,Normal Vaginal Delivery - Super Specialty Unit,Surgeries & Procedures,16929.85,1615.77
CGHS_SURG_02493,Total Laparoscopic Hysterectomy (TLH) - Uncomplicated,Surgeries & Procedures,44349.95,4179.29
CGHS_SURG_02494,Total Laparoscopic Hysterectomy (TLH) - Grade-1 Complexity,Surgeries & Procedures,37311.63,4367.57
CGHS_SURG_02495,Total Laparoscopic Hysterectomy (TLH) - Grade-2 Complexity,Surgeries & Procedures,43547.74,4779.5
CGHS_SURG_02496,Total Laparoscopic Hysterectomy (TLH) - Grade-3 Major,Surgeries & Procedures,41803.96,4301.85
CGHS_SURG_02497,Total Laparoscopic Hysterectomy (TLH) - Emergency Intervention,Surgeries & Procedures,47206.7,4778.05
CGHS_SURG_02498,Total Laparoscopic Hysterectomy (TLH) - Daycare Procedure,Surgeries & Procedures,39446.25,4174.15
CGHS_SURG_02499,Total Laparoscopic Hysterectomy (TLH) - NABH Standard Package,Surgeries & Procedures,39797.86,4040.63
CGHS_SURG_02500,Total Laparoscopic Hysterectomy (TLH) - Super Specialty Unit,Surgeries & Procedures,47940.29,3766.17
CGHS_SURG_02501,Total Abdominal Hysterectomy (TAH) - Uncomplicated,Surgeries & Procedures,30045.25,3280.17
CGHS_SURG_02502,Total Abdominal Hysterectomy (TAH) - Grade-1 Complexity,Surgeries & Procedures,33789.18,3368.78
CGHS_SURG_02503,Total Abdominal Hysterectomy (TAH) - Grade-2 Complexity,Surgeries & Procedures,33528.04,2790.28
CGHS_SURG_02504,Total Abdominal Hysterectomy (TAH) - Grade-3 Major,Surgeries & Procedures,34650.3,3466.99
CGHS_SURG_02505,Total Abdominal Hysterectomy (TAH) - Emergency Intervention,Surgeries & Procedures,38200.87,2562.02
CGHS_SURG_02506,Total Abdominal Hysterectomy (TAH) - Daycare Procedure,Surgeries & Procedures,29030.27,3360.59
CGHS_SURG_02507,Total Abdominal Hysterectomy (TAH) - NABH Standard Package,Surgeries & Procedures,29932.09,3645.53
CGHS_SURG_02508,Total Abdominal Hysterectomy (TAH) - Super Specialty Unit,Surgeries & Procedures,36475.82,3838.7
CGHS_SURG_02509,Vaginal Hysterectomy with Pelvic Repair - Uncomplicated,Surgeries & Procedures,35847.43,3267.31
CGHS_SURG_02510,Vaginal Hysterectomy with Pelvic Repair - Grade-1 Complexity,Surgeries & Procedures,37384.36,3692.5
CGHS_SURG_02511,Vaginal Hysterectomy with Pelvic Repair - Grade-2 Complexity,Surgeries & Procedures,31618.62,3081.66
CGHS_SURG_02512,Vaginal Hysterectomy with Pelvic Repair - Grade-3 Major,Surgeries & Procedures,34457.08,3906.27
CGHS_SURG_02513,Vaginal Hysterectomy with Pelvic Repair - Emergency Intervention,Surgeries & Procedures,34731.61,3509.37
CGHS_SURG_02514,Vaginal Hysterectomy with Pelvic Repair - Daycare Procedure,Surgeries & Procedures,34901.2,2808.58
CGHS_SURG_02515,Vaginal Hysterectomy with Pelvic Repair - NABH Standard Package,Surgeries & Procedures,38701.28,3277.91
CGHS_SURG_02516,Vaginal Hysterectomy with Pelvic Repair - Super Specialty Unit,Surgeries & Procedures,39106.16,3662.39
CGHS_SURG_02517,Laparoscopic Ovarian Cystectomy - Uncomplicated,Surgeries & Procedures,25444.59,2436.7
CGHS_SURG_02518,Laparoscopic Ovarian Cystectomy - Grade-1 Complexity,Surgeries & Procedures,27976.32,2618.49
CGHS_SURG_02519,Laparoscopic Ovarian Cystectomy - Grade-2 Complexity,Surgeries & Procedures,30848.77,3266.1
CGHS_SURG_02520,Laparoscopic Ovarian Cystectomy - Grade-3 Major,Surgeries & Procedures,31896.94,2963.13
CGHS_SURG_02521,Laparoscopic Ovarian Cystectomy - Emergency Intervention,Surgeries & Procedures,29244.56,2942.46
CGHS_SURG_02522,Laparoscopic Ovarian Cystectomy - Daycare Procedure,Surgeries & Procedures,32693.29,2841.4
CGHS_SURG_02523,Laparoscopic Ovarian Cystectomy - NABH Standard Package,Surgeries & Procedures,28014.92,3118.07
CGHS_SURG_02524,Laparoscopic Ovarian Cystectomy - Super Specialty Unit,Surgeries & Procedures,28677.21,3071.69
CGHS_SURG_02525,Myomectomy Laparoscopic - Uncomplicated,Surgeries & Procedures,39118.08,3127.11
CGHS_SURG_02526,Myomectomy Laparoscopic - Grade-1 Complexity,Surgeries & Procedures,37994.63,3149.08
CGHS_SURG_02527,Myomectomy Laparoscopic - Grade-2 Complexity,Surgeries & Procedures,36066.03,3003.24
CGHS_SURG_02528,Myomectomy Laparoscopic - Grade-3 Major,Surgeries & Procedures,37592.03,3807.37
CGHS_SURG_02529,Myomectomy Laparoscopic - Emergency Intervention,Surgeries & Procedures,39657.9,3200.89
CGHS_SURG_02530,Myomectomy Laparoscopic - Daycare Procedure,Surgeries & Procedures,40490.06,3101.43
CGHS_SURG_02531,Myomectomy Laparoscopic - NABH Standard Package,Surgeries & Procedures,30917.97,4057.72
CGHS_SURG_02532,Myomectomy Laparoscopic - Super Specialty Unit,Surgeries & Procedures,36990.41,3865.67
CGHS_SURG_02533,Coronary Artery Bypass Grafting (CABG Off-Pump) - Uncomplicated,Surgeries & Procedures,139268.28,12425.74
CGHS_SURG_02534,Coronary Artery Bypass Grafting (CABG Off-Pump) - Grade-1 Complexity,Surgeries & Procedures,140212.48,14895.89
CGHS_SURG_02535,Coronary Artery Bypass Grafting (CABG Off-Pump) - Grade-2 Complexity,Surgeries & Procedures,146310.07,14067.38
CGHS_SURG_02536,Coronary Artery Bypass Grafting (CABG Off-Pump) - Grade-3 Major,Surgeries & Procedures,129265.48,10564.47
CGHS_SURG_02537,Coronary Artery Bypass Grafting (CABG Off-Pump) - Emergency Intervention,Surgeries & Procedures,133140.91,12984.68
CGHS_SURG_02538,Coronary Artery Bypass Grafting (CABG Off-Pump) - Daycare Procedure,Surgeries & Procedures,126268.05,12749.91
CGHS_SURG_02539,Coronary Artery Bypass Grafting (CABG Off-Pump) - NABH Standard Package,Surgeries & Procedures,154078.34,11523.93
CGHS_SURG_02540,Coronary Artery Bypass Grafting (CABG Off-Pump) - Super Specialty Unit,Surgeries & Procedures,128790.41,10983.6
CGHS_SURG_02541,Coronary Artery Bypass Grafting (CABG On-Pump) - Uncomplicated,Surgeries & Procedures,164645.06,16111.18
CGHS_SURG_02542,Coronary Artery Bypass Grafting (CABG On-Pump) - Grade-1 Complexity,Surgeries & Procedures,170230.89,14173.89
CGHS_SURG_02543,Coronary Artery Bypass Grafting (CABG On-Pump) - Grade-2 Complexity,Surgeries & Procedures,131584.66,14399.45
CGHS_SURG_02544,Coronary Artery Bypass Grafting (CABG On-Pump) - Grade-3 Major,Surgeries & Procedures,152252.36,12703.23
CGHS_SURG_02545,Coronary Artery Bypass Grafting (CABG On-Pump) - Emergency Intervention,Surgeries & Procedures,170678.2,15848.16
CGHS_SURG_02546,Coronary Artery Bypass Grafting (CABG On-Pump) - Daycare Procedure,Surgeries & Procedures,153277.82,16098.09
CGHS_SURG_02547,Coronary Artery Bypass Grafting (CABG On-Pump) - NABH Standard Package,Surgeries & Procedures,136733.33,16656.43
CGHS_SURG_02548,Coronary Artery Bypass Grafting (CABG On-Pump) - Super Specialty Unit,Surgeries & Procedures,166263.03,17040.54
CGHS_SURG_02549,Single Vessel Coronary Stenting (PCI) - Uncomplicated,Surgeries & Procedures,71695.99,5545.06
CGHS_SURG_02550,Single Vessel Coronary Stenting (PCI) - Grade-1 Complexity,Surgeries & Procedures,72629.13,6394.36
CGHS_SURG_02551,Single Vessel Coronary Stenting (PCI) - Grade-2 Complexity,Surgeries & Procedures,72416.71,6558.1
CGHS_SURG_02552,Single Vessel Coronary Stenting (PCI) - Grade-3 Major,Surgeries & Procedures,58580.14,7624.08
CGHS_SURG_02553,Single Vessel Coronary Stenting (PCI) - Emergency Intervention,Surgeries & Procedures,71897.52,6745.15
CGHS_SURG_02554,Single Vessel Coronary Stenting (PCI) - Daycare Procedure,Surgeries & Procedures,60197.98,6413.88
CGHS_SURG_02555,Single Vessel Coronary Stenting (PCI) - NABH Standard Package,Surgeries & Procedures,59399.73,6553.5
CGHS_SURG_02556,Single Vessel Coronary Stenting (PCI) - Super Specialty Unit,Surgeries & Procedures,71350.19,6012.45
CGHS_SURG_02557,Double Vessel Coronary Stenting (PCI) - Uncomplicated,Surgeries & Procedures,101960.46,8786.14
CGHS_SURG_02558,Double Vessel Coronary Stenting (PCI) - Grade-1 Complexity,Surgeries & Procedures,110925.86,8819.35
CGHS_SURG_02559,Double Vessel Coronary Stenting (PCI) - Grade-2 Complexity,Surgeries & Procedures,90987.55,8651.27
CGHS_SURG_02560,Double Vessel Coronary Stenting (PCI) - Grade-3 Major,Surgeries & Procedures,94595.77,9276.24
CGHS_SURG_02561,Double Vessel Coronary Stenting (PCI) - Emergency Intervention,Surgeries & Procedures,88853.05,8167.42
CGHS_SURG_02562,Double Vessel Coronary Stenting (PCI) - Daycare Procedure,Surgeries & Procedures,93298.65,7657.98
CGHS_SURG_02563,Double Vessel Coronary Stenting (PCI) - NABH Standard Package,Surgeries & Procedures,103253.93,9553.43
CGHS_SURG_02564,Double Vessel Coronary Stenting (PCI) - Super Specialty Unit,Surgeries & Procedures,91387.46,8931.21
CGHS_SURG_02565,Triple Vessel Coronary Stenting (PCI) - Uncomplicated,Surgeries & Procedures,124443.18,10707.78
CGHS_SURG_02566,Triple Vessel Coronary Stenting (PCI) - Grade-1 Complexity,Surgeries & Procedures,138913.26,11416.34
CGHS_SURG_02567,Triple Vessel Coronary Stenting (PCI) - Grade-2 Complexity,Surgeries & Procedures,121680.94,10356.21
CGHS_SURG_02568,Triple Vessel Coronary Stenting (PCI) - Grade-3 Major,Surgeries & Procedures,135497.36,11693.69
CGHS_SURG_02569,Triple Vessel Coronary Stenting (PCI) - Emergency Intervention,Surgeries & Procedures,129136.79,10650.37
CGHS_SURG_02570,Triple Vessel Coronary Stenting (PCI) - Daycare Procedure,Surgeries & Procedures,130152.58,13377.48
CGHS_SURG_02571,Triple Vessel Coronary Stenting (PCI) - NABH Standard Package,Surgeries & Procedures,116472.26,10269.0
CGHS_SURG_02572,Triple Vessel Coronary Stenting (PCI) - Super Specialty Unit,Surgeries & Procedures,128492.47,10894.91
CGHS_SURG_02573,Pacemaker Implantation Single Chamber - Uncomplicated,Surgeries & Procedures,48547.64,4666.96
CGHS_SURG_02574,Pacemaker Implantation Single Chamber - Grade-1 Complexity,Surgeries & Procedures,51788.35,4858.86
CGHS_SURG_02575,Pacemaker Implantation Single Chamber - Grade-2 Complexity,Surgeries & Procedures,48820.26,4162.39
CGHS_SURG_02576,Pacemaker Implantation Single Chamber - Grade-3 Major,Surgeries & Procedures,51535.47,4883.22
CGHS_SURG_02577,Pacemaker Implantation Single Chamber - Emergency Intervention,Surgeries & Procedures,49556.75,4560.27
CGHS_SURG_02578,Pacemaker Implantation Single Chamber - Daycare Procedure,Surgeries & Procedures,53644.71,4960.34
CGHS_SURG_02579,Pacemaker Implantation Single Chamber - NABH Standard Package,Surgeries & Procedures,46786.89,3837.23
CGHS_SURG_02580,Pacemaker Implantation Single Chamber - Super Specialty Unit,Surgeries & Procedures,51473.49,5255.44
CGHS_SURG_02581,Pacemaker Implantation Dual Chamber - Uncomplicated,Surgeries & Procedures,78036.21,7366.75
CGHS_SURG_02582,Pacemaker Implantation Dual Chamber - Grade-1 Complexity,Surgeries & Procedures,82900.75,8130.65
CGHS_SURG_02583,Pacemaker Implantation Dual Chamber - Grade-2 Complexity,Surgeries & Procedures,77971.42,6695.08
CGHS_SURG_02584,Pacemaker Implantation Dual Chamber - Grade-3 Major,Surgeries & Procedures,72535.38,8583.29
CGHS_SURG_02585,Pacemaker Implantation Dual Chamber - Emergency Intervention,Surgeries & Procedures,81381.2,8738.58
CGHS_SURG_02586,Pacemaker Implantation Dual Chamber - Daycare Procedure,Surgeries & Procedures,76321.73,8098.84
CGHS_SURG_02587,Pacemaker Implantation Dual Chamber - NABH Standard Package,Surgeries & Procedures,82466.56,8366.34
CGHS_SURG_02588,Pacemaker Implantation Dual Chamber - Super Specialty Unit,Surgeries & Procedures,87354.09,7359.85
CGHS_SURG_02589,Total Knee Replacement (TKR Unilateral) - Uncomplicated,Surgeries & Procedures,99998.72,10891.47
CGHS_SURG_02590,Total Knee Replacement (TKR Unilateral) - Grade-1 Complexity,Surgeries & Procedures,110597.55,10829.46
CGHS_SURG_02591,Total Knee Replacement (TKR Unilateral) - Grade-2 Complexity,Surgeries & Procedures,104636.45,12178.94
CGHS_SURG_02592,Total Knee Replacement (TKR Unilateral) - Grade-3 Major,Surgeries & Procedures,118946.53,9360.53
CGHS_SURG_02593,Total Knee Replacement (TKR Unilateral) - Emergency Intervention,Surgeries & Procedures,102396.76,12397.23
CGHS_SURG_02594,Total Knee Replacement (TKR Unilateral) - Daycare Procedure,Surgeries & Procedures,125293.01,10233.83
CGHS_SURG_02595,Total Knee Replacement (TKR Unilateral) - NABH Standard Package,Surgeries & Procedures,120431.9,12286.7
CGHS_SURG_02596,Total Knee Replacement (TKR Unilateral) - Super Specialty Unit,Surgeries & Procedures,116580.6,10563.59
CGHS_SURG_02597,Total Knee Replacement (TKR Bilateral) - Uncomplicated,Surgeries & Procedures,194566.19,19918.65
CGHS_SURG_02598,Total Knee Replacement (TKR Bilateral) - Grade-1 Complexity,Surgeries & Procedures,202233.09,22601.58
CGHS_SURG_02599,Total Knee Replacement (TKR Bilateral) - Grade-2 Complexity,Surgeries & Procedures,192877.54,17789.43
CGHS_SURG_02600,Total Knee Replacement (TKR Bilateral) - Grade-3 Major,Surgeries & Procedures,217393.2,19691.37
CGHS_SURG_02601,Total Knee Replacement (TKR Bilateral) - Emergency Intervention,Surgeries & Procedures,215705.9,18508.69
CGHS_SURG_02602,Total Knee Replacement (TKR Bilateral) - Daycare Procedure,Surgeries & Procedures,215877.63,19338.4
CGHS_SURG_02603,Total Knee Replacement (TKR Bilateral) - NABH Standard Package,Surgeries & Procedures,184460.8,20235.85
CGHS_SURG_02604,Total Knee Replacement (TKR Bilateral) - Super Specialty Unit,Surgeries & Procedures,175439.98,22274.56
CGHS_SURG_02605,Total Hip Replacement (THR Unilateral) - Uncomplicated,Surgeries & Procedures,128670.78,11935.83
CGHS_SURG_02606,Total Hip Replacement (THR Unilateral) - Grade-1 Complexity,Surgeries & Procedures,129317.87,11821.96
CGHS_SURG_02607,Total Hip Replacement (THR Unilateral) - Grade-2 Complexity,Surgeries & Procedures,127983.16,13545.71
CGHS_SURG_02608,Total Hip Replacement (THR Unilateral) - Grade-3 Major,Surgeries & Procedures,114342.26,14188.24
CGHS_SURG_02609,Total Hip Replacement (THR Unilateral) - Emergency Intervention,Surgeries & Procedures,110505.87,10121.97
CGHS_SURG_02610,Total Hip Replacement (THR Unilateral) - Daycare Procedure,Surgeries & Procedures,137306.4,13302.45
CGHS_SURG_02611,Total Hip Replacement (THR Unilateral) - NABH Standard Package,Surgeries & Procedures,121640.8,11972.62
CGHS_SURG_02612,Total Hip Replacement (THR Unilateral) - Super Specialty Unit,Surgeries & Procedures,131765.93,10034.56
CGHS_SURG_02613,Total Hip Replacement (THR Bilateral) - Uncomplicated,Surgeries & Procedures,240473.12,24253.0
CGHS_SURG_02614,Total Hip Replacement (THR Bilateral) - Grade-1 Complexity,Surgeries & Procedures,245905.13,22143.52
CGHS_SURG_02615,Total Hip Replacement (THR Bilateral) - Grade-2 Complexity,Surgeries & Procedures,189011.61,18032.49
CGHS_SURG_02616,Total Hip Replacement (THR Bilateral) - Grade-3 Major,Surgeries & Procedures,198400.64,21262.55
CGHS_SURG_02617,Total Hip Replacement (THR Bilateral) - Emergency Intervention,Surgeries & Procedures,213568.91,21654.62
CGHS_SURG_02618,Total Hip Replacement (THR Bilateral) - Daycare Procedure,Surgeries & Procedures,201327.0,22524.74
CGHS_SURG_02619,Total Hip Replacement (THR Bilateral) - NABH Standard Package,Surgeries & Procedures,208945.66,21590.32
CGHS_SURG_02620,Total Hip Replacement (THR Bilateral) - Super Specialty Unit,Surgeries & Procedures,246531.87,19358.22
CGHS_SURG_02621,Arthroscopic ACL Reconstruction Knee - Uncomplicated,Surgeries & Procedures,53235.0,4382.51
CGHS_SURG_02622,Arthroscopic ACL Reconstruction Knee - Grade-1 Complexity,Surgeries & Procedures,53764.83,4219.68
CGHS_SURG_02623,Arthroscopic ACL Reconstruction Knee - Grade-2 Complexity,Surgeries & Procedures,41705.38,3614.61
CGHS_SURG_02624,Arthroscopic ACL Reconstruction Knee - Grade-3 Major,Surgeries & Procedures,53816.69,4327.56
CGHS_SURG_02625,Arthroscopic ACL Reconstruction Knee - Emergency Intervention,Surgeries & Procedures,42222.0,4129.53
CGHS_SURG_02626,Arthroscopic ACL Reconstruction Knee - Daycare Procedure,Surgeries & Procedures,45484.51,4587.99
CGHS_SURG_02627,Arthroscopic ACL Reconstruction Knee - NABH Standard Package,Surgeries & Procedures,41217.22,4866.04
CGHS_SURG_02628,Arthroscopic ACL Reconstruction Knee - Super Specialty Unit,Surgeries & Procedures,51580.17,4246.64
CGHS_SURG_02629,Arthroscopic Menisctomy Knee - Uncomplicated,Surgeries & Procedures,37067.98,3668.07
CGHS_SURG_02630,Arthroscopic Menisctomy Knee - Grade-1 Complexity,Surgeries & Procedures,31058.32,3458.84
CGHS_SURG_02631,Arthroscopic Menisctomy Knee - Grade-2 Complexity,Surgeries & Procedures,32584.98,2967.2
CGHS_SURG_02632,Arthroscopic Menisctomy Knee - Grade-3 Major,Surgeries & Procedures,32474.78,3048.4
CGHS_SURG_02633,Arthroscopic Menisctomy Knee - Emergency Intervention,Surgeries & Procedures,34033.14,3407.98
CGHS_SURG_02634,Arthroscopic Menisctomy Knee - Daycare Procedure,Surgeries & Procedures,33358.77,2800.93
CGHS_SURG_02635,Arthroscopic Menisctomy Knee - NABH Standard Package,Surgeries & Procedures,32492.11,3743.34
CGHS_SURG_02636,Arthroscopic Menisctomy Knee - Super Specialty Unit,Surgeries & Procedures,36863.64,2757.46
CGHS_SURG_02637,Transurethral Resection of Prostate (TURP) - Uncomplicated,Surgeries & Procedures,33578.63,2990.47
CGHS_SURG_02638,Transurethral Resection of Prostate (TURP) - Grade-1 Complexity,Surgeries & Procedures,26327.93,2320.36
CGHS_SURG_02639,Transurethral Resection of Prostate (TURP) - Grade-2 Complexity,Surgeries & Procedures,25331.95,3047.9
CGHS_SURG_02640,Transurethral Resection of Prostate (TURP) - Grade-3 Major,Surgeries & Procedures,29288.29,2729.14
CGHS_SURG_02641,Transurethral Resection of Prostate (TURP) - Emergency Intervention,Surgeries & Procedures,33517.83,2334.82
CGHS_SURG_02642,Transurethral Resection of Prostate (TURP) - Daycare Procedure,Surgeries & Procedures,30594.84,2705.76
CGHS_SURG_02643,Transurethral Resection of Prostate (TURP) - NABH Standard Package,Surgeries & Procedures,29030.64,3123.6
CGHS_SURG_02644,Transurethral Resection of Prostate (TURP) - Super Specialty Unit,Surgeries & Procedures,30277.21,2716.79
CGHS_SURG_02645,TURBT Bladder Tumor Resection - Uncomplicated,Surgeries & Procedures,24802.42,2609.79
CGHS_SURG_02646,TURBT Bladder Tumor Resection - Grade-1 Complexity,Surgeries & Procedures,27705.99,2548.05
CGHS_SURG_02647,TURBT Bladder Tumor Resection - Grade-2 Complexity,Surgeries & Procedures,26171.4,2273.22
CGHS_SURG_02648,TURBT Bladder Tumor Resection - Grade-3 Major,Surgeries & Procedures,28115.67,2681.06
CGHS_SURG_02649,TURBT Bladder Tumor Resection - Emergency Intervention,Surgeries & Procedures,30005.07,2326.22
CGHS_SURG_02650,TURBT Bladder Tumor Resection - Daycare Procedure,Surgeries & Procedures,27313.48,2507.27
CGHS_SURG_02651,TURBT Bladder Tumor Resection - NABH Standard Package,Surgeries & Procedures,27660.1,2461.65
CGHS_SURG_02652,TURBT Bladder Tumor Resection - Super Specialty Unit,Surgeries & Procedures,31030.22,2670.88
CGHS_SURG_02653,Ureteroscopy URS with Laser Lithotripsy - Uncomplicated,Surgeries & Procedures,33343.94,2535.8
CGHS_SURG_02654,Ureteroscopy URS with Laser Lithotripsy - Grade-1 Complexity,Surgeries & Procedures,31333.8,3228.6
CGHS_SURG_02655,Ureteroscopy URS with Laser Lithotripsy - Grade-2 Complexity,Surgeries & Procedures,28278.79,3277.55
CGHS_SURG_02656,Ureteroscopy URS with Laser Lithotripsy - Grade-3 Major,Surgeries & Procedures,35852.21,3580.4
CGHS_SURG_02657,Ureteroscopy URS with Laser Lithotripsy - Emergency Intervention,Surgeries & Procedures,34009.83,2957.92
CGHS_SURG_02658,Ureteroscopy URS with Laser Lithotripsy - Daycare Procedure,Surgeries & Procedures,27704.11,3467.9
CGHS_SURG_02659,Ureteroscopy URS with Laser Lithotripsy - NABH Standard Package,Surgeries & Procedures,27796.02,2966.94
CGHS_SURG_02660,Ureteroscopy URS with Laser Lithotripsy - Super Specialty Unit,Surgeries & Procedures,33675.17,3552.49
CGHS_SURG_02661,Retrograde Intrarenal Surgery (RIRS) - Uncomplicated,Surgeries & Procedures,38783.83,4424.6
CGHS_SURG_02662,Retrograde Intrarenal Surgery (RIRS) - Grade-1 Complexity,Surgeries & Procedures,47856.04,3885.0
CGHS_SURG_02663,Retrograde Intrarenal Surgery (RIRS) - Grade-2 Complexity,Surgeries & Procedures,38464.96,3937.16
CGHS_SURG_02664,Retrograde Intrarenal Surgery (RIRS) - Grade-3 Major,Surgeries & Procedures,47609.44,4147.7
CGHS_SURG_02665,Retrograde Intrarenal Surgery (RIRS) - Emergency Intervention,Surgeries & Procedures,44259.56,4148.31
CGHS_SURG_02666,Retrograde Intrarenal Surgery (RIRS) - Daycare Procedure,Surgeries & Procedures,47046.06,4067.31
CGHS_SURG_02667,Retrograde Intrarenal Surgery (RIRS) - NABH Standard Package,Surgeries & Procedures,49903.32,4701.02
CGHS_SURG_02668,Retrograde Intrarenal Surgery (RIRS) - Super Specialty Unit,Surgeries & Procedures,41444.03,3419.35
CGHS_SURG_02669,Percutaneous Nephrolithotomy (PCNL) - Uncomplicated,Surgeries & Procedures,44720.66,4179.13
CGHS_SURG_02670,Percutaneous Nephrolithotomy (PCNL) - Grade-1 Complexity,Surgeries & Procedures,42487.48,3896.83
CGHS_SURG_02671,Percutaneous Nephrolithotomy (PCNL) - Grade-2 Complexity,Surgeries & Procedures,34900.16,3759.2
CGHS_SURG_02672,Percutaneous Nephrolithotomy (PCNL) - Grade-3 Major,Surgeries & Procedures,36127.5,3118.46
CGHS_SURG_02673,Percutaneous Nephrolithotomy (PCNL) - Emergency Intervention,Surgeries & Procedures,45490.16,4269.52
CGHS_SURG_02674,Percutaneous Nephrolithotomy (PCNL) - Daycare Procedure,Surgeries & Procedures,41317.21,3475.96
CGHS_SURG_02675,Percutaneous Nephrolithotomy (PCNL) - NABH Standard Package,Surgeries & Procedures,35140.62,3808.51
CGHS_SURG_02676,Percutaneous Nephrolithotomy (PCNL) - Super Specialty Unit,Surgeries & Procedures,43906.48,3462.33
CGHS_SURG_02677,AV Fistula Creation Surgery - Uncomplicated,Surgeries & Procedures,14096.42,1368.58
CGHS_SURG_02678,AV Fistula Creation Surgery - Grade-1 Complexity,Surgeries & Procedures,17360.36,1208.52
CGHS_SURG_02679,AV Fistula Creation Surgery - Grade-2 Complexity,Surgeries & Procedures,14001.97,1304.77
CGHS_SURG_02680,AV Fistula Creation Surgery - Grade-3 Major,Surgeries & Procedures,16162.97,1290.68
CGHS_SURG_02681,AV Fistula Creation Surgery - Emergency Intervention,Surgeries & Procedures,15509.94,1684.7
CGHS_SURG_02682,AV Fistula Creation Surgery - Daycare Procedure,Surgeries & Procedures,14675.64,1620.46
CGHS_SURG_02683,AV Fistula Creation Surgery - NABH Standard Package,Surgeries & Procedures,15682.13,1679.62
CGHS_SURG_02684,AV Fistula Creation Surgery - Super Specialty Unit,Surgeries & Procedures,17379.06,1405.71
CGHS_SURG_02685,Tympanoplasty Ear Surgery - Uncomplicated,Surgeries & Procedures,20357.05,1887.66
CGHS_SURG_02686,Tympanoplasty Ear Surgery - Grade-1 Complexity,Surgeries & Procedures,25964.02,1895.65
CGHS_SURG_02687,Tympanoplasty Ear Surgery - Grade-2 Complexity,Surgeries & Procedures,23073.26,2634.36
CGHS_SURG_02688,Tympanoplasty Ear Surgery - Grade-3 Major,Surgeries & Procedures,24884.43,1969.39
CGHS_SURG_02689,Tympanoplasty Ear Surgery - Emergency Intervention,Surgeries & Procedures,22705.22,2321.07
CGHS_SURG_02690,Tympanoplasty Ear Surgery - Daycare Procedure,Surgeries & Procedures,21191.65,2406.24
CGHS_SURG_02691,Tympanoplasty Ear Surgery - NABH Standard Package,Surgeries & Procedures,22077.5,2325.19
CGHS_SURG_02692,Tympanoplasty Ear Surgery - Super Specialty Unit,Surgeries & Procedures,24786.19,1862.08
CGHS_SURG_02693,Septoplasty Nasal Surgery - Uncomplicated,Surgeries & Procedures,17105.04,1727.1
CGHS_SURG_02694,Septoplasty Nasal Surgery - Grade-1 Complexity,Surgeries & Procedures,17827.38,1977.23
CGHS_SURG_02695,Septoplasty Nasal Surgery - Grade-2 Complexity,Surgeries & Procedures,20263.11,1823.41
CGHS_SURG_02696,Septoplasty Nasal Surgery - Grade-3 Major,Surgeries & Procedures,18250.92,1948.04
CGHS_SURG_02697,Septoplasty Nasal Surgery - Emergency Intervention,Surgeries & Procedures,18762.78,1544.51
CGHS_SURG_02698,Septoplasty Nasal Surgery - Daycare Procedure,Surgeries & Procedures,20899.5,1448.54
CGHS_SURG_02699,Septoplasty Nasal Surgery - NABH Standard Package,Surgeries & Procedures,21207.0,1763.15
CGHS_SURG_02700,Septoplasty Nasal Surgery - Super Specialty Unit,Surgeries & Procedures,19863.86,2132.47
CGHS_SURG_02701,Functional Endoscopic Sinus Surgery (FESS) - Uncomplicated,Surgeries & Procedures,28726.44,2122.66
CGHS_SURG_02702,Functional Endoscopic Sinus Surgery (FESS) - Grade-1 Complexity,Surgeries & Procedures,30558.15,2742.92
CGHS_SURG_02703,Functional Endoscopic Sinus Surgery (FESS) - Grade-2 Complexity,Surgeries & Procedures,30858.23,2529.06
CGHS_SURG_02704,Functional Endoscopic Sinus Surgery (FESS) - Grade-3 Major,Surgeries & Procedures,30560.73,2972.69
CGHS_SURG_02705,Functional Endoscopic Sinus Surgery (FESS) - Emergency Intervention,Surgeries & Procedures,26012.75,2357.77
CGHS_SURG_02706,Functional Endoscopic Sinus Surgery (FESS) - Daycare Procedure,Surgeries & Procedures,24166.56,2760.52
CGHS_SURG_02707,Functional Endoscopic Sinus Surgery (FESS) - NABH Standard Package,Surgeries & Procedures,26451.0,2884.08
CGHS_SURG_02708,Functional Endoscopic Sinus Surgery (FESS) - Super Specialty Unit,Surgeries & Procedures,29242.91,2843.69
CGHS_SURG_02709,Tonsillectomy with Adenoidectomy - Uncomplicated,Surgeries & Procedures,19379.11,1580.35
CGHS_SURG_02710,Tonsillectomy with Adenoidectomy - Grade-1 Complexity,Surgeries & Procedures,18022.0,1937.0
CGHS_SURG_02711,Tonsillectomy with Adenoidectomy - Grade-2 Complexity,Surgeries & Procedures,17171.55,1834.28
CGHS_SURG_02712,Tonsillectomy with Adenoidectomy - Grade-3 Major,Surgeries & Procedures,19833.13,2038.82
CGHS_SURG_02713,Tonsillectomy with Adenoidectomy - Emergency Intervention,Surgeries & Procedures,16264.59,1510.34
CGHS_SURG_02714,Tonsillectomy with Adenoidectomy - Daycare Procedure,Surgeries & Procedures,16761.1,1761.08
CGHS_SURG_02715,Tonsillectomy with Adenoidectomy - NABH Standard Package,Surgeries & Procedures,17384.85,1643.97
CGHS_SURG_02716,Tonsillectomy with Adenoidectomy - Super Specialty Unit,Surgeries & Procedures,17242.63,1457.06
CGHS_SURG_02717,Mastoidectomy Radical - Uncomplicated,Surgeries & Procedures,27827.47,3526.21
CGHS_SURG_02718,Mastoidectomy Radical - Grade-1 Complexity,Surgeries & Procedures,32909.45,3402.55
CGHS_SURG_02719,Mastoidectomy Radical - Grade-2 Complexity,Surgeries & Procedures,35554.4,3165.7
CGHS_SURG_02720,Mastoidectomy Radical - Grade-3 Major,Surgeries & Procedures,33372.68,2543.97
CGHS_SURG_02721,Mastoidectomy Radical - Emergency Intervention,Surgeries & Procedures,34707.97,2555.89
CGHS_SURG_02722,Mastoidectomy Radical - Daycare Procedure,Surgeries & Procedures,32907.55,3479.88
CGHS_SURG_02723,Mastoidectomy Radical - NABH Standard Package,Surgeries & Procedures,32094.62,3560.6
CGHS_SURG_02724,Mastoidectomy Radical - Super Specialty Unit,Surgeries & Procedures,35064.01,3234.78
CGHS_SURG_02725,Upper GI Endoscopy Diagnostic - Uncomplicated,Surgeries & Procedures,3416.0,345.37
CGHS_SURG_02726,Upper GI Endoscopy Diagnostic - Grade-1 Complexity,Surgeries & Procedures,4132.99,369.43
CGHS_SURG_02727,Upper GI Endoscopy Diagnostic - Grade-2 Complexity,Surgeries & Procedures,4118.83,318.69
CGHS_SURG_02728,Upper GI Endoscopy Diagnostic - Grade-3 Major,Surgeries & Procedures,3598.33,406.47
CGHS_SURG_02729,Upper GI Endoscopy Diagnostic - Emergency Intervention,Surgeries & Procedures,3958.37,325.28
CGHS_SURG_02730,Upper GI Endoscopy Diagnostic - Daycare Procedure,Surgeries & Procedures,3320.06,290.36
CGHS_SURG_02731,Upper GI Endoscopy Diagnostic - NABH Standard Package,Surgeries & Procedures,3965.96,333.59
CGHS_SURG_02732,Upper GI Endoscopy Diagnostic - Super Specialty Unit,Surgeries & Procedures,3499.29,288.41
CGHS_SURG_02733,Colonoscopy Diagnostic Complete - Uncomplicated,Surgeries & Procedures,7120.09,543.52
CGHS_SURG_02734,Colonoscopy Diagnostic Complete - Grade-1 Complexity,Surgeries & Procedures,6193.03,598.01
CGHS_SURG_02735,Colonoscopy Diagnostic Complete - Grade-2 Complexity,Surgeries & Procedures,7071.46,626.47
CGHS_SURG_02736,Colonoscopy Diagnostic Complete - Grade-3 Major,Surgeries & Procedures,5721.2,598.09
CGHS_SURG_02737,Colonoscopy Diagnostic Complete - Emergency Intervention,Surgeries & Procedures,5658.97,664.49
CGHS_SURG_02738,Colonoscopy Diagnostic Complete - Daycare Procedure,Surgeries & Procedures,5793.1,634.4
CGHS_SURG_02739,Colonoscopy Diagnostic Complete - NABH Standard Package,Surgeries & Procedures,7042.7,651.7
CGHS_SURG_02740,Colonoscopy Diagnostic Complete - Super Specialty Unit,Surgeries & Procedures,5585.92,497.5
CGHS_SURG_02741,Flexible Bronchoscopy Procedure - Uncomplicated,Surgeries & Procedures,5892.72,495.13
CGHS_SURG_02742,Flexible Bronchoscopy Procedure - Grade-1 Complexity,Surgeries & Procedures,5685.71,637.23
CGHS_SURG_02743,Flexible Bronchoscopy Procedure - Grade-2 Complexity,Surgeries & Procedures,5195.61,580.87
CGHS_SURG_02744,Flexible Bronchoscopy Procedure - Grade-3 Major,Surgeries & Procedures,6489.27,586.21
CGHS_SURG_02745,Flexible Bronchoscopy Procedure - Emergency Intervention,Surgeries & Procedures,5389.62,594.01
CGHS_SURG_02746,Flexible Bronchoscopy Procedure - Daycare Procedure,Surgeries & Procedures,6442.62,566.42
CGHS_SURG_02747,Flexible Bronchoscopy Procedure - NABH Standard Package,Surgeries & Procedures,5800.38,646.78
CGHS_SURG_02748,Flexible Bronchoscopy Procedure - Super Specialty Unit,Surgeries & Procedures,5759.62,535.93
CGHS_SURG_02749,Hemodialysis Single Session - Uncomplicated,Surgeries & Procedures,2075.79,200.23
CGHS_SURG_02750,Hemodialysis Single Session - Grade-1 Complexity,Surgeries & Procedures,2044.11,182.89
CGHS_SURG_02751,Hemodialysis Single Session - Grade-2 Complexity,Surgeries & Procedures,1621.79,212.7
CGHS_SURG_02752,Hemodialysis Single Session - Grade-3 Major,Surgeries & Procedures,2061.71,178.71
CGHS_SURG_02753,Hemodialysis Single Session - Emergency Intervention,Surgeries & Procedures,1926.31,211.32
CGHS_SURG_02754,Hemodialysis Single Session - Daycare Procedure,Surgeries & Procedures,1813.82,193.09
CGHS_SURG_02755,Hemodialysis Single Session - NABH Standard Package,Surgeries & Procedures,1836.33,189.52
CGHS_SURG_02756,Hemodialysis Single Session - Super Specialty Unit,Surgeries & Procedures,2137.76,150.53
CGHS_SURG_02757,Lumbar Puncture Diagnostic Procedure - Uncomplicated,Surgeries & Procedures,2332.85,260.56
CGHS_SURG_02758,Lumbar Puncture Diagnostic Procedure - Grade-1 Complexity,Surgeries & Procedures,2033.1,216.45
CGHS_SURG_02759,Lumbar Puncture Diagnostic Procedure - Grade-2 Complexity,Surgeries & Procedures,2485.9,233.01
CGHS_SURG_02760,Lumbar Puncture Diagnostic Procedure - Grade-3 Major,Surgeries & Procedures,2096.57,179.46
CGHS_SURG_02761,Lumbar Puncture Diagnostic Procedure - Emergency Intervention,Surgeries & Procedures,2233.55,192.81
CGHS_SURG_02762,Lumbar Puncture Diagnostic Procedure - Daycare Procedure,Surgeries & Procedures,2439.28,254.89
CGHS_SURG_02763,Lumbar Puncture Diagnostic Procedure - NABH Standard Package,Surgeries & Procedures,2396.21,207.61
CGHS_SURG_02764,Lumbar Puncture Diagnostic Procedure - Super Specialty Unit,Surgeries & Procedures,2036.01,231.69
CGHS_SURG_02765,Central Venous Line Placement - Uncomplicated,Surgeries & Procedures,3922.09,299.59
CGHS_SURG_02766,Central Venous Line Placement - Grade-1 Complexity,Surgeries & Procedures,3352.75,380.76
CGHS_SURG_02767,Central Venous Line Placement - Grade-2 Complexity,Surgeries & Procedures,3772.59,348.49
CGHS_SURG_02768,Central Venous Line Placement - Grade-3 Major,Surgeries & Procedures,3216.14,355.68
CGHS_SURG_02769,Central Venous Line Placement - Emergency Intervention,Surgeries & Procedures,3473.12,354.75
CGHS_SURG_02770,Central Venous Line Placement - Daycare Procedure,Surgeries & Procedures,4025.96,342.9
CGHS_SURG_02771,Central Venous Line Placement - NABH Standard Package,Surgeries & Procedures,4195.63,285.19
CGHS_SURG_02772,Central Venous Line Placement - Super Specialty Unit,Surgeries & Procedures,3208.86,390.29
CGHS_SURG_02773,Arterial Line Insertion Procedure - Uncomplicated,Surgeries & Procedures,2738.53,254.18
CGHS_SURG_02774,Arterial Line Insertion Procedure - Grade-1 Complexity,Surgeries & Procedures,3426.39,320.08
CGHS_SURG_02775,Arterial Line Insertion Procedure - Grade-2 Complexity,Surgeries & Procedures,3112.53,321.37
CGHS_SURG_02776,Arterial Line Insertion Procedure - Grade-3 Major,Surgeries & Procedures,3486.83,257.87
CGHS_SURG_02777,Arterial Line Insertion Procedure - Emergency Intervention,Surgeries & Procedures,3221.41,350.98
CGHS_SURG_02778,Arterial Line Insertion Procedure - Daycare Procedure,Surgeries & Procedures,2733.19,256.99
CGHS_SURG_02779,Arterial Line Insertion Procedure - NABH Standard Package,Surgeries & Procedures,3288.45,296.55
CGHS_SURG_02780,Arterial Line Insertion Procedure - Super Specialty Unit,Surgeries & Procedures,3526.22,245.5
CGHS_SURG_02781,Intercostal Drain (ICD) Tube Insertion - Uncomplicated,Surgeries & Procedures,4441.56,340.89
CGHS_SURG_02782,Intercostal Drain (ICD) Tube Insertion - Grade-1 Complexity,Surgeries & Procedures,3806.7,327.99
CGHS_SURG_02783,Intercostal Drain (ICD) Tube Insertion - Grade-2 Complexity,Surgeries & Procedures,3968.8,446.99
CGHS_SURG_02784,Intercostal Drain (ICD) Tube Insertion - Grade-3 Major,Surgeries & Procedures,4147.42,347.31
CGHS_SURG_02785,Intercostal Drain (ICD) Tube Insertion - Emergency Intervention,Surgeries & Procedures,4309.25,450.85
CGHS_SURG_02786,Intercostal Drain (ICD) Tube Insertion - Daycare Procedure,Surgeries & Procedures,3727.6,399.54
CGHS_SURG_02787,Intercostal Drain (ICD) Tube Insertion - NABH Standard Package,Surgeries & Procedures,4559.01,355.29
CGHS_SURG_02788,Intercostal Drain (ICD) Tube Insertion - Super Specialty Unit,Surgeries & Procedures,4565.34,388.19
CGHS_SURG_02789,Percutaneous Bedside Tracheostomy - Uncomplicated,Surgeries & Procedures,9147.65,954.3
CGHS_SURG_02790,Percutaneous Bedside Tracheostomy - Grade-1 Complexity,Surgeries & Procedures,8828.15,743.76
CGHS_SURG_02791,Percutaneous Bedside Tracheostomy - Grade-2 Complexity,Surgeries & Procedures,9542.05,824.31
CGHS_SURG_02792,Percutaneous Bedside Tracheostomy - Grade-3 Major,Surgeries & Procedures,7529.59,907.66
CGHS_SURG_02793,Percutaneous Bedside Tracheostomy - Emergency Intervention,Surgeries & Procedures,9103.44,884.55
CGHS_SURG_02794,Percutaneous Bedside Tracheostomy - Daycare Procedure,Surgeries & Procedures,8623.4,747.36
CGHS_SURG_02795,Percutaneous Bedside Tracheostomy - NABH Standard Package,Surgeries & Procedures,7489.79,685.2
CGHS_SURG_02796,Percutaneous Bedside Tracheostomy - Super Specialty Unit,Surgeries & Procedures,8196.37,862.81
CGHS_SURG_02797,Wound Debridement Surgical Large - Uncomplicated,Surgeries & Procedures,6396.13,585.28
CGHS_SURG_02798,Wound Debridement Surgical Large - Grade-1 Complexity,Surgeries & Procedures,7066.22,489.77
CGHS_SURG_02799,Wound Debridement Surgical Large - Grade-2 Complexity,Surgeries & Procedures,5579.94,683.37
CGHS_SURG_02800,Wound Debridement Surgical Large - Grade-3 Major,Surgeries & Procedures,6502.39,666.64
CGHS_SURG_02801,Wound Debridement Surgical Large - Emergency Intervention,Surgeries & Procedures,5428.13,596.87
CGHS_SURG_02802,Wound Debridement Surgical Large - Daycare Procedure,Surgeries & Procedures,5411.43,523.06
CGHS_SURG_02803,Wound Debridement Surgical Large - NABH Standard Package,Surgeries & Procedures,5560.45,636.42
CGHS_SURG_02804,Wound Debridement Surgical Large - Super Specialty Unit,Surgeries & Procedures,6996.45,579.89
CGHS_SURG_02805,Wound Debridement Surgical Small - Uncomplicated,Surgeries & Procedures,2855.56,277.26
CGHS_SURG_02806,Wound Debridement Surgical Small - Grade-1 Complexity,Surgeries & Procedures,2769.27,220.62
CGHS_SURG_02807,Wound Debridement Surgical Small - Grade-2 Complexity,Surgeries & Procedures,2729.87,252.31
CGHS_SURG_02808,Wound Debridement Surgical Small - Grade-3 Major,Surgeries & Procedures,2559.02,293.81
CGHS_SURG_02809,Wound Debridement Surgical Small - Emergency Intervention,Surgeries & Procedures,2707.9,203.76
CGHS_SURG_02810,Wound Debridement Surgical Small - Daycare Procedure,Surgeries & Procedures,2385.0,249.99
CGHS_SURG_02811,Wound Debridement Surgical Small - NABH Standard Package,Surgeries & Procedures,2962.72,262.72
CGHS_SURG_02812,Wound Debridement Surgical Small - Super Specialty Unit,Surgeries & Procedures,2836.94,234.79
CGHS_SURG_02813,Excision of Lipoma / Sebaceous Cyst - Uncomplicated,Surgeries & Procedures,4056.17,402.42
CGHS_SURG_02814,Excision of Lipoma / Sebaceous Cyst - Grade-1 Complexity,Surgeries & Procedures,4208.64,455.44
CGHS_SURG_02815,Excision of Lipoma / Sebaceous Cyst - Grade-2 Complexity,Surgeries & Procedures,4179.17,425.14
CGHS_SURG_02816,Excision of Lipoma / Sebaceous Cyst - Grade-3 Major,Surgeries & Procedures,5077.52,457.15
CGHS_SURG_02817,Excision of Lipoma / Sebaceous Cyst - Emergency Intervention,Surgeries & Procedures,4346.02,498.66
CGHS_SURG_02818,Excision of Lipoma / Sebaceous Cyst - Daycare Procedure,Surgeries & Procedures,4940.09,409.76
CGHS_SURG_02819,Excision of Lipoma / Sebaceous Cyst - NABH Standard Package,Surgeries & Procedures,4311.52,503.39
CGHS_SURG_02820,Excision of Lipoma / Sebaceous Cyst - Super Specialty Unit,Surgeries & Procedures,4975.08,534.34
CGHS_SURG_02821,Incision and Drainage (I&D) Abscess - Uncomplicated,Surgeries & Procedures,3126.97,261.16
CGHS_SURG_02822,Incision and Drainage (I&D) Abscess - Grade-1 Complexity,Surgeries & Procedures,3303.13,245.17
CGHS_SURG_02823,Incision and Drainage (I&D) Abscess - Grade-2 Complexity,Surgeries & Procedures,3280.37,274.21
CGHS_SURG_02824,Incision and Drainage (I&D) Abscess - Grade-3 Major,Surgeries & Procedures,3091.2,280.12
CGHS_SURG_02825,Incision and Drainage (I&D) Abscess - Emergency Intervention,Surgeries & Procedures,3424.64,331.01
CGHS_SURG_02826,Incision and Drainage (I&D) Abscess - Daycare Procedure,Surgeries & Procedures,2738.99,328.85
CGHS_SURG_02827,Incision and Drainage (I&D) Abscess - NABH Standard Package,Surgeries & Procedures,3532.38,261.11
CGHS_SURG_02828,Incision and Drainage (I&D) Abscess - Super Specialty Unit,Surgeries & Procedures,3406.94,298.21
CGHS_MED_02829,Dolo 650mg Tablet (Strip of 10 Tablets),Medicines & Consumables,29.73,3.47
CGHS_MED_02830,Dolo 650mg Tablet (Strip of 15 Tablets),Medicines & Consumables,34.57,3.11
CGHS_MED_02831,Dolo 650mg Tablet (Single Ampoule 2ml),Medicines & Consumables,31.41,2.64
CGHS_MED_02832,Dolo 650mg Tablet (Single Vial 10ml),Medicines & Consumables,34.21,2.79
CGHS_MED_02833,Dolo 650mg Tablet (Bottle 100ml),Medicines & Consumables,35.03,2.79
CGHS_MED_02834,Dolo 650mg Tablet (Single Unit Pack),Medicines & Consumables,29.58,3.29
CGHS_MED_02835,Dolo 650mg Tablet (Box of 10 Units),Medicines & Consumables,35.76,2.85
CGHS_MED_02836,Dolo 500mg Tablet (Strip of 10 Tablets),Medicines & Consumables,23.88,2.47
CGHS_MED_02837,Dolo 500mg Tablet (Strip of 15 Tablets),Medicines & Consumables,25.53,2.89
CGHS_MED_02838,Dolo 500mg Tablet (Single Ampoule 2ml),Medicines & Consumables,23.41,2.93
CGHS_MED_02839,Dolo 500mg Tablet (Single Vial 10ml),Medicines & Consumables,25.34,2.39
CGHS_MED_02840,Dolo 500mg Tablet (Bottle 100ml),Medicines & Consumables,23.35,2.72
CGHS_MED_02841,Dolo 500mg Tablet (Single Unit Pack),Medicines & Consumables,26.45,2.98
CGHS_MED_02842,Dolo 500mg Tablet (Box of 10 Units),Medicines & Consumables,23.76,2.13
CGHS_MED_02843,Dolo Suspension 60ml (Strip of 10 Tablets),Medicines & Consumables,48.29,3.71
CGHS_MED_02844,Dolo Suspension 60ml (Strip of 15 Tablets),Medicines & Consumables,42.04,5.13
CGHS_MED_02845,Dolo Suspension 60ml (Single Ampoule 2ml),Medicines & Consumables,45.66,3.91
CGHS_MED_02846,Dolo Suspension 60ml (Single Vial 10ml),Medicines & Consumables,44.37,5.2
CGHS_MED_02847,Dolo Suspension 60ml (Bottle 100ml),Medicines & Consumables,47.29,5.02
CGHS_MED_02848,Dolo Suspension 60ml (Single Unit Pack),Medicines & Consumables,47.68,4.7
CGHS_MED_02849,Dolo Suspension 60ml (Box of 10 Units),Medicines & Consumables,42.41,5.35
CGHS_MED_02850,Corex T Cough Syrup 100ml (Strip of 10 Tablets),Medicines & Consumables,139.22,10.02
CGHS_MED_02851,Corex T Cough Syrup 100ml (Strip of 15 Tablets),Medicines & Consumables,139.28,11.95
CGHS_MED_02852,Corex T Cough Syrup 100ml (Single Ampoule 2ml),Medicines & Consumables,143.61,12.44
CGHS_MED_02853,Corex T Cough Syrup 100ml (Single Vial 10ml),Medicines & Consumables,138.66,10.94
CGHS_MED_02854,Corex T Cough Syrup 100ml (Bottle 100ml),Medicines & Consumables,135.31,13.13
CGHS_MED_02855,Corex T Cough Syrup 100ml (Single Unit Pack),Medicines & Consumables,120.21,11.17
CGHS_MED_02856,Corex T Cough Syrup 100ml (Box of 10 Units),Medicines & Consumables,130.61,13.88
CGHS_MED_02857,Crocin 500mg Tablet (Strip of 10 Tablets),Medicines & Consumables,29.34,2.41
CGHS_MED_02858,Crocin 500mg Tablet (Strip of 15 Tablets),Medicines & Consumables,29.22,2.25
CGHS_MED_02859,Crocin 500mg Tablet (Single Ampoule 2ml),Medicines & Consumables,32.06,2.28
CGHS_MED_02860,Crocin 500mg Tablet (Single Vial 10ml),Medicines & Consumables,28.49,3.1
CGHS_MED_02861,Crocin 500mg Tablet (Bottle 100ml),Medicines & Consumables,25.44,2.83
CGHS_MED_02862,Crocin 500mg Tablet (Single Unit Pack),Medicines & Consumables,28.55,3.13
CGHS_MED_02863,Crocin 500mg Tablet (Box of 10 Units),Medicines & Consumables,30.95,2.75
CGHS_MED_02864,Crocin 650mg Advance Tablet (Strip of 10 Tablets),Medicines & Consumables,33.6,3.58
CGHS_MED_02865,Crocin 650mg Advance Tablet (Strip of 15 Tablets),Medicines & Consumables,31.61,3.82
CGHS_MED_02866,Crocin 650mg Advance Tablet (Single Ampoule 2ml),Medicines & Consumables,39.81,2.99
CGHS_MED_02867,Crocin 650mg Advance Tablet (Single Vial 10ml),Medicines & Consumables,34.09,3.71
CGHS_MED_02868,Crocin 650mg Advance Tablet (Bottle 100ml),Medicines & Consumables,32.29,3.47
CGHS_MED_02869,Crocin 650mg Advance Tablet (Single Unit Pack),Medicines & Consumables,34.17,3.78
CGHS_MED_02870,Crocin 650mg Advance Tablet (Box of 10 Units),Medicines & Consumables,39.01,3.85
CGHS_MED_02871,Crocin Pain Relief Tablet (Strip of 10 Tablets),Medicines & Consumables,36.24,3.93
CGHS_MED_02872,Crocin Pain Relief Tablet (Strip of 15 Tablets),Medicines & Consumables,43.72,4.6
CGHS_MED_02873,Crocin Pain Relief Tablet (Single Ampoule 2ml),Medicines & Consumables,40.05,4.46
CGHS_MED_02874,Crocin Pain Relief Tablet (Single Vial 10ml),Medicines & Consumables,39.7,3.94
CGHS_MED_02875,Crocin Pain Relief Tablet (Bottle 100ml),Medicines & Consumables,42.33,4.58
CGHS_MED_02876,Crocin Pain Relief Tablet (Single Unit Pack),Medicines & Consumables,36.71,4.63
CGHS_MED_02877,Crocin Pain Relief Tablet (Box of 10 Units),Medicines & Consumables,39.33,3.25
CGHS_MED_02878,Pantocid 40mg Tablet (Strip of 10 Tablets),Medicines & Consumables,140.91,12.71
CGHS_MED_02879,Pantocid 40mg Tablet (Strip of 15 Tablets),Medicines & Consumables,159.11,14.24
CGHS_MED_02880,Pantocid 40mg Tablet (Single Ampoule 2ml),Medicines & Consumables,153.81,15.61
CGHS_MED_02881,Pantocid 40mg Tablet (Single Vial 10ml),Medicines & Consumables,128.83,16.13
CGHS_MED_02882,Pantocid 40mg Tablet (Bottle 100ml),Medicines & Consumables,151.75,11.51
CGHS_MED_02883,Pantocid 40mg Tablet (Single Unit Pack),Medicines & Consumables,159.09,14.98
CGHS_MED_02884,Pantocid 40mg Tablet (Box of 10 Units),Medicines & Consumables,157.08,11.82
CGHS_MED_02885,Pantocid IV 40mg Injection (Strip of 10 Tablets),Medicines & Consumables,54.53,5.76
CGHS_MED_02886,Pantocid IV 40mg Injection (Strip of 15 Tablets),Medicines & Consumables,54.53,4.79
CGHS_MED_02887,Pantocid IV 40mg Injection (Single Ampoule 2ml),Medicines & Consumables,57.18,4.55
CGHS_MED_02888,Pantocid IV 40mg Injection (Single Vial 10ml),Medicines & Consumables,59.25,4.85
CGHS_MED_02889,Pantocid IV 40mg Injection (Bottle 100ml),Medicines & Consumables,62.99,4.92
CGHS_MED_02890,Pantocid IV 40mg Injection (Single Unit Pack),Medicines & Consumables,51.06,5.45
CGHS_MED_02891,Pantocid IV 40mg Injection (Box of 10 Units),Medicines & Consumables,62.41,5.68
CGHS_MED_02892,Augmentin 625mg Duo Tablet (Strip of 10 Tablets),Medicines & Consumables,239.35,17.68
CGHS_MED_02893,Augmentin 625mg Duo Tablet (Strip of 15 Tablets),Medicines & Consumables,228.11,17.8
CGHS_MED_02894,Augmentin 625mg Duo Tablet (Single Ampoule 2ml),Medicines & Consumables,207.52,18.14
CGHS_MED_02895,Augmentin 625mg Duo Tablet (Single Vial 10ml),Medicines & Consumables,224.71,18.22
CGHS_MED_02896,Augmentin 625mg Duo Tablet (Bottle 100ml),Medicines & Consumables,192.33,18.76
CGHS_MED_02897,Augmentin 625mg Duo Tablet (Single Unit Pack),Medicines & Consumables,214.53,20.21
CGHS_MED_02898,Augmentin 625mg Duo Tablet (Box of 10 Units),Medicines & Consumables,195.44,21.68
CGHS_MED_02899,Augmentin 1.2g IV Injection (Strip of 10 Tablets),Medicines & Consumables,171.13,16.21
CGHS_MED_02900,Augmentin 1.2g IV Injection (Strip of 15 Tablets),Medicines & Consumables,155.69,16.77
CGHS_MED_02901,Augmentin 1.2g IV Injection (Single Ampoule 2ml),Medicines & Consumables,176.0,18.85
CGHS_MED_02902,Augmentin 1.2g IV Injection (Single Vial 10ml),Medicines & Consumables,176.35,18.82
CGHS_MED_02903,Augmentin 1.2g IV Injection (Bottle 100ml),Medicines & Consumables,146.63,18.51
CGHS_MED_02904,Augmentin 1.2g IV Injection (Single Unit Pack),Medicines & Consumables,162.31,13.31
CGHS_MED_02905,Augmentin 1.2g IV Injection (Box of 10 Units),Medicines & Consumables,179.92,14.65
CGHS_MED_02906,Azithral 500mg Tablet (Strip of 10 Tablets),Medicines & Consumables,136.7,10.12
CGHS_MED_02907,Azithral 500mg Tablet (Strip of 15 Tablets),Medicines & Consumables,116.28,12.95
CGHS_MED_02908,Azithral 500mg Tablet (Single Ampoule 2ml),Medicines & Consumables,122.89,13.8
CGHS_MED_02909,Azithral 500mg Tablet (Single Vial 10ml),Medicines & Consumables,123.62,12.61
CGHS_MED_02910,Azithral 500mg Tablet (Bottle 100ml),Medicines & Consumables,116.8,14.25
CGHS_MED_02911,Azithral 500mg Tablet (Single Unit Pack),Medicines & Consumables,124.24,10.23
CGHS_MED_02912,Azithral 500mg Tablet (Box of 10 Units),Medicines & Consumables,118.4,11.73
CGHS_MED_02913,Azithral 250mg Tablet (Strip of 10 Tablets),Medicines & Consumables,74.28,6.42
CGHS_MED_02914,Azithral 250mg Tablet (Strip of 15 Tablets),Medicines & Consumables,64.1,8.04
CGHS_MED_02915,Azithral 250mg Tablet (Single Ampoule 2ml),Medicines & Consumables,67.07,8.25
CGHS_MED_02916,Azithral 250mg Tablet (Single Vial 10ml),Medicines & Consumables,74.28,6.75
CGHS_MED_02917,Azithral 250mg Tablet (Bottle 100ml),Medicines & Consumables,69.0,7.41
CGHS_MED_02918,Azithral 250mg Tablet (Single Unit Pack),Medicines & Consumables,68.71,7.26
CGHS_MED_02919,Azithral 250mg Tablet (Box of 10 Units),Medicines & Consumables,75.2,7.96
CGHS_MED_02920,Pan D Capsule (Strip of 10 Tablets),Medicines & Consumables,151.7,13.82
CGHS_MED_02921,Pan D Capsule (Strip of 15 Tablets),Medicines & Consumables,139.95,16.74
CGHS_MED_02922,Pan D Capsule (Single Ampoule 2ml),Medicines & Consumables,141.44,13.56
CGHS_MED_02923,Pan D Capsule (Single Vial 10ml),Medicines & Consumables,153.16,17.82
CGHS_MED_02924,Pan D Capsule (Bottle 100ml),Medicines & Consumables,163.87,12.28
CGHS_MED_02925,Pan D Capsule (Single Unit Pack),Medicines & Consumables,148.24,14.74
CGHS_MED_02926,Pan D Capsule (Box of 10 Units),Medicines & Consumables,141.24,17.54
CGHS_MED_02927,Ondem 4mg Tablet (Strip of 10 Tablets),Medicines & Consumables,53.9,4.57
CGHS_MED_02928,Ondem 4mg Tablet (Strip of 15 Tablets),Medicines & Consumables,57.17,5.68
CGHS_MED_02929,Ondem 4mg Tablet (Single Ampoule 2ml),Medicines & Consumables,53.66,5.33
CGHS_MED_02930,Ondem 4mg Tablet (Single Vial 10ml),Medicines & Consumables,46.92,4.48
CGHS_MED_02931,Ondem 4mg Tablet (Bottle 100ml),Medicines & Consumables,45.51,4.63
CGHS_MED_02932,Ondem 4mg Tablet (Single Unit Pack),Medicines & Consumables,46.58,4.52
CGHS_MED_02933,Ondem 4mg Tablet (Box of 10 Units),Medicines & Consumables,47.31,5.12
CGHS_MED_02934,Ondem 4mg/2ml Injection (Strip of 10 Tablets),Medicines & Consumables,27.26,2.78
CGHS_MED_02935,Ondem 4mg/2ml Injection (Strip of 15 Tablets),Medicines & Consumables,29.58,2.85
CGHS_MED_02936,Ondem 4mg/2ml Injection (Single Ampoule 2ml),Medicines & Consumables,31.05,2.6
CGHS_MED_02937,Ondem 4mg/2ml Injection (Single Vial 10ml),Medicines & Consumables,29.26,3.5
CGHS_MED_02938,Ondem 4mg/2ml Injection (Bottle 100ml),Medicines & Consumables,30.03,3.0
CGHS_MED_02939,Ondem 4mg/2ml Injection (Single Unit Pack),Medicines & Consumables,28.09,2.95
CGHS_MED_02940,Ondem 4mg/2ml Injection (Box of 10 Units),Medicines & Consumables,29.4,2.41
CGHS_MED_02941,Taxim O 200mg Tablet (Strip of 10 Tablets),Medicines & Consumables,119.31,13.09
CGHS_MED_02942,Taxim O 200mg Tablet (Strip of 15 Tablets),Medicines & Consumables,108.11,11.9
CGHS_MED_02943,Taxim O 200mg Tablet (Single Ampoule 2ml),Medicines & Consumables,112.03,10.08
CGHS_MED_02944,Taxim O 200mg Tablet (Single Vial 10ml),Medicines & Consumables,124.96,13.12
CGHS_MED_02945,Taxim O 200mg Tablet (Bottle 100ml),Medicines & Consumables,114.78,9.45
CGHS_MED_02946,Taxim O 200mg Tablet (Single Unit Pack),Medicines & Consumables,114.54,12.79
CGHS_MED_02947,Taxim O 200mg Tablet (Box of 10 Units),Medicines & Consumables,111.16,11.83
CGHS_MED_02948,Limcee 500mg Chewable Tablet (Strip of 10 Tablets),Medicines & Consumables,27.07,2.9
CGHS_MED_02949,Limcee 500mg Chewable Tablet (Strip of 15 Tablets),Medicines & Consumables,23.37,2.55
CGHS_MED_02950,Limcee 500mg Chewable Tablet (Single Ampoule 2ml),Medicines & Consumables,24.43,2.4
CGHS_MED_02951,Limcee 500mg Chewable Tablet (Single Vial 10ml),Medicines & Consumables,27.76,2.45
CGHS_MED_02952,Limcee 500mg Chewable Tablet (Bottle 100ml),Medicines & Consumables,23.08,2.06
CGHS_MED_02953,Limcee 500mg Chewable Tablet (Single Unit Pack),Medicines & Consumables,26.51,2.58
CGHS_MED_02954,Limcee 500mg Chewable Tablet (Box of 10 Units),Medicines & Consumables,23.89,2.94
CGHS_MED_02955,Becosules Z Capsule (Strip of 10 Tablets),Medicines & Consumables,43.63,3.64
CGHS_MED_02956,Becosules Z Capsule (Strip of 15 Tablets),Medicines & Consumables,46.56,4.4
CGHS_MED_02957,Becosules Z Capsule (Single Ampoule 2ml),Medicines & Consumables,48.06,3.76
CGHS_MED_02958,Becosules Z Capsule (Single Vial 10ml),Medicines & Consumables,46.26,3.95
CGHS_MED_02959,Becosules Z Capsule (Bottle 100ml),Medicines & Consumables,44.07,4.69
CGHS_MED_02960,Becosules Z Capsule (Single Unit Pack),Medicines & Consumables,51.11,5.24
CGHS_MED_02961,Becosules Z Capsule (Box of 10 Units),Medicines & Consumables,44.56,3.87
CGHS_MED_02962,Calpol 650mg Tablet (Strip of 10 Tablets),Medicines & Consumables,33.4,2.84
CGHS_MED_02963,Calpol 650mg Tablet (Strip of 15 Tablets),Medicines & Consumables,29.8,2.74
CGHS_MED_02964,Calpol 650mg Tablet (Single Ampoule 2ml),Medicines & Consumables,29.64,3.57
CGHS_MED_02965,Calpol 650mg Tablet (Single Vial 10ml),Medicines & Consumables,33.56,2.51
CGHS_MED_02966,Calpol 650mg Tablet (Bottle 100ml),Medicines & Consumables,32.46,2.93
CGHS_MED_02967,Calpol 650mg Tablet (Single Unit Pack),Medicines & Consumables,34.44,3.36
CGHS_MED_02968,Calpol 650mg Tablet (Box of 10 Units),Medicines & Consumables,29.16,3.37
CGHS_MED_02969,Calpol 500mg Tablet (Strip of 10 Tablets),Medicines & Consumables,25.14,2.13
CGHS_MED_02970,Calpol 500mg Tablet (Strip of 15 Tablets),Medicines & Consumables,24.73,1.88
CGHS_MED_02971,Calpol 500mg Tablet (Single Ampoule 2ml),Medicines & Consumables,23.03,1.84
CGHS_MED_02972,Calpol 500mg Tablet (Single Vial 10ml),Medicines & Consumables,20.94,2.18
CGHS_MED_02973,Calpol 500mg Tablet (Bottle 100ml),Medicines & Consumables,24.57,2.63
CGHS_MED_02974,Calpol 500mg Tablet (Single Unit Pack),Medicines & Consumables,20.16,2.6
CGHS_MED_02975,Calpol 500mg Tablet (Box of 10 Units),Medicines & Consumables,23.96,1.84
CGHS_MED_02976,Allegra 120mg Tablet (Strip of 10 Tablets),Medicines & Consumables,190.45,20.98
CGHS_MED_02977,Allegra 120mg Tablet (Strip of 15 Tablets),Medicines & Consumables,190.69,18.4
CGHS_MED_02978,Allegra 120mg Tablet (Single Ampoule 2ml),Medicines & Consumables,204.74,19.84
CGHS_MED_02979,Allegra 120mg Tablet (Single Vial 10ml),Medicines & Consumables,177.5,15.74
CGHS_MED_02980,Allegra 120mg Tablet (Bottle 100ml),Medicines & Consumables,189.13,18.39
CGHS_MED_02981,Allegra 120mg Tablet (Single Unit Pack),Medicines & Consumables,173.01,20.35
CGHS_MED_02982,Allegra 120mg Tablet (Box of 10 Units),Medicines & Consumables,210.64,16.59
CGHS_MED_02983,Allegra 180mg Tablet (Strip of 10 Tablets),Medicines & Consumables,249.56,23.65
CGHS_MED_02984,Allegra 180mg Tablet (Strip of 15 Tablets),Medicines & Consumables,217.61,19.22
CGHS_MED_02985,Allegra 180mg Tablet (Single Ampoule 2ml),Medicines & Consumables,231.76,28.38
CGHS_MED_02986,Allegra 180mg Tablet (Single Vial 10ml),Medicines & Consumables,266.05,23.74
CGHS_MED_02987,Allegra 180mg Tablet (Bottle 100ml),Medicines & Consumables,255.23,27.77
CGHS_MED_02988,Allegra 180mg Tablet (Single Unit Pack),Medicines & Consumables,241.03,23.92
CGHS_MED_02989,Allegra 180mg Tablet (Box of 10 Units),Medicines & Consumables,257.27,21.55
CGHS_MED_02990,Montair LC Tablet (Strip of 10 Tablets),Medicines & Consumables,158.07,15.49
CGHS_MED_02991,Montair LC Tablet (Strip of 15 Tablets),Medicines & Consumables,195.26,14.05
CGHS_MED_02992,Montair LC Tablet (Single Ampoule 2ml),Medicines & Consumables,184.69,17.55
CGHS_MED_02993,Montair LC Tablet (Single Vial 10ml),Medicines & Consumables,177.04,19.5
CGHS_MED_02994,Montair LC Tablet (Bottle 100ml),Medicines & Consumables,179.69,16.84
CGHS_MED_02995,Montair LC Tablet (Single Unit Pack),Medicines & Consumables,182.51,14.41
CGHS_MED_02996,Montair LC Tablet (Box of 10 Units),Medicines & Consumables,174.78,17.51
CGHS_MED_02997,Rabeprazole 20mg Tablet (Strip of 10 Tablets),Medicines & Consumables,105.58,8.22
CGHS_MED_02998,Rabeprazole 20mg Tablet (Strip of 15 Tablets),Medicines & Consumables,86.89,8.81
CGHS_MED_02999,Rabeprazole 20mg Tablet (Single Ampoule 2ml),Medicines & Consumables,106.36,8.11
CGHS_MED_03000,Rabeprazole 20mg Tablet (Single Vial 10ml),Medicines & Consumables,89.38,8.64
CGHS_MED_03001,Rabeprazole 20mg Tablet (Bottle 100ml),Medicines & Consumables,95.46,11.07
CGHS_MED_03002,Rabeprazole 20mg Tablet (Single Unit Pack),Medicines & Consumables,93.95,8.7
CGHS_MED_03003,Rabeprazole 20mg Tablet (Box of 10 Units),Medicines & Consumables,98.08,11.16
CGHS_MED_03004,Atorva 10mg Tablet (Strip of 10 Tablets),Medicines & Consumables,113.13,12.17
CGHS_MED_03005,Atorva 10mg Tablet (Strip of 15 Tablets),Medicines & Consumables,104.04,9.22
CGHS_MED_03006,Atorva 10mg Tablet (Single Ampoule 2ml),Medicines & Consumables,119.7,11.19
CGHS_MED_03007,Atorva 10mg Tablet (Single Vial 10ml),Medicines & Consumables,122.99,12.44
CGHS_MED_03008,Atorva 10mg Tablet (Bottle 100ml),Medicines & Consumables,117.84,10.12
CGHS_MED_03009,Atorva 10mg Tablet (Single Unit Pack),Medicines & Consumables,117.85,11.83
CGHS_MED_03010,Atorva 10mg Tablet (Box of 10 Units),Medicines & Consumables,101.64,11.35
CGHS_MED_03011,Atorva 20mg Tablet (Strip of 10 Tablets),Medicines & Consumables,199.05,14.49
CGHS_MED_03012,Atorva 20mg Tablet (Strip of 15 Tablets),Medicines & Consumables,185.32,17.09
CGHS_MED_03013,Atorva 20mg Tablet (Single Ampoule 2ml),Medicines & Consumables,183.82,16.85
CGHS_MED_03014,Atorva 20mg Tablet (Single Vial 10ml),Medicines & Consumables,202.99,15.14
CGHS_MED_03015,Atorva 20mg Tablet (Bottle 100ml),Medicines & Consumables,168.95,15.99
CGHS_MED_03016,Atorva 20mg Tablet (Single Unit Pack),Medicines & Consumables,170.48,20.86
CGHS_MED_03017,Atorva 20mg Tablet (Box of 10 Units),Medicines & Consumables,189.6,20.39
CGHS_MED_03018,Metformin 500mg SR Tablet (Strip of 10 Tablets),Medicines & Consumables,36.1,3.54
CGHS_MED_03019,Metformin 500mg SR Tablet (Strip of 15 Tablets),Medicines & Consumables,36.32,3.86
CGHS_MED_03020,Metformin 500mg SR Tablet (Single Ampoule 2ml),Medicines & Consumables,32.5,3.44
CGHS_MED_03021,Metformin 500mg SR Tablet (Single Vial 10ml),Medicines & Consumables,32.17,3.95
CGHS_MED_03022,Metformin 500mg SR Tablet (Bottle 100ml),Medicines & Consumables,39.58,3.47
CGHS_MED_03023,Metformin 500mg SR Tablet (Single Unit Pack),Medicines & Consumables,34.23,3.31
CGHS_MED_03024,Metformin 500mg SR Tablet (Box of 10 Units),Medicines & Consumables,38.65,4.05
CGHS_MED_03025,Metformin 1000mg SR Tablet (Strip of 10 Tablets),Medicines & Consumables,62.96,6.63
CGHS_MED_03026,Metformin 1000mg SR Tablet (Strip of 15 Tablets),Medicines & Consumables,59.13,6.5
CGHS_MED_03027,Metformin 1000mg SR Tablet (Single Ampoule 2ml),Medicines & Consumables,54.43,6.75
CGHS_MED_03028,Metformin 1000mg SR Tablet (Single Vial 10ml),Medicines & Consumables,57.34,6.86
CGHS_MED_03029,Metformin 1000mg SR Tablet (Bottle 100ml),Medicines & Consumables,56.14,5.34
CGHS_MED_03030,Metformin 1000mg SR Tablet (Single Unit Pack),Medicines & Consumables,55.88,5.11
CGHS_MED_03031,Metformin 1000mg SR Tablet (Box of 10 Units),Medicines & Consumables,55.18,6.46
CGHS_MED_03032,Telma 40mg Tablet (Strip of 10 Tablets),Medicines & Consumables,142.48,10.8
CGHS_MED_03033,Telma 40mg Tablet (Strip of 15 Tablets),Medicines & Consumables,142.18,14.34
CGHS_MED_03034,Telma 40mg Tablet (Single Ampoule 2ml),Medicines & Consumables,118.38,10.96
CGHS_MED_03035,Telma 40mg Tablet (Single Vial 10ml),Medicines & Consumables,142.77,13.07
CGHS_MED_03036,Telma 40mg Tablet (Bottle 100ml),Medicines & Consumables,118.93,11.02
CGHS_MED_03037,Telma 40mg Tablet (Single Unit Pack),Medicines & Consumables,125.22,10.74
CGHS_MED_03038,Telma 40mg Tablet (Box of 10 Units),Medicines & Consumables,138.7,14.32
CGHS_MED_03039,Telma H Tablet (Strip of 10 Tablets),Medicines & Consumables,175.29,18.69
CGHS_MED_03040,Telma H Tablet (Strip of 15 Tablets),Medicines & Consumables,152.22,18.57
CGHS_MED_03041,Telma H Tablet (Single Ampoule 2ml),Medicines & Consumables,151.39,15.05
CGHS_MED_03042,Telma H Tablet (Single Vial 10ml),Medicines & Consumables,147.63,18.21
CGHS_MED_03043,Telma H Tablet (Bottle 100ml),Medicines & Consumables,181.67,18.87
CGHS_MED_03044,Telma H Tablet (Single Unit Pack),Medicines & Consumables,157.91,13.83
CGHS_MED_03045,Telma H Tablet (Box of 10 Units),Medicines & Consumables,164.03,17.46
CGHS_MED_03046,Clopivas 75mg Tablet (Strip of 10 Tablets),Medicines & Consumables,110.45,11.82
CGHS_MED_03047,Clopivas 75mg Tablet (Strip of 15 Tablets),Medicines & Consumables,106.35,11.86
CGHS_MED_03048,Clopivas 75mg Tablet (Single Ampoule 2ml),Medicines & Consumables,103.9,10.2
CGHS_MED_03049,Clopivas 75mg Tablet (Single Vial 10ml),Medicines & Consumables,109.01,10.5
CGHS_MED_03050,Clopivas 75mg Tablet (Bottle 100ml),Medicines & Consumables,129.42,11.67
CGHS_MED_03051,Clopivas 75mg Tablet (Single Unit Pack),Medicines & Consumables,131.49,9.65
CGHS_MED_03052,Clopivas 75mg Tablet (Box of 10 Units),Medicines & Consumables,109.65,11.52
CGHS_MED_03053,Ecosprin 75mg Tablet (Strip of 10 Tablets),Medicines & Consumables,16.15,1.42
CGHS_MED_03054,Ecosprin 75mg Tablet (Strip of 15 Tablets),Medicines & Consumables,15.71,1.46
CGHS_MED_03055,Ecosprin 75mg Tablet (Single Ampoule 2ml),Medicines & Consumables,17.09,1.31
CGHS_MED_03056,Ecosprin 75mg Tablet (Single Vial 10ml),Medicines & Consumables,14.83,1.43
CGHS_MED_03057,Ecosprin 75mg Tablet (Bottle 100ml),Medicines & Consumables,14.3,1.34
CGHS_MED_03058,Ecosprin 75mg Tablet (Single Unit Pack),Medicines & Consumables,13.92,1.79
CGHS_MED_03059,Ecosprin 75mg Tablet (Box of 10 Units),Medicines & Consumables,13.96,1.27
CGHS_MED_03060,Ecosprin 150mg Tablet (Strip of 10 Tablets),Medicines & Consumables,18.68,2.21
CGHS_MED_03061,Ecosprin 150mg Tablet (Strip of 15 Tablets),Medicines & Consumables,21.52,2.05
CGHS_MED_03062,Ecosprin 150mg Tablet (Single Ampoule 2ml),Medicines & Consumables,18.2,1.86
CGHS_MED_03063,Ecosprin 150mg Tablet (Single Vial 10ml),Medicines & Consumables,18.58,1.83
CGHS_MED_03064,Ecosprin 150mg Tablet (Bottle 100ml),Medicines & Consumables,21.0,1.85
CGHS_MED_03065,Ecosprin 150mg Tablet (Single Unit Pack),Medicines & Consumables,22.88,1.96
CGHS_MED_03066,Ecosprin 150mg Tablet (Box of 10 Units),Medicines & Consumables,20.77,1.83
CGHS_MED_03067,Cilacar 10mg Tablet (Strip of 10 Tablets),Medicines & Consumables,116.95,9.19
CGHS_MED_03068,Cilacar 10mg Tablet (Strip of 15 Tablets),Medicines & Consumables,96.33,11.93
CGHS_MED_03069,Cilacar 10mg Tablet (Single Ampoule 2ml),Medicines & Consumables,106.99,11.25
CGHS_MED_03070,Cilacar 10mg Tablet (Single Vial 10ml),Medicines & Consumables,99.21,12.59
CGHS_MED_03071,Cilacar 10mg Tablet (Bottle 100ml),Medicines & Consumables,107.41,8.84
CGHS_MED_03072,Cilacar 10mg Tablet (Single Unit Pack),Medicines & Consumables,106.0,11.17
CGHS_MED_03073,Cilacar 10mg Tablet (Box of 10 Units),Medicines & Consumables,96.73,9.0
CGHS_MED_03074,Glycomet GP 2 Tablet (Strip of 10 Tablets),Medicines & Consumables,140.02,14.51
CGHS_MED_03075,Glycomet GP 2 Tablet (Strip of 15 Tablets),Medicines & Consumables,129.56,16.38
CGHS_MED_03076,Glycomet GP 2 Tablet (Single Ampoule 2ml),Medicines & Consumables,160.22,11.56
CGHS_MED_03077,Glycomet GP 2 Tablet (Single Vial 10ml),Medicines & Consumables,160.13,13.1
CGHS_MED_03078,Glycomet GP 2 Tablet (Bottle 100ml),Medicines & Consumables,146.82,16.75
CGHS_MED_03079,Glycomet GP 2 Tablet (Single Unit Pack),Medicines & Consumables,130.3,15.89
CGHS_MED_03080,Glycomet GP 2 Tablet (Box of 10 Units),Medicines & Consumables,151.38,12.76
CGHS_MED_03081,Amlovas 5mg Tablet (Strip of 10 Tablets),Medicines & Consumables,37.74,3.61
CGHS_MED_03082,Amlovas 5mg Tablet (Strip of 15 Tablets),Medicines & Consumables,33.89,3.91
CGHS_MED_03083,Amlovas 5mg Tablet (Single Ampoule 2ml),Medicines & Consumables,37.13,3.36
CGHS_MED_03084,Amlovas 5mg Tablet (Single Vial 10ml),Medicines & Consumables,35.66,3.64
CGHS_MED_03085,Amlovas 5mg Tablet (Bottle 100ml),Medicines & Consumables,35.04,3.48
CGHS_MED_03086,Amlovas 5mg Tablet (Single Unit Pack),Medicines & Consumables,33.94,3.88
CGHS_MED_03087,Amlovas 5mg Tablet (Box of 10 Units),Medicines & Consumables,32.45,3.15
CGHS_MED_03088,Crestor 10mg Tablet (Strip of 10 Tablets),Medicines & Consumables,286.81,29.44
CGHS_MED_03089,Crestor 10mg Tablet (Strip of 15 Tablets),Medicines & Consumables,261.42,23.52
CGHS_MED_03090,Crestor 10mg Tablet (Single Ampoule 2ml),Medicines & Consumables,255.7,23.16
CGHS_MED_03091,Crestor 10mg Tablet (Single Vial 10ml),Medicines & Consumables,299.47,33.29
CGHS_MED_03092,Crestor 10mg Tablet (Bottle 100ml),Medicines & Consumables,278.78,30.01
CGHS_MED_03093,Crestor 10mg Tablet (Single Unit Pack),Medicines & Consumables,262.69,29.37
CGHS_MED_03094,Crestor 10mg Tablet (Box of 10 Units),Medicines & Consumables,258.74,23.26
CGHS_MED_03095,Januvia 100mg Tablet (Strip of 10 Tablets),Medicines & Consumables,456.92,44.28
CGHS_MED_03096,Januvia 100mg Tablet (Strip of 15 Tablets),Medicines & Consumables,461.24,35.23
CGHS_MED_03097,Januvia 100mg Tablet (Single Ampoule 2ml),Medicines & Consumables,447.52,39.84
CGHS_MED_03098,Januvia 100mg Tablet (Single Vial 10ml),Medicines & Consumables,405.47,37.5
CGHS_MED_03099,Januvia 100mg Tablet (Bottle 100ml),Medicines & Consumables,468.27,40.75
CGHS_MED_03100,Januvia 100mg Tablet (Single Unit Pack),Medicines & Consumables,478.02,32.51
CGHS_MED_03101,Januvia 100mg Tablet (Box of 10 Units),Medicines & Consumables,423.19,46.64
CGHS_MED_03102,Forxiga 10mg Tablet (Strip of 10 Tablets),Medicines & Consumables,557.71,50.92
CGHS_MED_03103,Forxiga 10mg Tablet (Strip of 15 Tablets),Medicines & Consumables,556.69,54.11
CGHS_MED_03104,Forxiga 10mg Tablet (Single Ampoule 2ml),Medicines & Consumables,508.6,56.25
CGHS_MED_03105,Forxiga 10mg Tablet (Single Vial 10ml),Medicines & Consumables,624.45,50.67
CGHS_MED_03106,Forxiga 10mg Tablet (Bottle 100ml),Medicines & Consumables,602.85,54.81
CGHS_MED_03107,Forxiga 10mg Tablet (Single Unit Pack),Medicines & Consumables,522.83,59.75
CGHS_MED_03108,Forxiga 10mg Tablet (Box of 10 Units),Medicines & Consumables,572.24,46.41
CGHS_MED_03109,Lantus SoloStar Insulin Cartridge 100IU (Strip of 10 Tablets),Medicines & Consumables,801.57,79.8
CGHS_MED_03110,Lantus SoloStar Insulin Cartridge 100IU (Strip of 15 Tablets),Medicines & Consumables,803.51,77.17
CGHS_MED_03111,Lantus SoloStar Insulin Cartridge 100IU (Single Ampoule 2ml),Medicines & Consumables,764.23,85.63
CGHS_MED_03112,Lantus SoloStar Insulin Cartridge 100IU (Single Vial 10ml),Medicines & Consumables,770.0,71.74
CGHS_MED_03113,Lantus SoloStar Insulin Cartridge 100IU (Bottle 100ml),Medicines & Consumables,767.75,89.13
CGHS_MED_03114,Lantus SoloStar Insulin Cartridge 100IU (Single Unit Pack),Medicines & Consumables,790.68,70.58
CGHS_MED_03115,Lantus SoloStar Insulin Cartridge 100IU (Box of 10 Units),Medicines & Consumables,858.33,69.61
CGHS_MED_03116,Novorapid Flexpen 100IU/ml (Strip of 10 Tablets),Medicines & Consumables,616.78,53.17
CGHS_MED_03117,Novorapid Flexpen 100IU/ml (Strip of 15 Tablets),Medicines & Consumables,754.28,61.07
CGHS_MED_03118,Novorapid Flexpen 100IU/ml (Single Ampoule 2ml),Medicines & Consumables,738.15,52.7
CGHS_MED_03119,Novorapid Flexpen 100IU/ml (Single Vial 10ml),Medicines & Consumables,763.53,60.87
CGHS_MED_03120,Novorapid Flexpen 100IU/ml (Bottle 100ml),Medicines & Consumables,628.55,60.97
CGHS_MED_03121,Novorapid Flexpen 100IU/ml (Single Unit Pack),Medicines & Consumables,672.75,61.13
CGHS_MED_03122,Novorapid Flexpen 100IU/ml (Box of 10 Units),Medicines & Consumables,724.41,58.44
CGHS_MED_03123,Meropenem 1g IV Injection (Strip of 10 Tablets),Medicines & Consumables,1008.92,93.33
CGHS_MED_03124,Meropenem 1g IV Injection (Strip of 15 Tablets),Medicines & Consumables,1071.22,74.36
CGHS_MED_03125,Meropenem 1g IV Injection (Single Ampoule 2ml),Medicines & Consumables,927.42,84.15
CGHS_MED_03126,Meropenem 1g IV Injection (Single Vial 10ml),Medicines & Consumables,859.68,83.74
CGHS_MED_03127,Meropenem 1g IV Injection (Bottle 100ml),Medicines & Consumables,964.47,103.08
CGHS_MED_03128,Meropenem 1g IV Injection (Single Unit Pack),Medicines & Consumables,989.91,104.45
CGHS_MED_03129,Meropenem 1g IV Injection (Box of 10 Units),Medicines & Consumables,918.32,97.05
CGHS_MED_03130,Piptaz 4.5g IV Injection (Piperacillin+Tazobactam) (Strip of 10 Tablets),Medicines & Consumables,502.56,53.74
CGHS_MED_03131,Piptaz 4.5g IV Injection (Piperacillin+Tazobactam) (Strip of 15 Tablets),Medicines & Consumables,477.33,43.03
CGHS_MED_03132,Piptaz 4.5g IV Injection (Piperacillin+Tazobactam) (Single Ampoule 2ml),Medicines & Consumables,500.7,50.55
CGHS_MED_03133,Piptaz 4.5g IV Injection (Piperacillin+Tazobactam) (Single Vial 10ml),Medicines & Consumables,444.01,48.15
CGHS_MED_03134,Piptaz 4.5g IV Injection (Piperacillin+Tazobactam) (Bottle 100ml),Medicines & Consumables,472.32,45.05
CGHS_MED_03135,Piptaz 4.5g IV Injection (Piperacillin+Tazobactam) (Single Unit Pack),Medicines & Consumables,523.79,42.11
CGHS_MED_03136,Piptaz 4.5g IV Injection (Piperacillin+Tazobactam) (Box of 10 Units),Medicines & Consumables,505.78,42.54
CGHS_MED_03137,Ceftriaxone 1g IV Injection (Strip of 10 Tablets),Medicines & Consumables,65.58,6.49
CGHS_MED_03138,Ceftriaxone 1g IV Injection (Strip of 15 Tablets),Medicines & Consumables,72.27,7.25
CGHS_MED_03139,Ceftriaxone 1g IV Injection (Single Ampoule 2ml),Medicines & Consumables,72.16,6.59
CGHS_MED_03140,Ceftriaxone 1g IV Injection (Single Vial 10ml),Medicines & Consumables,63.17,5.32
CGHS_MED_03141,Ceftriaxone 1g IV Injection (Bottle 100ml),Medicines & Consumables,74.69,6.25
CGHS_MED_03142,Ceftriaxone 1g IV Injection (Single Unit Pack),Medicines & Consumables,62.17,7.13
CGHS_MED_03143,Ceftriaxone 1g IV Injection (Box of 10 Units),Medicines & Consumables,59.99,7.39
CGHS_MED_03144,Amikacin 500mg Injection (Strip of 10 Tablets),Medicines & Consumables,78.51,7.95
CGHS_MED_03145,Amikacin 500mg Injection (Strip of 15 Tablets),Medicines & Consumables,77.93,9.52
CGHS_MED_03146,Amikacin 500mg Injection (Single Ampoule 2ml),Medicines & Consumables,86.6,7.51
CGHS_MED_03147,Amikacin 500mg Injection (Single Vial 10ml),Medicines & Consumables,93.41,9.02
CGHS_MED_03148,Amikacin 500mg Injection (Bottle 100ml),Medicines & Consumables,82.91,9.53
CGHS_MED_03149,Amikacin 500mg Injection (Single Unit Pack),Medicines & Consumables,85.7,8.64
CGHS_MED_03150,Amikacin 500mg Injection (Box of 10 Units),Medicines & Consumables,80.75,8.17
CGHS_MED_03151,Vancomycin 1g Injection (Strip of 10 Tablets),Medicines & Consumables,401.37,37.29
CGHS_MED_03152,Vancomycin 1g Injection (Strip of 15 Tablets),Medicines & Consumables,414.53,33.15
CGHS_MED_03153,Vancomycin 1g Injection (Single Ampoule 2ml),Medicines & Consumables,343.77,41.09
CGHS_MED_03154,Vancomycin 1g Injection (Single Vial 10ml),Medicines & Consumables,423.96,39.17
CGHS_MED_03155,Vancomycin 1g Injection (Bottle 100ml),Medicines & Consumables,362.23,45.02
CGHS_MED_03156,Vancomycin 1g Injection (Single Unit Pack),Medicines & Consumables,412.51,37.5
CGHS_MED_03157,Vancomycin 1g Injection (Box of 10 Units),Medicines & Consumables,431.03,38.5
CGHS_MED_03158,Linezolid 600mg Tablet (Strip of 10 Tablets),Medicines & Consumables,337.15,33.23
CGHS_MED_03159,Linezolid 600mg Tablet (Strip of 15 Tablets),Medicines & Consumables,322.7,30.79
CGHS_MED_03160,Linezolid 600mg Tablet (Single Ampoule 2ml),Medicines & Consumables,338.14,30.27
CGHS_MED_03161,Linezolid 600mg Tablet (Single Vial 10ml),Medicines & Consumables,317.14,25.77
CGHS_MED_03162,Linezolid 600mg Tablet (Bottle 100ml),Medicines & Consumables,300.04,32.22
CGHS_MED_03163,Linezolid 600mg Tablet (Single Unit Pack),Medicines & Consumables,312.02,29.22
CGHS_MED_03164,Linezolid 600mg Tablet (Box of 10 Units),Medicines & Consumables,313.49,33.96
CGHS_MED_03165,Faropenem 200mg Tablet (Strip of 10 Tablets),Medicines & Consumables,540.5,48.48
CGHS_MED_03166,Faropenem 200mg Tablet (Strip of 15 Tablets),Medicines & Consumables,591.83,62.12
CGHS_MED_03167,Faropenem 200mg Tablet (Single Ampoule 2ml),Medicines & Consumables,626.29,49.64
CGHS_MED_03168,Faropenem 200mg Tablet (Single Vial 10ml),Medicines & Consumables,619.68,52.93
CGHS_MED_03169,Faropenem 200mg Tablet (Bottle 100ml),Medicines & Consumables,547.75,48.22
CGHS_MED_03170,Faropenem 200mg Tablet (Single Unit Pack),Medicines & Consumables,567.22,62.2
CGHS_MED_03171,Faropenem 200mg Tablet (Box of 10 Units),Medicines & Consumables,599.46,56.32
CGHS_MED_03172,Enoxaparin 40mg Clexane Injection (Strip of 10 Tablets),Medicines & Consumables,554.97,52.94
CGHS_MED_03173,Enoxaparin 40mg Clexane Injection (Strip of 15 Tablets),Medicines & Consumables,500.09,43.19
CGHS_MED_03174,Enoxaparin 40mg Clexane Injection (Single Ampoule 2ml),Medicines & Consumables,513.76,45.17
CGHS_MED_03175,Enoxaparin 40mg Clexane Injection (Single Vial 10ml),Medicines & Consumables,605.49,53.17
CGHS_MED_03176,Enoxaparin 40mg Clexane Injection (Bottle 100ml),Medicines & Consumables,519.2,57.05
CGHS_MED_03177,Enoxaparin 40mg Clexane Injection (Single Unit Pack),Medicines & Consumables,627.52,49.72
CGHS_MED_03178,Enoxaparin 40mg Clexane Injection (Box of 10 Units),Medicines & Consumables,497.74,57.19
CGHS_MED_03179,Heparin 5000 IU Injection (Strip of 10 Tablets),Medicines & Consumables,128.94,14.57
CGHS_MED_03180,Heparin 5000 IU Injection (Strip of 15 Tablets),Medicines & Consumables,156.35,16.24
CGHS_MED_03181,Heparin 5000 IU Injection (Single Ampoule 2ml),Medicines & Consumables,140.25,13.24
CGHS_MED_03182,Heparin 5000 IU Injection (Single Vial 10ml),Medicines & Consumables,149.01,11.71
CGHS_MED_03183,Heparin 5000 IU Injection (Bottle 100ml),Medicines & Consumables,159.01,15.26
CGHS_MED_03184,Heparin 5000 IU Injection (Single Unit Pack),Medicines & Consumables,130.92,11.83
CGHS_MED_03185,Heparin 5000 IU Injection (Box of 10 Units),Medicines & Consumables,151.71,16.42
CGHS_MED_03186,Tramadol 50mg Injection (Strip of 10 Tablets),Medicines & Consumables,36.07,3.96
CGHS_MED_03187,Tramadol 50mg Injection (Strip of 15 Tablets),Medicines & Consumables,39.81,4.1
CGHS_MED_03188,Tramadol 50mg Injection (Single Ampoule 2ml),Medicines & Consumables,33.7,4.04
CGHS_MED_03189,Tramadol 50mg Injection (Single Vial 10ml),Medicines & Consumables,33.58,2.97
CGHS_MED_03190,Tramadol 50mg Injection (Bottle 100ml),Medicines & Consumables,38.56,3.26
CGHS_MED_03191,Tramadol 50mg Injection (Single Unit Pack),Medicines & Consumables,36.61,3.35
CGHS_MED_03192,Tramadol 50mg Injection (Box of 10 Units),Medicines & Consumables,38.05,3.13
CGHS_MED_03193,Paracetamol 100ml IV Infusion Bottle (Strip of 10 Tablets),Medicines & Consumables,75.43,6.43
CGHS_MED_03194,Paracetamol 100ml IV Infusion Bottle (Strip of 15 Tablets),Medicines & Consumables,70.78,8.91
CGHS_MED_03195,Paracetamol 100ml IV Infusion Bottle (Single Ampoule 2ml),Medicines & Consumables,75.74,6.76
CGHS_MED_03196,Paracetamol 100ml IV Infusion Bottle (Single Vial 10ml),Medicines & Consumables,78.55,7.47
CGHS_MED_03197,Paracetamol 100ml IV Infusion Bottle (Bottle 100ml),Medicines & Consumables,74.53,8.85
CGHS_MED_03198,Paracetamol 100ml IV Infusion Bottle (Single Unit Pack),Medicines & Consumables,73.43,7.27
CGHS_MED_03199,Paracetamol 100ml IV Infusion Bottle (Box of 10 Units),Medicines & Consumables,80.3,8.89
CGHS_MED_03200,Dynapar AQ 75mg Injection (Strip of 10 Tablets),Medicines & Consumables,33.6,3.52
CGHS_MED_03201,Dynapar AQ 75mg Injection (Strip of 15 Tablets),Medicines & Consumables,29.72,3.26
CGHS_MED_03202,Dynapar AQ 75mg Injection (Single Ampoule 2ml),Medicines & Consumables,33.16,2.43
CGHS_MED_03203,Dynapar AQ 75mg Injection (Single Vial 10ml),Medicines & Consumables,34.25,3.13
CGHS_MED_03204,Dynapar AQ 75mg Injection (Bottle 100ml),Medicines & Consumables,33.31,3.19
CGHS_MED_03205,Dynapar AQ 75mg Injection (Single Unit Pack),Medicines & Consumables,34.06,3.23
CGHS_MED_03206,Dynapar AQ 75mg Injection (Box of 10 Units),Medicines & Consumables,32.92,2.69
CGHS_MED_03207,Emset 4mg Tablet (Strip of 10 Tablets),Medicines & Consumables,46.72,4.16
CGHS_MED_03208,Emset 4mg Tablet (Strip of 15 Tablets),Medicines & Consumables,51.28,4.25
CGHS_MED_03209,Emset 4mg Tablet (Single Ampoule 2ml),Medicines & Consumables,49.64,3.82
CGHS_MED_03210,Emset 4mg Tablet (Single Vial 10ml),Medicines & Consumables,50.25,5.14
CGHS_MED_03211,Emset 4mg Tablet (Bottle 100ml),Medicines & Consumables,44.87,5.24
CGHS_MED_03212,Emset 4mg Tablet (Single Unit Pack),Medicines & Consumables,44.92,5.36
CGHS_MED_03213,Emset 4mg Tablet (Box of 10 Units),Medicines & Consumables,43.37,3.76
CGHS_MED_03214,Deriphyllin 2ml Injection (Strip of 10 Tablets),Medicines & Consumables,16.59,1.34
CGHS_MED_03215,Deriphyllin 2ml Injection (Strip of 15 Tablets),Medicines & Consumables,14.29,1.73
CGHS_MED_03216,Deriphyllin 2ml Injection (Single Ampoule 2ml),Medicines & Consumables,16.93,1.58
CGHS_MED_03217,Deriphyllin 2ml Injection (Single Vial 10ml),Medicines & Consumables,16.8,1.66
CGHS_MED_03218,Deriphyllin 2ml Injection (Bottle 100ml),Medicines & Consumables,15.02,1.22
CGHS_MED_03219,Deriphyllin 2ml Injection (Single Unit Pack),Medicines & Consumables,16.75,1.69
CGHS_MED_03220,Deriphyllin 2ml Injection (Box of 10 Units),Medicines & Consumables,17.03,1.48
CGHS_MED_03221,Hydrocortisone 100mg Injection (Strip of 10 Tablets),Medicines & Consumables,45.15,5.11
CGHS_MED_03222,Hydrocortisone 100mg Injection (Strip of 15 Tablets),Medicines & Consumables,48.57,5.18
CGHS_MED_03223,Hydrocortisone 100mg Injection (Single Ampoule 2ml),Medicines & Consumables,49.73,5.08
CGHS_MED_03224,Hydrocortisone 100mg Injection (Single Vial 10ml),Medicines & Consumables,48.36,4.51
CGHS_MED_03225,Hydrocortisone 100mg Injection (Bottle 100ml),Medicines & Consumables,44.46,4.68
CGHS_MED_03226,Hydrocortisone 100mg Injection (Single Unit Pack),Medicines & Consumables,49.65,4.93
CGHS_MED_03227,Hydrocortisone 100mg Injection (Box of 10 Units),Medicines & Consumables,45.6,3.65
CGHS_MED_03228,Dexamethasone 8mg/2ml Injection (Strip of 10 Tablets),Medicines & Consumables,18.26,2.11
CGHS_MED_03229,Dexamethasone 8mg/2ml Injection (Strip of 15 Tablets),Medicines & Consumables,21.15,2.23
CGHS_MED_03230,Dexamethasone 8mg/2ml Injection (Single Ampoule 2ml),Medicines & Consumables,18.68,1.92
CGHS_MED_03231,Dexamethasone 8mg/2ml Injection (Single Vial 10ml),Medicines & Consumables,21.14,1.85
CGHS_MED_03232,Dexamethasone 8mg/2ml Injection (Bottle 100ml),Medicines & Consumables,18.41,1.73
CGHS_MED_03233,Dexamethasone 8mg/2ml Injection (Single Unit Pack),Medicines & Consumables,20.58,2.38
CGHS_MED_03234,Dexamethasone 8mg/2ml Injection (Box of 10 Units),Medicines & Consumables,22.15,2.21
CGHS_MED_03235,Pantoprazole 40mg IV Injection (Strip of 10 Tablets),Medicines & Consumables,55.59,5.37
CGHS_MED_03236,Pantoprazole 40mg IV Injection (Strip of 15 Tablets),Medicines & Consumables,54.91,4.64
CGHS_MED_03237,Pantoprazole 40mg IV Injection (Single Ampoule 2ml),Medicines & Consumables,50.98,5.47
CGHS_MED_03238,Pantoprazole 40mg IV Injection (Single Vial 10ml),Medicines & Consumables,48.26,5.37
CGHS_MED_03239,Pantoprazole 40mg IV Injection (Bottle 100ml),Medicines & Consumables,55.33,5.6
CGHS_MED_03240,Pantoprazole 40mg IV Injection (Single Unit Pack),Medicines & Consumables,47.48,4.83
CGHS_MED_03241,Pantoprazole 40mg IV Injection (Box of 10 Units),Medicines & Consumables,47.27,5.75
CGHS_MED_03242,Human Albumin 20% 100ml Infusion (Strip of 10 Tablets),Medicines & Consumables,4772.0,461.49
CGHS_MED_03243,Human Albumin 20% 100ml Infusion (Strip of 15 Tablets),Medicines & Consumables,4015.71,471.7
CGHS_MED_03244,Human Albumin 20% 100ml Infusion (Single Ampoule 2ml),Medicines & Consumables,4749.27,423.54
CGHS_MED_03245,Human Albumin 20% 100ml Infusion (Single Vial 10ml),Medicines & Consumables,4437.96,465.1
CGHS_MED_03246,Human Albumin 20% 100ml Infusion (Bottle 100ml),Medicines & Consumables,4802.83,351.72
CGHS_MED_03247,Human Albumin 20% 100ml Infusion (Single Unit Pack),Medicines & Consumables,4516.32,347.0
CGHS_MED_03248,Human Albumin 20% 100ml Infusion (Box of 10 Units),Medicines & Consumables,4201.09,388.62
CGHS_MED_03249,Noradrenaline 2mg/2ml Injection (Strip of 10 Tablets),Medicines & Consumables,82.03,7.1
CGHS_MED_03250,Noradrenaline 2mg/2ml Injection (Strip of 15 Tablets),Medicines & Consumables,84.32,10.02
CGHS_MED_03251,Noradrenaline 2mg/2ml Injection (Single Ampoule 2ml),Medicines & Consumables,78.99,9.24
CGHS_MED_03252,Noradrenaline 2mg/2ml Injection (Single Vial 10ml),Medicines & Consumables,85.75,9.93
CGHS_MED_03253,Noradrenaline 2mg/2ml Injection (Bottle 100ml),Medicines & Consumables,86.14,9.09
CGHS_MED_03254,Noradrenaline 2mg/2ml Injection (Single Unit Pack),Medicines & Consumables,79.02,9.23
CGHS_MED_03255,Noradrenaline 2mg/2ml Injection (Box of 10 Units),Medicines & Consumables,80.55,9.73
CGHS_MED_03256,Dobutamine 250mg/5ml Injection (Strip of 10 Tablets),Medicines & Consumables,175.28,14.64
CGHS_MED_03257,Dobutamine 250mg/5ml Injection (Strip of 15 Tablets),Medicines & Consumables,163.77,13.63
CGHS_MED_03258,Dobutamine 250mg/5ml Injection (Single Ampoule 2ml),Medicines & Consumables,178.25,16.64
CGHS_MED_03259,Dobutamine 250mg/5ml Injection (Single Vial 10ml),Medicines & Consumables,183.81,14.61
CGHS_MED_03260,Dobutamine 250mg/5ml Injection (Bottle 100ml),Medicines & Consumables,171.09,15.48
CGHS_MED_03261,Dobutamine 250mg/5ml Injection (Single Unit Pack),Medicines & Consumables,160.34,13.73
CGHS_MED_03262,Dobutamine 250mg/5ml Injection (Box of 10 Units),Medicines & Consumables,155.61,14.48
CGHS_MED_03263,Dopamine 200mg/5ml Injection (Strip of 10 Tablets),Medicines & Consumables,79.08,8.72
CGHS_MED_03264,Dopamine 200mg/5ml Injection (Strip of 15 Tablets),Medicines & Consumables,74.43,8.05
CGHS_MED_03265,Dopamine 200mg/5ml Injection (Single Ampoule 2ml),Medicines & Consumables,76.09,6.03
CGHS_MED_03266,Dopamine 200mg/5ml Injection (Single Vial 10ml),Medicines & Consumables,70.0,6.97
CGHS_MED_03267,Dopamine 200mg/5ml Injection (Bottle 100ml),Medicines & Consumables,80.49,8.06
CGHS_MED_03268,Dopamine 200mg/5ml Injection (Single Unit Pack),Medicines & Consumables,80.88,8.13
CGHS_MED_03269,Dopamine 200mg/5ml Injection (Box of 10 Units),Medicines & Consumables,81.3,6.77
CGHS_MED_03270,Ciprofloxacin 500mg Tablet (Strip of 10 Tablets),Medicines & Consumables,60.05,5.35
CGHS_MED_03271,Ciprofloxacin 500mg Tablet (Strip of 15 Tablets),Medicines & Consumables,63.91,5.81
CGHS_MED_03272,Ciprofloxacin 500mg Tablet (Single Ampoule 2ml),Medicines & Consumables,73.26,7.79
CGHS_MED_03273,Ciprofloxacin 500mg Tablet (Single Vial 10ml),Medicines & Consumables,73.76,7.71
CGHS_MED_03274,Ciprofloxacin 500mg Tablet (Bottle 100ml),Medicines & Consumables,68.22,7.15
CGHS_MED_03275,Ciprofloxacin 500mg Tablet (Single Unit Pack),Medicines & Consumables,59.24,5.86
CGHS_MED_03276,Ciprofloxacin 500mg Tablet (Box of 10 Units),Medicines & Consumables,68.57,5.99
CGHS_MED_03277,Levofloxacin 500mg Tablet (Strip of 10 Tablets),Medicines & Consumables,89.88,8.54
CGHS_MED_03278,Levofloxacin 500mg Tablet (Strip of 15 Tablets),Medicines & Consumables,102.78,9.21
CGHS_MED_03279,Levofloxacin 500mg Tablet (Single Ampoule 2ml),Medicines & Consumables,94.06,8.14
CGHS_MED_03280,Levofloxacin 500mg Tablet (Single Vial 10ml),Medicines & Consumables,92.33,10.55
CGHS_MED_03281,Levofloxacin 500mg Tablet (Bottle 100ml),Medicines & Consumables,100.75,7.67
CGHS_MED_03282,Levofloxacin 500mg Tablet (Single Unit Pack),Medicines & Consumables,88.14,9.11
CGHS_MED_03283,Levofloxacin 500mg Tablet (Box of 10 Units),Medicines & Consumables,84.19,7.62
CGHS_MED_03284,Clarithromycin 500mg Tablet (Strip of 10 Tablets),Medicines & Consumables,236.87,21.28
CGHS_MED_03285,Clarithromycin 500mg Tablet (Strip of 15 Tablets),Medicines & Consumables,290.66,28.35
CGHS_MED_03286,Clarithromycin 500mg Tablet (Single Ampoule 2ml),Medicines & Consumables,282.61,29.26
CGHS_MED_03287,Clarithromycin 500mg Tablet (Single Vial 10ml),Medicines & Consumables,252.39,28.77
CGHS_MED_03288,Clarithromycin 500mg Tablet (Bottle 100ml),Medicines & Consumables,273.84,27.62
CGHS_MED_03289,Clarithromycin 500mg Tablet (Single Unit Pack),Medicines & Consumables,251.14,23.13
CGHS_MED_03290,Clarithromycin 500mg Tablet (Box of 10 Units),Medicines & Consumables,292.02,23.16
CGHS_MED_03291,Metronidazole 400mg Tablet (Strip of 10 Tablets),Medicines & Consumables,22.97,2.21
CGHS_MED_03292,Metronidazole 400mg Tablet (Strip of 15 Tablets),Medicines & Consumables,18.76,2.28
CGHS_MED_03293,Metronidazole 400mg Tablet (Single Ampoule 2ml),Medicines & Consumables,21.29,2.24
CGHS_MED_03294,Metronidazole 400mg Tablet (Single Vial 10ml),Medicines & Consumables,18.27,1.72
CGHS_MED_03295,Metronidazole 400mg Tablet (Bottle 100ml),Medicines & Consumables,19.15,1.63
CGHS_MED_03296,Metronidazole 400mg Tablet (Single Unit Pack),Medicines & Consumables,19.3,2.16
CGHS_MED_03297,Metronidazole 400mg Tablet (Box of 10 Units),Medicines & Consumables,20.18,2.4
CGHS_MED_03298,Metronidazole 100ml IV Infusion (Strip of 10 Tablets),Medicines & Consumables,45.27,3.27
CGHS_MED_03299,Metronidazole 100ml IV Infusion (Strip of 15 Tablets),Medicines & Consumables,39.57,4.33
CGHS_MED_03300,Metronidazole 100ml IV Infusion (Single Ampoule 2ml),Medicines & Consumables,40.85,3.99
CGHS_MED_03301,Metronidazole 100ml IV Infusion (Single Vial 10ml),Medicines & Consumables,44.46,4.59
CGHS_MED_03302,Metronidazole 100ml IV Infusion (Bottle 100ml),Medicines & Consumables,37.24,3.35
CGHS_MED_03303,Metronidazole 100ml IV Infusion (Single Unit Pack),Medicines & Consumables,44.68,3.49
CGHS_MED_03304,Metronidazole 100ml IV Infusion (Box of 10 Units),Medicines & Consumables,37.68,4.01
CGHS_MED_03305,IV Normal Saline (NS 0.9%) 500ml (Strip of 10 Tablets),Medicines & Consumables,43.57,5.2
CGHS_MED_03306,IV Normal Saline (NS 0.9%) 500ml (Strip of 15 Tablets),Medicines & Consumables,47.09,4.65
CGHS_MED_03307,IV Normal Saline (NS 0.9%) 500ml (Single Ampoule 2ml),Medicines & Consumables,51.43,4.55
CGHS_MED_03308,IV Normal Saline (NS 0.9%) 500ml (Single Vial 10ml),Medicines & Consumables,46.92,4.35
CGHS_MED_03309,IV Normal Saline (NS 0.9%) 500ml (Bottle 100ml),Medicines & Consumables,41.36,4.98
CGHS_MED_03310,IV Normal Saline (NS 0.9%) 500ml (Single Unit Pack),Medicines & Consumables,48.12,5.2
CGHS_MED_03311,IV Normal Saline (NS 0.9%) 500ml (Box of 10 Units),Medicines & Consumables,40.79,4.83
CGHS_MED_03312,IV Ringer Lactate (RL) 500ml (Strip of 10 Tablets),Medicines & Consumables,53.51,4.79
CGHS_MED_03313,IV Ringer Lactate (RL) 500ml (Strip of 15 Tablets),Medicines & Consumables,52.38,5.9
CGHS_MED_03314,IV Ringer Lactate (RL) 500ml (Single Ampoule 2ml),Medicines & Consumables,55.46,4.31
CGHS_MED_03315,IV Ringer Lactate (RL) 500ml (Single Vial 10ml),Medicines & Consumables,46.01,5.66
CGHS_MED_03316,IV Ringer Lactate (RL) 500ml (Bottle 100ml),Medicines & Consumables,53.24,4.91
CGHS_MED_03317,IV Ringer Lactate (RL) 500ml (Single Unit Pack),Medicines & Consumables,56.94,5.19
CGHS_MED_03318,IV Ringer Lactate (RL) 500ml (Box of 10 Units),Medicines & Consumables,45.07,5.94
CGHS_MED_03319,IV Dextrose 5% 500ml (Strip of 10 Tablets),Medicines & Consumables,47.88,5.31
CGHS_MED_03320,IV Dextrose 5% 500ml (Strip of 15 Tablets),Medicines & Consumables,44.16,4.92
CGHS_MED_03321,IV Dextrose 5% 500ml (Single Ampoule 2ml),Medicines & Consumables,48.76,5.32
CGHS_MED_03322,IV Dextrose 5% 500ml (Single Vial 10ml),Medicines & Consumables,46.9,3.98
CGHS_MED_03323,IV Dextrose 5% 500ml (Bottle 100ml),Medicines & Consumables,41.05,4.76
CGHS_MED_03324,IV Dextrose 5% 500ml (Single Unit Pack),Medicines & Consumables,44.14,3.7
CGHS_MED_03325,IV Dextrose 5% 500ml (Box of 10 Units),Medicines & Consumables,41.3,5.31
CGHS_MED_03326,IV Dextrose Normal Saline (DNS) 500ml (Strip of 10 Tablets),Medicines & Consumables,47.78,4.61
CGHS_MED_03327,IV Dextrose Normal Saline (DNS) 500ml (Strip of 15 Tablets),Medicines & Consumables,45.34,5.69
CGHS_MED_03328,IV Dextrose Normal Saline (DNS) 500ml (Single Ampoule 2ml),Medicines & Consumables,53.59,4.01
CGHS_MED_03329,IV Dextrose Normal Saline (DNS) 500ml (Single Vial 10ml),Medicines & Consumables,53.43,4.15
CGHS_MED_03330,IV Dextrose Normal Saline (DNS) 500ml (Bottle 100ml),Medicines & Consumables,52.55,4.39
CGHS_MED_03331,IV Dextrose Normal Saline (DNS) 500ml (Single Unit Pack),Medicines & Consumables,52.23,5.1
CGHS_MED_03332,IV Dextrose Normal Saline (DNS) 500ml (Box of 10 Units),Medicines & Consumables,44.65,4.78
CGHS_MED_03333,Disposable Syringe 2ml with Needle (Strip of 10 Tablets),Medicines & Consumables,8.06,0.9
CGHS_MED_03334,Disposable Syringe 2ml with Needle (Strip of 15 Tablets),Medicines & Consumables,7.82,0.86
CGHS_MED_03335,Disposable Syringe 2ml with Needle (Single Ampoule 2ml),Medicines & Consumables,7.46,0.85
CGHS_MED_03336,Disposable Syringe 2ml with Needle (Single Vial 10ml),Medicines & Consumables,8.86,0.8
CGHS_MED_03337,Disposable Syringe 2ml with Needle (Bottle 100ml),Medicines & Consumables,8.18,0.92
CGHS_MED_03338,Disposable Syringe 2ml with Needle (Single Unit Pack),Medicines & Consumables,8.15,0.82
CGHS_MED_03339,Disposable Syringe 2ml with Needle (Box of 10 Units),Medicines & Consumables,8.05,0.88
CGHS_MED_03340,Disposable Syringe 5ml with Needle (Strip of 10 Tablets),Medicines & Consumables,11.03,1.05
CGHS_MED_03341,Disposable Syringe 5ml with Needle (Strip of 15 Tablets),Medicines & Consumables,10.09,0.97
CGHS_MED_03342,Disposable Syringe 5ml with Needle (Single Ampoule 2ml),Medicines & Consumables,9.1,0.94
CGHS_MED_03343,Disposable Syringe 5ml with Needle (Single Vial 10ml),Medicines & Consumables,10.16,0.89
CGHS_MED_03344,Disposable Syringe 5ml with Needle (Bottle 100ml),Medicines & Consumables,10.72,0.86
CGHS_MED_03345,Disposable Syringe 5ml with Needle (Single Unit Pack),Medicines & Consumables,10.24,1.05
CGHS_MED_03346,Disposable Syringe 5ml with Needle (Box of 10 Units),Medicines & Consumables,10.31,0.92
CGHS_MED_03347,Disposable Syringe 10ml with Needle (Strip of 10 Tablets),Medicines & Consumables,14.13,1.63
CGHS_MED_03348,Disposable Syringe 10ml with Needle (Strip of 15 Tablets),Medicines & Consumables,14.27,1.2
CGHS_MED_03349,Disposable Syringe 10ml with Needle (Single Ampoule 2ml),Medicines & Consumables,13.05,1.63
CGHS_MED_03350,Disposable Syringe 10ml with Needle (Single Vial 10ml),Medicines & Consumables,15.55,1.41
CGHS_MED_03351,Disposable Syringe 10ml with Needle (Bottle 100ml),Medicines & Consumables,13.63,1.15
CGHS_MED_03352,Disposable Syringe 10ml with Needle (Single Unit Pack),Medicines & Consumables,12.87,1.15
CGHS_MED_03353,Disposable Syringe 10ml with Needle (Box of 10 Units),Medicines & Consumables,12.98,1.36
CGHS_MED_03354,Disposable Syringe 50ml Luer Lock (Strip of 10 Tablets),Medicines & Consumables,41.56,4.79
CGHS_MED_03355,Disposable Syringe 50ml Luer Lock (Strip of 15 Tablets),Medicines & Consumables,46.9,4.06
CGHS_MED_03356,Disposable Syringe 50ml Luer Lock (Single Ampoule 2ml),Medicines & Consumables,43.37,3.75
CGHS_MED_03357,Disposable Syringe 50ml Luer Lock (Single Vial 10ml),Medicines & Consumables,46.16,3.81
CGHS_MED_03358,Disposable Syringe 50ml Luer Lock (Bottle 100ml),Medicines & Consumables,47.94,3.92
CGHS_MED_03359,Disposable Syringe 50ml Luer Lock (Single Unit Pack),Medicines & Consumables,42.55,4.31
CGHS_MED_03360,Disposable Syringe 50ml Luer Lock (Box of 10 Units),Medicines & Consumables,41.44,5.18
CGHS_MED_03361,IV Cannula 20G Pink (Strip of 10 Tablets),Medicines & Consumables,38.98,4.14
CGHS_MED_03362,IV Cannula 20G Pink (Strip of 15 Tablets),Medicines & Consumables,40.55,4.27
CGHS_MED_03363,IV Cannula 20G Pink (Single Ampoule 2ml),Medicines & Consumables,42.24,3.62
CGHS_MED_03364,IV Cannula 20G Pink (Single Vial 10ml),Medicines & Consumables,45.67,4.59
CGHS_MED_03365,IV Cannula 20G Pink (Bottle 100ml),Medicines & Consumables,37.87,3.5
CGHS_MED_03366,IV Cannula 20G Pink (Single Unit Pack),Medicines & Consumables,43.47,4.17
CGHS_MED_03367,IV Cannula 20G Pink (Box of 10 Units),Medicines & Consumables,44.72,3.37
CGHS_MED_03368,IV Cannula 18G Green (Strip of 10 Tablets),Medicines & Consumables,41.34,3.21
CGHS_MED_03369,IV Cannula 18G Green (Strip of 15 Tablets),Medicines & Consumables,37.17,3.47
CGHS_MED_03370,IV Cannula 18G Green (Single Ampoule 2ml),Medicines & Consumables,40.77,4.31
CGHS_MED_03371,IV Cannula 18G Green (Single Vial 10ml),Medicines & Consumables,44.69,4.75
CGHS_MED_03372,IV Cannula 18G Green (Bottle 100ml),Medicines & Consumables,42.02,3.98
CGHS_MED_03373,IV Cannula 18G Green (Single Unit Pack),Medicines & Consumables,42.18,4.76
CGHS_MED_03374,IV Cannula 18G Green (Box of 10 Units),Medicines & Consumables,39.61,4.28
CGHS_MED_03375,IV Cannula 22G Blue (Strip of 10 Tablets),Medicines & Consumables,42.9,3.83
CGHS_MED_03376,IV Cannula 22G Blue (Strip of 15 Tablets),Medicines & Consumables,39.03,3.4
CGHS_MED_03377,IV Cannula 22G Blue (Single Ampoule 2ml),Medicines & Consumables,36.14,3.38
CGHS_MED_03378,IV Cannula 22G Blue (Single Vial 10ml),Medicines & Consumables,36.16,4.75
CGHS_MED_03379,IV Cannula 22G Blue (Bottle 100ml),Medicines & Consumables,44.59,3.53
CGHS_MED_03380,IV Cannula 22G Blue (Single Unit Pack),Medicines & Consumables,42.49,4.24
CGHS_MED_03381,IV Cannula 22G Blue (Box of 10 Units),Medicines & Consumables,40.36,4.2
CGHS_MED_03382,Surgical Gloves Sterile Pair (Strip of 10 Tablets),Medicines & Consumables,38.41,3.07
CGHS_MED_03383,Surgical Gloves Sterile Pair (Strip of 15 Tablets),Medicines & Consumables,34.13,3.45
CGHS_MED_03384,Surgical Gloves Sterile Pair (Single Ampoule 2ml),Medicines & Consumables,35.65,2.83
CGHS_MED_03385,Surgical Gloves Sterile Pair (Single Vial 10ml),Medicines & Consumables,32.95,3.01
CGHS_MED_03386,Surgical Gloves Sterile Pair (Bottle 100ml),Medicines & Consumables,37.65,4.15
CGHS_MED_03387,Surgical Gloves Sterile Pair (Single Unit Pack),Medicines & Consumables,35.63,4.0
CGHS_MED_03388,Surgical Gloves Sterile Pair (Box of 10 Units),Medicines & Consumables,36.62,3.08
CGHS_MED_03389,N95 Respirator Mask (Strip of 10 Tablets),Medicines & Consumables,62.54,6.8
CGHS_MED_03390,N95 Respirator Mask (Strip of 15 Tablets),Medicines & Consumables,54.76,4.82
CGHS_MED_03391,N95 Respirator Mask (Single Ampoule 2ml),Medicines & Consumables,63.46,6.51
CGHS_MED_03392,N95 Respirator Mask (Single Vial 10ml),Medicines & Consumables,68.69,6.84
CGHS_MED_03393,N95 Respirator Mask (Bottle 100ml),Medicines & Consumables,65.06,6.23
CGHS_MED_03394,N95 Respirator Mask (Single Unit Pack),Medicines & Consumables,62.31,5.5
CGHS_MED_03395,N95 Respirator Mask (Box of 10 Units),Medicines & Consumables,61.31,5.97
CGHS_MED_03396,Surgical 3-Ply Face Mask (Strip of 10 Tablets),Medicines & Consumables,10.48,1.04
CGHS_MED_03397,Surgical 3-Ply Face Mask (Strip of 15 Tablets),Medicines & Consumables,10.7,1.13
CGHS_MED_03398,Surgical 3-Ply Face Mask (Single Ampoule 2ml),Medicines & Consumables,10.22,1.09
CGHS_MED_03399,Surgical 3-Ply Face Mask (Single Vial 10ml),Medicines & Consumables,10.32,0.97
CGHS_MED_03400,Surgical 3-Ply Face Mask (Bottle 100ml),Medicines & Consumables,9.79,0.83
CGHS_MED_03401,Surgical 3-Ply Face Mask (Single Unit Pack),Medicines & Consumables,11.23,0.97
CGHS_MED_03402,Surgical 3-Ply Face Mask (Box of 10 Units),Medicines & Consumables,10.18,1.0
CGHS_MED_03403,IV Infusion Set Vented (Strip of 10 Tablets),Medicines & Consumables,34.04,2.82
CGHS_MED_03404,IV Infusion Set Vented (Strip of 15 Tablets),Medicines & Consumables,32.23,2.42
CGHS_MED_03405,IV Infusion Set Vented (Single Ampoule 2ml),Medicines & Consumables,29.16,2.63
CGHS_MED_03406,IV Infusion Set Vented (Single Vial 10ml),Medicines & Consumables,29.58,2.68
CGHS_MED_03407,IV Infusion Set Vented (Bottle 100ml),Medicines & Consumables,28.65,3.49
CGHS_MED_03408,IV Infusion Set Vented (Single Unit Pack),Medicines & Consumables,29.54,3.12
CGHS_MED_03409,IV Infusion Set Vented (Box of 10 Units),Medicines & Consumables,33.32,3.19
CGHS_MED_03410,Microdrip IV Infusion Set (Strip of 10 Tablets),Medicines & Consumables,51.3,5.05
CGHS_MED_03411,Microdrip IV Infusion Set (Strip of 15 Tablets),Medicines & Consumables,59.28,6.51
CGHS_MED_03412,Microdrip IV Infusion Set (Single Ampoule 2ml),Medicines & Consumables,60.95,5.88
CGHS_MED_03413,Microdrip IV Infusion Set (Single Vial 10ml),Medicines & Consumables,59.6,6.15
CGHS_MED_03414,Microdrip IV Infusion Set (Bottle 100ml),Medicines & Consumables,60.5,6.26
CGHS_MED_03415,Microdrip IV Infusion Set (Single Unit Pack),Medicines & Consumables,58.05,5.02
CGHS_MED_03416,Microdrip IV Infusion Set (Box of 10 Units),Medicines & Consumables,59.8,5.87
CGHS_MED_03417,Urine Collecting Bag 2000ml (Strip of 10 Tablets),Medicines & Consumables,60.6,5.72
CGHS_MED_03418,Urine Collecting Bag 2000ml (Strip of 15 Tablets),Medicines & Consumables,68.34,5.46
CGHS_MED_03419,Urine Collecting Bag 2000ml (Single Ampoule 2ml),Medicines & Consumables,65.26,7.78
CGHS_MED_03420,Urine Collecting Bag 2000ml (Single Vial 10ml),Medicines & Consumables,63.43,5.74
CGHS_MED_03421,Urine Collecting Bag 2000ml (Bottle 100ml),Medicines & Consumables,59.26,5.25
CGHS_MED_03422,Urine Collecting Bag 2000ml (Single Unit Pack),Medicines & Consumables,72.81,6.13
CGHS_MED_03423,Urine Collecting Bag 2000ml (Box of 10 Units),Medicines & Consumables,61.08,7.35
CGHS_MED_03424,Foley Catheter 2-Way 16 Fr (Strip of 10 Tablets),Medicines & Consumables,134.83,9.75
CGHS_MED_03425,Foley Catheter 2-Way 16 Fr (Strip of 15 Tablets),Medicines & Consumables,109.91,11.67
CGHS_MED_03426,Foley Catheter 2-Way 16 Fr (Single Ampoule 2ml),Medicines & Consumables,126.53,10.18
CGHS_MED_03427,Foley Catheter 2-Way 16 Fr (Single Vial 10ml),Medicines & Consumables,114.72,10.84
CGHS_MED_03428,Foley Catheter 2-Way 16 Fr (Bottle 100ml),Medicines & Consumables,118.21,11.31
CGHS_MED_03429,Foley Catheter 2-Way 16 Fr (Single Unit Pack),Medicines & Consumables,109.4,13.81
CGHS_MED_03430,Foley Catheter 2-Way 16 Fr (Box of 10 Units),Medicines & Consumables,116.02,10.33
CGHS_MED_03431,Ryle's Nasogastric Tube 14 Fr (Strip of 10 Tablets),Medicines & Consumables,80.44,7.55
CGHS_MED_03432,Ryle's Nasogastric Tube 14 Fr (Strip of 15 Tablets),Medicines & Consumables,80.05,8.12
CGHS_MED_03433,Ryle's Nasogastric Tube 14 Fr (Single Ampoule 2ml),Medicines & Consumables,84.87,7.31
CGHS_MED_03434,Ryle's Nasogastric Tube 14 Fr (Single Vial 10ml),Medicines & Consumables,76.07,8.52
CGHS_MED_03435,Ryle's Nasogastric Tube 14 Fr (Bottle 100ml),Medicines & Consumables,69.58,6.32
CGHS_MED_03436,Ryle's Nasogastric Tube 14 Fr (Single Unit Pack),Medicines & Consumables,78.95,8.35
CGHS_MED_03437,Ryle's Nasogastric Tube 14 Fr (Box of 10 Units),Medicines & Consumables,85.26,8.47
CGHS_MED_03438,Suction Catheter 12 Fr (Strip of 10 Tablets),Medicines & Consumables,31.87,2.95
CGHS_MED_03439,Suction Catheter 12 Fr (Strip of 15 Tablets),Medicines & Consumables,37.01,4.02
CGHS_MED_03440,Suction Catheter 12 Fr (Single Ampoule 2ml),Medicines & Consumables,39.47,3.02
CGHS_MED_03441,Suction Catheter 12 Fr (Single Vial 10ml),Medicines & Consumables,34.06,3.42
CGHS_MED_03442,Suction Catheter 12 Fr (Bottle 100ml),Medicines & Consumables,35.93,3.83
CGHS_MED_03443,Suction Catheter 12 Fr (Single Unit Pack),Medicines & Consumables,32.37,3.71
CGHS_MED_03444,Suction Catheter 12 Fr (Box of 10 Units),Medicines & Consumables,34.43,2.99
CGHS_MED_03445,Endotracheal Tube Cuffed 7.5mm (Strip of 10 Tablets),Medicines & Consumables,177.94,15.61
CGHS_MED_03446,Endotracheal Tube Cuffed 7.5mm (Strip of 15 Tablets),Medicines & Consumables,160.63,17.72
CGHS_MED_03447,Endotracheal Tube Cuffed 7.5mm (Single Ampoule 2ml),Medicines & Consumables,153.81,17.98
CGHS_MED_03448,Endotracheal Tube Cuffed 7.5mm (Single Vial 10ml),Medicines & Consumables,157.65,16.03
CGHS_MED_03449,Endotracheal Tube Cuffed 7.5mm (Bottle 100ml),Medicines & Consumables,147.41,15.18
CGHS_MED_03450,Endotracheal Tube Cuffed 7.5mm (Single Unit Pack),Medicines & Consumables,174.19,15.11
CGHS_MED_03451,Endotracheal Tube Cuffed 7.5mm (Box of 10 Units),Medicines & Consumables,170.6,13.77
CGHS_MED_03452,Oxygen Mask with Tubing Adult (Strip of 10 Tablets),Medicines & Consumables,97.95,8.72
CGHS_MED_03453,Oxygen Mask with Tubing Adult (Strip of 15 Tablets),Medicines & Consumables,86.13,10.09
CGHS_MED_03454,Oxygen Mask with Tubing Adult (Single Ampoule 2ml),Medicines & Consumables,90.3,8.67
CGHS_MED_03455,Oxygen Mask with Tubing Adult (Single Vial 10ml),Medicines & Consumables,91.32,10.27
CGHS_MED_03456,Oxygen Mask with Tubing Adult (Bottle 100ml),Medicines & Consumables,98.88,8.5
CGHS_MED_03457,Oxygen Mask with Tubing Adult (Single Unit Pack),Medicines & Consumables,81.67,7.72
CGHS_MED_03458,Oxygen Mask with Tubing Adult (Box of 10 Units),Medicines & Consumables,81.22,10.1
CGHS_MED_03459,Venturi Mask with Kit (Strip of 10 Tablets),Medicines & Consumables,204.46,15.01
CGHS_MED_03460,Venturi Mask with Kit (Strip of 15 Tablets),Medicines & Consumables,176.17,21.47
CGHS_MED_03461,Venturi Mask with Kit (Single Ampoule 2ml),Medicines & Consumables,169.39,14.84
CGHS_MED_03462,Venturi Mask with Kit (Single Vial 10ml),Medicines & Consumables,196.16,19.15
CGHS_MED_03463,Venturi Mask with Kit (Bottle 100ml),Medicines & Consumables,190.87,20.9
CGHS_MED_03464,Venturi Mask with Kit (Single Unit Pack),Medicines & Consumables,164.6,18.95
CGHS_MED_03465,Venturi Mask with Kit (Box of 10 Units),Medicines & Consumables,194.1,19.15
CGHS_MED_03466,Nebulizer Mask Adult (Strip of 10 Tablets),Medicines & Consumables,113.29,10.1
CGHS_MED_03467,Nebulizer Mask Adult (Strip of 15 Tablets),Medicines & Consumables,110.06,11.8
CGHS_MED_03468,Nebulizer Mask Adult (Single Ampoule 2ml),Medicines & Consumables,114.22,10.14
CGHS_MED_03469,Nebulizer Mask Adult (Single Vial 10ml),Medicines & Consumables,119.42,12.8
CGHS_MED_03470,Nebulizer Mask Adult (Bottle 100ml),Medicines & Consumables,99.22,10.03
CGHS_MED_03471,Nebulizer Mask Adult (Single Unit Pack),Medicines & Consumables,113.51,12.85
CGHS_MED_03472,Nebulizer Mask Adult (Box of 10 Units),Medicines & Consumables,118.26,10.76
CGHS_MED_03473,Surgical Bandage Roll 4 inch (Strip of 10 Tablets),Medicines & Consumables,23.78,2.54
CGHS_MED_03474,Surgical Bandage Roll 4 inch (Strip of 15 Tablets),Medicines & Consumables,27.43,2.65
CGHS_MED_03475,Surgical Bandage Roll 4 inch (Single Ampoule 2ml),Medicines & Consumables,26.86,2.89
CGHS_MED_03476,Surgical Bandage Roll 4 inch (Single Vial 10ml),Medicines & Consumables,27.38,2.4
CGHS_MED_03477,Surgical Bandage Roll 4 inch (Bottle 100ml),Medicines & Consumables,23.73,2.3
CGHS_MED_03478,Surgical Bandage Roll 4 inch (Single Unit Pack),Medicines & Consumables,22.73,2.33
CGHS_MED_03479,Surgical Bandage Roll 4 inch (Box of 10 Units),Medicines & Consumables,27.03,2.74
CGHS_MED_03480,Surgical Bandage Roll 6 inch (Strip of 10 Tablets),Medicines & Consumables,32.6,4.19
CGHS_MED_03481,Surgical Bandage Roll 6 inch (Strip of 15 Tablets),Medicines & Consumables,33.98,2.93
CGHS_MED_03482,Surgical Bandage Roll 6 inch (Single Ampoule 2ml),Medicines & Consumables,36.33,3.53
CGHS_MED_03483,Surgical Bandage Roll 6 inch (Single Vial 10ml),Medicines & Consumables,38.12,3.02
CGHS_MED_03484,Surgical Bandage Roll 6 inch (Bottle 100ml),Medicines & Consumables,31.74,3.92
CGHS_MED_03485,Surgical Bandage Roll 6 inch (Single Unit Pack),Medicines & Consumables,36.68,3.14
CGHS_MED_03486,Surgical Bandage Roll 6 inch (Box of 10 Units),Medicines & Consumables,38.27,3.82
CGHS_MED_03487,Sterile Gauze Pad 10x10 cm Pack (Strip of 10 Tablets),Medicines & Consumables,34.4,2.53
CGHS_MED_03488,Sterile Gauze Pad 10x10 cm Pack (Strip of 15 Tablets),Medicines & Consumables,27.45,2.85
CGHS_MED_03489,Sterile Gauze Pad 10x10 cm Pack (Single Ampoule 2ml),Medicines & Consumables,31.7,2.83
CGHS_MED_03490,Sterile Gauze Pad 10x10 cm Pack (Single Vial 10ml),Medicines & Consumables,27.36,3.18
CGHS_MED_03491,Sterile Gauze Pad 10x10 cm Pack (Bottle 100ml),Medicines & Consumables,27.94,2.76
CGHS_MED_03492,Sterile Gauze Pad 10x10 cm Pack (Single Unit Pack),Medicines & Consumables,32.53,2.94
CGHS_MED_03493,Sterile Gauze Pad 10x10 cm Pack (Box of 10 Units),Medicines & Consumables,34.37,3.37
CGHS_MED_03494,Surgical Cotton Wool 500g (Strip of 10 Tablets),Medicines & Consumables,160.62,14.37
CGHS_MED_03495,Surgical Cotton Wool 500g (Strip of 15 Tablets),Medicines & Consumables,157.3,14.72
CGHS_MED_03496,Surgical Cotton Wool 500g (Single Ampoule 2ml),Medicines & Consumables,144.67,14.54
CGHS_MED_03497,Surgical Cotton Wool 500g (Single Vial 10ml),Medicines & Consumables,138.26,12.79
CGHS_MED_03498,Surgical Cotton Wool 500g (Bottle 100ml),Medicines & Consumables,153.47,15.2
CGHS_MED_03499,Surgical Cotton Wool 500g (Single Unit Pack),Medicines & Consumables,149.54,15.2
CGHS_MED_03500,Surgical Cotton Wool 500g (Box of 10 Units),Medicines & Consumables,144.19,12.59
CGHS_MED_03501,Surgical Blade No. 11 (Strip of 10 Tablets),Medicines & Consumables,11.78,1.24
CGHS_MED_03502,Surgical Blade No. 11 (Strip of 15 Tablets),Medicines & Consumables,13.27,1.13
CGHS_MED_03503,Surgical Blade No. 11 (Single Ampoule 2ml),Medicines & Consumables,11.09,1.3
CGHS_MED_03504,Surgical Blade No. 11 (Single Vial 10ml),Medicines & Consumables,13.29,1.0
CGHS_MED_03505,Surgical Blade No. 11 (Bottle 100ml),Medicines & Consumables,10.99,1.39
CGHS_MED_03506,Surgical Blade No. 11 (Single Unit Pack),Medicines & Consumables,12.23,1.17
CGHS_MED_03507,Surgical Blade No. 11 (Box of 10 Units),Medicines & Consumables,11.91,1.21
CGHS_MED_03508,Alcohol Swab Prep Pad Box (Strip of 10 Tablets),Medicines & Consumables,83.76,8.06
CGHS_MED_03509,Alcohol Swab Prep Pad Box (Strip of 15 Tablets),Medicines & Consumables,79.9,7.24
CGHS_MED_03510,Alcohol Swab Prep Pad Box (Single Ampoule 2ml),Medicines & Consumables,81.98,7.75
CGHS_MED_03511,Alcohol Swab Prep Pad Box (Single Vial 10ml),Medicines & Consumables,80.8,9.38
CGHS_MED_03512,Alcohol Swab Prep Pad Box (Bottle 100ml),Medicines & Consumables,81.79,9.51
CGHS_MED_03513,Alcohol Swab Prep Pad Box (Single Unit Pack),Medicines & Consumables,88.48,6.86
CGHS_MED_03514,Alcohol Swab Prep Pad Box (Box of 10 Units),Medicines & Consumables,74.54,8.68
CGHS_MED_03515,Tegaderm Transparent Dressing 10x12 cm (Strip of 10 Tablets),Medicines & Consumables,88.57,10.28
CGHS_MED_03516,Tegaderm Transparent Dressing 10x12 cm (Strip of 15 Tablets),Medicines & Consumables,106.0,8.05
CGHS_MED_03517,Tegaderm Transparent Dressing 10x12 cm (Single Ampoule 2ml),Medicines & Consumables,90.55,9.4
CGHS_MED_03518,Tegaderm Transparent Dressing 10x12 cm (Single Vial 10ml),Medicines & Consumables,103.23,11.19
CGHS_MED_03519,Tegaderm Transparent Dressing 10x12 cm (Bottle 100ml),Medicines & Consumables,94.27,11.22
CGHS_MED_03520,Tegaderm Transparent Dressing 10x12 cm (Single Unit Pack),Medicines & Consumables,99.79,9.15
CGHS_MED_03521,Tegaderm Transparent Dressing 10x12 cm (Box of 10 Units),Medicines & Consumables,88.37,9.77
CGHS_MED_03522,Micropore Tape 1 inch Roll (Strip of 10 Tablets),Medicines & Consumables,40.95,3.88
CGHS_MED_03523,Micropore Tape 1 inch Roll (Strip of 15 Tablets),Medicines & Consumables,44.68,5.38
CGHS_MED_03524,Micropore Tape 1 inch Roll (Single Ampoule 2ml),Medicines & Consumables,43.91,4.47
CGHS_MED_03525,Micropore Tape 1 inch Roll (Single Vial 10ml),Medicines & Consumables,49.4,3.86
CGHS_MED_03526,Micropore Tape 1 inch Roll (Bottle 100ml),Medicines & Consumables,47.13,3.69
CGHS_MED_03527,Micropore Tape 1 inch Roll (Single Unit Pack),Medicines & Consumables,50.56,5.2
CGHS_MED_03528,Micropore Tape 1 inch Roll (Box of 10 Units),Medicines & Consumables,42.93,5.07
CGHS_MED_03529,Betadine Antiseptic Solution 500ml (Strip of 10 Tablets),Medicines & Consumables,224.88,16.98
CGHS_MED_03530,Betadine Antiseptic Solution 500ml (Strip of 15 Tablets),Medicines & Consumables,217.18,22.96
CGHS_MED_03531,Betadine Antiseptic Solution 500ml (Single Ampoule 2ml),Medicines & Consumables,220.97,20.58
CGHS_MED_03532,Betadine Antiseptic Solution 500ml (Single Vial 10ml),Medicines & Consumables,229.12,23.2
CGHS_MED_03533,Betadine Antiseptic Solution 500ml (Bottle 100ml),Medicines & Consumables,240.97,19.8
CGHS_MED_03534,Betadine Antiseptic Solution 500ml (Single Unit Pack),Medicines & Consumables,237.6,20.85
CGHS_MED_03535,Betadine Antiseptic Solution 500ml (Box of 10 Units),Medicines & Consumables,239.91,20.04
CGHS_MED_03536,Hand Sanitizer Gel 500ml (Strip of 10 Tablets),Medicines & Consumables,182.74,17.64
CGHS_MED_03537,Hand Sanitizer Gel 500ml (Strip of 15 Tablets),Medicines & Consumables,182.21,20.64
CGHS_MED_03538,Hand Sanitizer Gel 500ml (Single Ampoule 2ml),Medicines & Consumables,176.63,20.16
CGHS_MED_03539,Hand Sanitizer Gel 500ml (Single Vial 10ml),Medicines & Consumables,191.9,17.35
CGHS_MED_03540,Hand Sanitizer Gel 500ml (Bottle 100ml),Medicines & Consumables,172.48,17.25
CGHS_MED_03541,Hand Sanitizer Gel 500ml (Single Unit Pack),Medicines & Consumables,186.34,21.3
CGHS_MED_03542,Hand Sanitizer Gel 500ml (Box of 10 Units),Medicines & Consumables,202.05,19.7
CGHS_MED_03543,Disposable PPE Kit Complete (Strip of 10 Tablets),Medicines & Consumables,477.67,51.59
CGHS_MED_03544,Disposable PPE Kit Complete (Strip of 15 Tablets),Medicines & Consumables,484.56,46.3
CGHS_MED_03545,Disposable PPE Kit Complete (Single Ampoule 2ml),Medicines & Consumables,494.57,48.73
CGHS_MED_03546,Disposable PPE Kit Complete (Single Vial 10ml),Medicines & Consumables,468.12,38.23
CGHS_MED_03547,Disposable PPE Kit Complete (Bottle 100ml),Medicines & Consumables,467.93,39.46
CGHS_MED_03548,Disposable PPE Kit Complete (Single Unit Pack),Medicines & Consumables,474.6,46.38
CGHS_MED_03549,Disposable PPE Kit Complete (Box of 10 Units),Medicines & Consumables,410.95,46.26
CGHS_MED_03550,Disposable Bed Sheet Non-Woven (Strip of 10 Tablets),Medicines & Consumables,56.84,5.94
CGHS_MED_03551,Disposable Bed Sheet Non-Woven (Strip of 15 Tablets),Medicines & Consumables,67.45,5.09
CGHS_MED_03552,Disposable Bed Sheet Non-Woven (Single Ampoule 2ml),Medicines & Consumables,68.04,5.23
CGHS_MED_03553,Disposable Bed Sheet Non-Woven (Single Vial 10ml),Medicines & Consumables,54.28,6.69
CGHS_MED_03554,Disposable Bed Sheet Non-Woven (Bottle 100ml),Medicines & Consumables,57.68,6.49
CGHS_MED_03555,Disposable Bed Sheet Non-Woven (Single Unit Pack),Medicines & Consumables,67.31,5.87
CGHS_MED_03556,Disposable Bed Sheet Non-Woven (Box of 10 Units),Medicines & Consumables,66.1,6.26
CGHS_MED_03557,Adult Incontinence Diaper L (Strip of 10 Tablets),Medicines & Consumables,55.02,4.5
CGHS_MED_03558,Adult Incontinence Diaper L (Strip of 15 Tablets),Medicines & Consumables,61.35,4.45
CGHS_MED_03559,Adult Incontinence Diaper L (Single Ampoule 2ml),Medicines & Consumables,55.51,5.31
CGHS_MED_03560,Adult Incontinence Diaper L (Single Vial 10ml),Medicines & Consumables,61.32,5.1
CGHS_MED_03561,Adult Incontinence Diaper L (Bottle 100ml),Medicines & Consumables,53.04,4.65
CGHS_MED_03562,Adult Incontinence Diaper L (Single Unit Pack),Medicines & Consumables,50.87,4.77
CGHS_MED_03563,Adult Incontinence Diaper L (Box of 10 Units),Medicines & Consumables,51.48,4.96
CGHS_MED_03564,Central Venous Catheter Triple Lumen Kit (Strip of 10 Tablets),Medicines & Consumables,1660.33,166.09
CGHS_MED_03565,Central Venous Catheter Triple Lumen Kit (Strip of 15 Tablets),Medicines & Consumables,1803.27,156.18
CGHS_MED_03566,Central Venous Catheter Triple Lumen Kit (Single Ampoule 2ml),Medicines & Consumables,1896.51,167.42
CGHS_MED_03567,Central Venous Catheter Triple Lumen Kit (Single Vial 10ml),Medicines & Consumables,1632.23,148.21
CGHS_MED_03568,Central Venous Catheter Triple Lumen Kit (Bottle 100ml),Medicines & Consumables,1795.47,167.04
CGHS_MED_03569,Central Venous Catheter Triple Lumen Kit (Single Unit Pack),Medicines & Consumables,1805.77,167.34
CGHS_MED_03570,Central Venous Catheter Triple Lumen Kit (Box of 10 Units),Medicines & Consumables,1788.98,203.6
